{"T": 100, "min_window": 24, "significance": 0.05, "n_simulations": 100, "seed": 42, "critical_values": [0.028935238043688746, 0.011424013005248031, -0.1486415253214778, 0.15000818782092223, 0.06094370700940601, 0.028524557643934138, -0.10955596908983774, -0.007349526726373149, 0.0132359037140524, -0.05789997459930218, 0.0793935116122318, 0.3469565516776725, 0.12152036238772419, 0.20517562489818242, 0.0691667966241275, 0.05025597249473089, 0.2170029313099426, 0.1171377951610996, -0.03413608542986694, 0.06029682335343142, 0.06791565129862094, -0.047707869037876896, -0.13348588818731152, 0.02712413226512289, 0.07487019747827767, -0.12142248038408934, 0.1383476415922559, 0.1632921696040245, 0.16039338104031164, 0.13716089774370344, -0.05439166712945037, 0.1678129946394496, 0.2703800356795588, 0.21688355698713102, 0.19739994999662627, 0.4907440170719737, 0.390174828171415, 0.22460809122608977, 0.017879841767535102, 0.03411858611078579, 0.3528621737729897, 0.4138829247619364, 0.4878918982668078, 0.21919642278331417, 0.34534929118323204, 0.3246120101459319, 0.22210418429514606, 0.2183326219691023, 0.0979142704256738, 0.28667701842803783, 0.2653801711499491, 0.4795403626711208, 0.3871421957104205, 0.5361520979618136, 0.46582345354977706, 0.6409758465480124, 0.512290432011841, 0.3952660330148454, 0.5161629420182124, 0.5172417261745338, 0.37610295294633933, 0.5440811222413063, 0.3385487429418772, 0.42703955548198697, 0.2512094193578105, 0.3481077239784296, 0.2751865303189637, 0.24256193079872818, 0.5089002850060386, 0.38268531002663336, 0.44128629395076135, 0.3269900464390434, 0.5919740273710281, 0.5961915851783312, 0.43129543543402105, 0.6732928201509149, 0.7537721928694737]}