{"T": 101, "min_window": 24, "significance": 0.05, "n_simulations": 100, "seed": 42, "critical_values": [0.16634459778841026, 0.09461908552333305, 0.18592724876960165, 0.2762074668585725, 0.07530619098629215, 0.14206552406386747, 0.19832766355799605, 0.053626752188017976, -0.05883811971690049, 0.16393800848371334, 0.18427219730266822, 0.18691270296122886, 0.2721940661630199, 0.36918362776948066, 0.07999077459383327, 0.15830977640656418, 0.2379106037002263, 0.27153628416752823, 0.2095528254240172, 0.2979336265330666, 0.32760790661467987, 0.347820467416726, 0.6268697181019932, 0.3245346069090004, 0.40238042373024735, 0.17558303762824087, 0.2162101093869682, 0.06152413153080253, 0.25897684090497003, 0.050964493952758524, -0.014489415180874638, 0.036472040199019354, 0.10565451373256163, 0.2631830419467096, 0.23060384536562073, 0.4684861556636184, 0.5755285415741199, 0.1418733147038401, 0.3719832957925261, 0.4126112212695663, 0.40368837911252303, 0.6081999059625537, 0.48388879467110985, 0.41967600140130257, 0.3112991167609311, 0.2517936016935892, 0.22834246973814604, 0.3594253609812452, 0.6168582297364162, 0.5849404669957933, 0.6121616445216992, 0.40747220777388915, 0.48829576421651977, 0.7285371773318731, 0.46079341003241986, 0.49218585076850924, 0.40171354819317295, 0.38440522411274675, 0.17771712035316664, 0.2856837168482368, 0.4296066951264355, 0.3836257008555295, 0.7163084477176691, 0.5985049856663845, 0.284052711418593, 0.3191996504148757, 0.47990703235301596, 0.4559434734735971, 0.6069495738277805, 0.44241385704864933, 0.3225313529699966, 0.5353659524016771, 0.3520005467498601, 0.15629380513863092, 0.1166470093869442, 0.26790310458056427, 0.29114999260600366, 0.5350940886830451]}