{"T": 102, "min_window": 24, "significance": 0.05, "n_simulations": 100, "seed": 42, "critical_values": [0.08758445384994051, 0.18989363271600623, 0.17350594149562262, 0.35325580268678825, 0.6558911130239108, 0.5003819730995491, 0.7086682534188382, 0.478470723062231, 0.46583194407678075, 0.3219280301809845, 0.19032088480014367, 0.30217825345809796, 0.07937030999963686, 0.13805753260860265, 0.08033036749850331, 0.6352601854594825, 0.35657034861664705, 0.35858222443398874, 0.7990088010439578, 0.6551841118326206, 0.7300753309781337, 0.6260648696597547, 0.5532626136587422, 0.3204114486033975, 0.42288139143556314, 0.3076175554970371, 0.47747446263796167, 0.5499200131795993, 0.38666037573693096, 0.4739527374478111, 0.36166467757262055, 0.3894262272706917, 0.3855792989685351, 0.5246382166957453, 0.42977380465400244, 0.12942215233474968, 0.22694943505595339, 0.2752839729413249, 0.19725546183809306, 0.27819955764359283, 0.1445982542743496, 0.11642775631928198, 0.17990726782130212, 0.030893579654389672, 0.24183598324684955, 0.25201857609529016, 0.24590655319180596, 0.3321131962385011, 0.19480757397316653, 0.3949601008816623, 0.40678734344355333, 0.4352024100521351, 0.5250333376654236, 0.3050625339247962, 0.29461483402236605, 0.3565205124466739, 0.6397737404913673, 0.31390603426653235, 0.2608020924433022, 0.38222505747685287, 0.2298624772777641, 0.34718773439786876, 0.3289317481296192, 0.7121054828990513, 0.5209436742368907, 0.3068774580619279, 0.2093395941200906, 0.15364824722218964, 0.40733809196788634, 0.35798755178549335, 0.2706887882223174, 0.40501492233309205, 0.4043856496779534, 0.20902841832830654, 0.20820604937630316, 0.15451170871608497, 0.047120422750278584, 0.12467325805211875, 0.18614769829612016]}