{"T": 103, "min_window": 24, "significance": 0.05, "n_simulations": 100, "seed": 42, "critical_values": [-0.05400422743121828, 0.0018126058881994746, -0.16397905094462317, -0.06435094438287675, 0.07636553779268168, 0.014058550400952354, -0.11090366028922308, 0.1431994663306787, -0.023745657091742478, -0.09961367163216445, -0.022469269059501175, -0.2956457185799182, -0.13416591011350562, -0.2108332264663364, 0.03340766639918635, 0.08352027408905795, 0.0760577249699791, 0.04639561166787779, 0.17008754426601774, -0.18891344223454332, -0.03877636983517012, 0.1270270333305111, 0.13660401397639702, 0.33007153943608325, 0.29628420807102646, 0.22885653092001115, 0.14184738635779442, 0.12266683676599469, 0.14769925338189754, 0.30567392233586155, 0.20252154051679022, 0.18979010326849527, 0.34128897914436895, 0.4264534766721866, 0.17429561410800493, 0.13119160047411677, 0.4513912851054435, 0.5228468570670667, 0.32133045230615964, 0.49126310007257745, 0.36861513290396386, 0.356814872547396, 0.39840600764870093, 0.43108944385972947, 0.6178979715233263, 0.8423761289069288, 0.45515147965812447, 0.3271098112876768, 0.2505930354575592, 0.20348087989552213, 0.4240570022391487, 0.19913389882419577, 0.6543876243920325, 0.4403832979502083, 0.67661006427744, 0.34175265611289934, 0.36988471511427773, 0.5339671955346799, 0.5377939727987526, 0.7493101851086398, 0.6487320810158512, 0.5350429777883833, 0.7037928073838292, 0.5146300016920788, 0.9465471559953853, 0.8516095708918064, 0.8404097244985047, 0.5925091446027906, 0.7130743575853411, 0.6950916391936949, 0.6349414706397158, 0.7694917410051979, 0.676330599061004, 0.621970061590655, 0.6229149507596604, 0.5552824235162384, 0.659600701435524, 0.713383005767123, 0.6124110316914338, 0.5931864978467566]}