{"T": 104, "min_window": 30, "significance": 0.05, "n_simulations": 100, "seed": 42, "critical_values": [-0.16943106387010295, 0.16560139507066007, 0.05123632511032039, 0.03578832388048716, -0.208171969809404, 0.24337017753670667, 0.3604753695135829, 0.26570916742022377, 0.2833174493690618, 0.24999160795225733, 0.21810216733906587, 0.09389060584588425, 0.5659738718186483, 0.5607360149620608, 0.5625516535473098, 0.41493596993304255, 0.3400422406464009, 0.31888489866258846, 0.27464001742270916, 0.48600820935732003, 0.2650991013383293, 0.3015737059473682, 0.3947254050582781, 0.23146606667397968, 0.26636894874896877, 0.380297084355894, 0.23746358351638386, 0.3998473435441179, 0.6426484803758448, 0.515735276108543, 0.2919868291120985, 0.22151818392741057, 0.282630850945513, 0.21901017700377776, 0.5651319976950048, 0.4569962780039655, 0.3957063424437704, 0.35045735178484777, 0.4265707644999166, 0.5161660664569332, 0.44585199229968475, 0.2524848437754698, 0.18771960156846546, 0.1819223384013972, -0.0011883529207081087, 0.10636459166625443, 0.11213834687948115, 0.40087753826246775, 0.29869803014816193, 0.23817684529946773, 0.273855261005423, 0.3672460674085078, 0.4472296484259639, 0.4564434624867369, 0.25177677207538024, 0.3342168078159839, 0.0018033758576242748, 0.21988885933544802, 0.28397851143771174, 0.1842453632681437, 0.32711200036116195, 0.32802944947939383, 0.2853591536621113, 0.3379857306379194, 0.25941742191839007, 0.22351810094652685, 0.3557597862252715, 0.11713779516109962, 0.1514359129600464, 0.07567594598077589, 0.1830290937291683, 0.12303124137470307, 0.33454911465215825, 0.2084263941521665, 0.3560856914922818]}