{"T": 104, "min_window": 24, "significance": 0.05, "n_simulations": 100, "seed": 42, "critical_values": [-0.048261468284966275, -0.11798506018324534, -0.010081342400633637, 0.15000818782092223, 0.04975114684425393, 0.028675270636370983, 0.09628844749140496, 0.3204262050479544, 0.13555522977465997, 0.036886046870212394, -0.009768779783609214, 0.40370315957024483, 0.6000690143147501, 0.8051660376702765, 0.5903669694382058, 0.36694963043290635, 0.21810216733906587, 0.28642224866352606, 0.7147472280193561, 0.5644698002859078, 0.5625516535473098, 0.43547852169559575, 0.3739854716650099, 0.31888489866258846, 0.2875670929881712, 0.48600820935732003, 0.2650991013383293, 0.30960690368240623, 0.3947254050582781, 0.23146606667397968, 0.31822654086082186, 0.45082468205884385, 0.38328718574248244, 0.4148695367258825, 0.6565755395905141, 0.7463163200280919, 0.2919868291120985, 0.30202403409081835, 0.282630850945513, 0.24562488498334129, 0.5669360311079942, 0.4859144846862939, 0.4156053742615296, 0.37057390361204556, 0.4571543492371135, 0.5404794565373826, 0.44585199229968475, 0.2524848437754698, 0.18771960156846546, 0.1819223384013972, 0.00817879535084867, 0.20551903444021916, 0.21465163650151717, 0.40087753826246775, 0.33038602907017867, 0.23817684529946773, 0.37397410796086594, 0.37906321810333043, 0.46437873840366817, 0.4564434624867369, 0.25177677207538024, 0.3342168078159839, 0.34112697549172244, 0.3950721975824955, 0.45362550008709707, 0.4228886136252406, 0.32711200036116195, 0.3973669082236056, 0.2882178397428176, 0.35316820692675954, 0.25941742191839007, 0.22351810094652685, 0.3557597862252715, 0.11713779516109962, 0.15375334708977545, 0.14724451115176707, 0.30134889120248215, 0.21284236392031378, 0.33911137908735084, 0.2591415700105865, 0.38012828424197226]}