{"T": 105, "min_window": 24, "significance": 0.05, "n_simulations": 100, "seed": 42, "critical_values": [0.02718093627132455, -0.212734603546351, -0.13294878093646872, 0.0477980152906989, 0.014123158548717011, 0.2313820847797986, -0.012938353212297112, 0.005811760454036153, -0.11154352764486179, 0.042020602518816154, -0.208588745366118, -0.12716118819825362, 0.053965633392550866, 0.00478846157614676, 0.01628824321669854, 0.05774572652536562, 0.3088542134523016, -0.02468685511408249, -0.06199478356453281, -0.18165602108085413, -0.10991985264218503, -0.004693921690149128, -0.019237910807619087, 0.20657954141848486, 0.11807941518083882, 0.3416156395389234, 0.1863843167789868, 0.011348232417441772, 0.23048526786680276, 0.24358646183875182, 0.35920796884224565, 0.1662158621025988, 0.28158375908773303, 0.6618806531022594, 0.5010060996878912, 0.3148613006424012, 0.5575464194968135, 0.27593615188475423, 0.36471624528813695, 0.37515040485495277, 0.3017356345885363, 0.37997529901131244, 0.2765206352341824, 0.246548420254597, 0.37216240123748245, 0.49158431260673163, 0.39129367672578735, 0.3282232928802191, 0.08345395478818303, 0.19731211131165918, 0.32270132547154606, 0.6590039527805607, 0.4507682088821164, 0.62272429386547, 0.6306481272529886, 0.5486238055546806, 0.5020079318799301, 0.744787216688548, 0.44120652144871564, 0.631029659405296, 0.49056743643399964, 0.4256509001778673, 0.5162948667706897, 0.42988078041537103, 0.3995382805206517, 0.47788698351002523, 0.5072686838072921, 0.3804510968570395, 0.33616064429045517, 0.3996253400559609, 0.37453015345784174, 0.44010283747707646, 0.39106824173008936, 0.22496393442120347, 0.31294533231409283, 0.5311947139345841, 0.45794331917474124, 0.44625064110392026, 0.45226737372173226, 0.2604027457421784, 0.4630232273387029, 0.472379046919415]}