{"T": 105, "min_window": 24, "significance": 0.05, "n_simulations": 2000, "seed": 42, "critical_values": [0.05363993241647922, 0.07935110568512334, 0.0805020247140254, 0.09758011109105709, 0.12054298761763274, 0.204545600948118, 0.12878371989422022, 0.14996941755281393, 0.10111657350047995, 0.171064380532952, 0.1706829634911409, 0.21037039293219217, 0.22008875969352523, 0.2934693661105208, 0.30477899159287397, 0.34462007591899246, 0.3887474525581669, 0.36159436722406, 0.46203771909853364, 0.36328155469792733, 0.4369540196981906, 0.412172781596948, 0.42587850652738485, 0.41875059392931857, 0.4276797126785667, 0.41717596039439975, 0.4302249753525936, 0.37580313790826814, 0.35315824517648475, 0.3800794485410013, 0.4238278689094135, 0.4108201967017199, 0.4338658550008107, 0.46386531363741185, 0.4445305528184427, 0.46505559471297636, 0.5046094796347356, 0.5299480478350345, 0.4641729636739022, 0.448094031812446, 0.5428682774230185, 0.5237397518682557, 0.46855072970893946, 0.4494967003873392, 0.4511395659227795, 0.46829212684407223, 0.4631510606996357, 0.491575730413843, 0.4278695971973505, 0.4555744745120522, 0.475632379533318, 0.5003250454707334, 0.5176109885593879, 0.5854753161893282, 0.5715629884878685, 0.5554860426760923, 0.5623294245487028, 0.6037945885047873, 0.5982163944491465, 0.5577478965034667, 0.5561877527097225, 0.513439760595851, 0.5439298085116132, 0.5867657018308903, 0.5829920268494827, 0.588233389782504, 0.6133918376759739, 0.6144821296753016, 0.5970876088059384, 0.6003541509067661, 0.6439254789236843, 0.5815020437063928, 0.595442701363528, 0.5873050555480351, 0.6081079073480266, 0.5787188872008278, 0.6146619846900991, 0.572492798605916, 0.5970784350753422, 0.6444177660508538, 0.6034347794885255, 0.6199170254304738]}