{"T": 106, "min_window": 24, "significance": 0.05, "n_simulations": 100, "seed": 42, "critical_values": [-0.18076824213847226, -0.061757282566557915, -0.049022615067585075, -0.010279850665371848, 0.08148522712620605, 0.007313963229083077, 0.04018971904400693, 0.30311913157631404, 0.05470662076217143, -0.015210105406877736, -0.08366794042246117, 0.03201707919300742, 0.04858114364499938, 0.06545099230325985, 0.06336816254100566, -0.07018408623222219, 0.1619819138665504, 0.1835390304294562, 0.01195782519176069, -0.04962656056824914, 0.15378178510016688, 0.2090469336034343, 0.05484577484193124, 0.18656861014760667, 0.04845577686750594, 0.427726537447102, 0.45570632296754193, 0.2551268783931001, 0.12143814998938225, 0.14064708952513624, 0.31786747333158566, 0.06728636198016022, 0.4399908852076104, 0.6094728668116125, 0.4313197673634451, 0.613034984719949, 0.4721447417040989, 0.5310632337891443, 0.6823712214804569, 0.43158292710842017, 0.3282435992865753, 0.3230460500772778, 0.5343523194263482, 0.3063017162589381, 0.3047873863237528, 0.42677608532856726, 0.5025088325953708, 0.48027414435207805, 0.486692739447746, 0.38044180777274067, 0.4869052937409965, 0.39576472349329617, 0.2654355037275945, 0.47132183271537825, 0.3892980451232295, 0.4787928295643085, 0.4074414672957359, 0.49009610447226265, 0.729820500387752, 0.5482306155970854, 0.478260146027234, 0.4431918158201655, 0.6181554208334574, 0.5301928101469292, 0.6788270096535861, 0.6642270549333384, 0.40317839557656576, 0.48681309367207565, 0.7091577960772217, 0.5040426202936, 0.6146020001427692, 0.7382676604616257, 0.43470037579733634, 0.40453189931091416, 0.7071475943497185, 0.6357426618899574, 0.354832298304312, 0.38882726365434567, 0.5169575887480176, 0.6340563760524726, 0.5710891503186138, 0.5476440854392614, 0.6306052250936182]}