{"T": 107, "min_window": 24, "significance": 0.05, "n_simulations": 100, "seed": 42, "critical_values": [-0.21456736652810973, -0.10232425761270592, -0.01578185180707403, -0.14728790167491035, -0.09948246896500473, 0.1846661058013758, 0.2028621851679828, 0.3704444297966246, 0.2082277375719364, 0.04072790472328848, 0.056019099113473796, 0.30228651460935574, 0.3864280333691468, 0.3787810490734072, 0.3667790024923341, 0.6153032733550748, 0.4444634936981252, 0.3076856735930022, 0.3867664056032481, 0.31575150058835305, 0.07797879864456493, 0.13631951671564477, 0.3795408884520299, 0.3227208621960351, 0.4237881857603824, 0.26640738665281477, 0.1625695894667738, 0.052569794392298815, 0.07460572168121148, 0.20130792803591527, 0.3448181170076637, 0.2531071078878429, 0.4007187356186528, 0.17583460867066109, 0.4321174877034451, 0.3245166615864928, 0.38336663541830934, 0.23247949278876182, 0.28418792557549943, 0.48546341785999525, 0.566090100035191, 0.4336537271397066, 0.6668357397141227, 0.5144304821185005, 0.6382536706353565, 0.6120998829553157, 0.7214410425987969, 0.5883360879598662, 0.5875541705978401, 0.6720125052637682, 0.6026106293107406, 0.4141945419868545, 0.5015752748923568, 0.4747628047704105, 0.47990386269361907, 0.6134604125295887, 0.31491492493371404, 0.3064083081360138, 0.4232032209390279, 0.45669239883208235, 0.2641125411239022, 0.2370274033390993, 0.3023892849961578, 0.23178807698723544, 0.11907229760227156, 0.27094893518171564, 0.5277050815357108, 0.42226190291599025, 0.28071312852046576, 0.21340633748910426, 0.17322112070531712, 0.41370426574573566, 0.3298029377491013, 0.1800630957062384, 0.21800779475182475, 0.5384304746189682, 0.5826425008607108, 0.4038687743005067, 0.44811673368189586, 0.602235002309477, 0.5910429972119171, 0.4823589048461624, 0.7203587248834408, 0.8108452682331216]}