{"T": 108, "min_window": 24, "significance": 0.05, "n_simulations": 100, "seed": 42, "critical_values": [-0.10390207471303677, 0.12085059128400898, 0.11206527079686766, 0.23915618971416797, 0.27830742060721336, 0.08612527040972554, 0.030772675286894455, 0.08887651396404386, 0.06028096649902147, 0.1488704408486626, 0.02773275558583682, 0.14877918810702795, 0.0875288075844764, 0.25331765211811713, 0.3050373856864995, 0.38585528454918766, 0.32342445238800754, 0.3506884247362463, 0.37157296890035557, 0.4122815182871854, 0.5162761705921071, 0.6731411174465087, 0.3457724164746924, 0.4049948756629638, 0.4340567762419194, 0.22172422015325252, 0.3353588716742703, 0.3090671012830302, 0.28401985842024163, 0.3837462688836361, 0.3400585383692099, 0.34801054535180215, 0.29711544691965647, 0.4217117623036137, 0.05910288746914206, 0.07961118453905251, 0.2245034891252578, 0.13723423704369866, 0.10387755162481269, 0.15598614633258123, 0.2617587913038616, 0.04987826855845513, 0.14772502445951202, 0.12665398790062937, 0.2522573968672264, 0.06368526720463355, 0.13533847008762875, 0.1888968083718328, 0.06828736694914961, 0.08044013659554689, 0.03905675166977637, 0.2632060877584763, 0.028786541016791276, 0.1796270691931618, 0.21594687589366557, 0.2091350981099116, 0.18255872409971466, 0.48959084437365474, 0.5217695558611398, 0.4843572841060461, 0.41198490618181605, 0.22415190254613698, 0.20153584391999013, 0.33812166079292943, 0.34432168803936936, 0.32044234537477495, 0.2325326980409656, 0.23778408328104192, 0.22870707358712491, 0.40004254921323873, 0.4294840633044899, 0.5398488386461175, 0.488469117906618, 0.5034654085567243, 0.4522245237637203, 0.43541182233296394, 0.655558010984219, 0.5792655901902575, 0.6395601050008859, 0.3994647089279461, 0.7518470321024684, 0.7220298684731501, 0.5641384138208294, 0.4854193499519949, 0.5714458545472612]}