{"T": 109, "min_window": 24, "significance": 0.05, "n_simulations": 100, "seed": 42, "critical_values": [-0.03345309184940164, 0.04848403883715185, 0.09292220758647636, 0.3724001505338852, 0.052957153439537594, 0.09878868959606422, 0.17004419543727867, 0.26778558699308025, 0.22119079745303552, 0.37697636940174317, 0.3034062432648626, 0.397727970692549, 0.22429943175770498, 0.07130494829190832, 0.06579095940977091, -0.06757270043603326, 0.10083091617869942, 0.15410655540231794, 0.11815156369951503, 0.13298846510835013, 0.3304506343871578, 0.005815849497441991, 0.030987516173009596, 0.26177184558483213, 0.367361230279258, 0.442702423827464, 0.43130250998172415, 0.5271865362482311, 0.5986945764316564, 0.5158137794347433, 0.4125604971484553, 0.26907359535023756, 0.5922104922494315, 0.4811264212213853, 0.5652683644221179, 0.6003615683800158, 0.37572030860384786, 0.31921131226775373, 0.49327148377390106, 0.3378354634290004, 0.5222959602221381, 0.3967627901434826, 0.2479541372233894, 0.3851471151591404, 0.2794341125565224, 0.32732128320538983, 0.5095055271070499, 0.5681677535978581, 0.6242808565551647, 0.6161671478160994, 0.5644944192388873, 0.3308101865206808, 0.37415858094579646, 0.1698935939759016, 0.16072792897468444, 0.237553419635854, 0.2826919177320463, 0.32285846738929164, 0.20049926837970633, 0.3133756805222101, 0.33100733535560517, 0.024741405731150825, 0.040223792643243224, 0.07535432085763988, 0.19458122248190884, 0.14923066079085032, 0.16940690075622336, 0.3359048779647978, 0.33639549875205593, 0.37840748378891437, 0.4056702371390517, 0.4022108769546926, 0.5819558805587882, 0.7030795514022874, 0.46705486376976285, 0.7661599440472562, 0.6547630622681688, 0.6414419528681571, 0.824522422874502, 0.40172685759711757, 0.5630326849134923, 0.609434285996658, 0.5148567966953238, 0.6325219694425726, 0.5643736486635356, 0.42632613622524357]}