{"T": 109, "min_window": 24, "significance": 0.05, "n_simulations": 2000, "seed": 42, "critical_values": [0.08255017673673071, 0.11090610341723287, 0.09617568471035721, 0.12504156505637895, 0.11570079980698895, 0.2096337570825735, 0.21774188229585778, 0.20412724360962523, 0.21716807959040516, 0.29567595187678813, 0.3337323144650237, 0.3585894749446645, 0.33997137932012816, 0.29770816797731675, 0.31634953737017, 0.296215353139696, 0.264671792995706, 0.3228643625196783, 0.35350258207888274, 0.3973021462626656, 0.3842052567401621, 0.3639295086303382, 0.31525416021362607, 0.353281045583366, 0.3821692181100815, 0.3837986759629245, 0.4131563307201948, 0.4865741750244315, 0.46757295471284155, 0.4759147824526529, 0.4591163639482872, 0.4633255132609033, 0.46963196943555546, 0.4446428856689752, 0.46533651470750004, 0.49760707575113394, 0.44013431796791447, 0.42323908142048355, 0.4509991244646458, 0.46535881029511195, 0.4131457816371119, 0.4462809999647213, 0.4374534300362059, 0.42581247085999985, 0.41960758850250773, 0.46259299921672886, 0.46713055532975784, 0.48730782787675175, 0.45099504116271066, 0.46192476578826014, 0.48347752601203986, 0.5482885330650632, 0.4802187323019488, 0.4682543084896872, 0.4658166198729836, 0.39682739390471755, 0.44942453005786875, 0.4543572488158898, 0.4449219646945293, 0.48351994938736736, 0.5002773408774943, 0.50209665255216, 0.510045282186099, 0.4986335303352759, 0.48317828617429504, 0.5299002584067468, 0.519628086736682, 0.5556480753794418, 0.5525901813281943, 0.5219991617718375, 0.5088222695743334, 0.5091496515739375, 0.5513991473284163, 0.5656243050684471, 0.5275323031498986, 0.5892392552571952, 0.527381496014516, 0.5487254966771433, 0.525731087056779, 0.5090286277028573, 0.4356341403598514, 0.4586879532729058, 0.498972045676065, 0.5390063173632407, 0.4814428574220155, 0.5105294806893172]}