{"T": 110, "min_window": 24, "significance": 0.05, "n_simulations": 100, "seed": 42, "critical_values": [-0.04783463297005089, 0.08473669668741707, -0.019095507206159282, 0.13973180313013636, 0.07749551567878042, 0.09005959469966991, 0.015535704948693621, -0.013563351525578568, -0.07971604410203117, 0.006580269670082382, 0.1853069046188711, 0.3250824854297415, 0.11707715705750198, 0.03180351493662821, 0.0639198040353884, 0.21460234594782507, 0.13120777082549817, 0.13331785660637688, 0.007884299536556668, -0.09822044726409945, 0.04990731191509014, 0.4330766720857088, 0.2644718172867259, 0.023295089237992533, -0.02088605574138744, 0.11551020553403582, 0.05024995367927678, 0.05803296731840414, -0.02937246177721781, -0.11842617510142874, 0.09395101475948628, -0.12229027603388205, 0.012021476463030036, 0.04713357939682185, 0.14740539565252314, 0.07886186778010616, 0.05923625872364134, 0.014028119788804503, 0.14903853333782874, 0.5912763348590269, 0.6495399771116276, 0.46105842072301, 0.24923489983104327, 0.6401609754120621, 0.30166613024382993, 0.7408943689229986, 0.5739129403114569, 0.5953350732842562, 0.42029597022447984, 0.3931009023645983, 0.44192176470060485, 0.49732000826965833, 0.5880273075085064, 0.5401411045870164, 0.6623136818850617, 0.5980330155389485, 0.668658139767708, 0.5626202996684916, 0.45880606751152064, 0.40723678120128565, 0.6196139087278614, 0.6555543537774725, 0.7268265460548812, 0.6917189966701816, 0.7431387400005279, 0.5379154398348548, 0.6130186226381426, 0.5142207250903235, 0.7010774707788398, 0.7607772170256638, 0.6320843804327164, 0.7792832685024895, 0.7521078499675588, 0.6212568739231523, 0.7104544170049947, 0.7307748342413035, 0.6123299159515504, 0.3755891652446894, 0.5016403052875551, 0.54871452666629, 0.6747678626491034, 0.4719426075016668, 0.38387716284566487, 0.38393183489306365, 0.17514203774557835, 0.19925074877300114, 0.2896807520932891]}