{"T": 111, "min_window": 24, "significance": 0.05, "n_simulations": 100, "seed": 42, "critical_values": [-0.05402370944930267, -0.09715499284213028, -0.14986432620240114, 0.012168407048212586, 0.05515513417721428, 0.22576968752014667, 0.19605701527089553, 0.2249806875620048, 0.412673069192969, 0.30789818436115357, 0.2393519222804117, 0.41964823963258735, 0.4571228896863481, 0.48411171212889803, 0.3956232670561401, 0.4349231198309527, 0.28066198305127693, 0.26692676370666524, 0.47156076227914334, 0.1219530016221729, 0.3737096965927362, 0.256828070429044, 0.5933423264912445, 0.405644019771952, 0.5044543084424465, 0.5023288299181974, 0.32400457876147093, 0.3206108142344848, 0.08215568384711461, 0.1339865397319536, -0.08347340538250808, -0.0028329811586612842, 0.12127837833436876, 0.20432117274690126, 0.011182054408017408, -0.0992786965054338, 0.04667015659902675, 0.3030935292346013, 0.21321067972632263, 0.43943616161867305, 0.48999322031045944, 0.4778491061366132, 0.29016229898897167, 0.2077932942723876, 0.2713483561754448, 0.27509611426486774, 0.4046479425479581, 0.4309417156706294, 0.5818223259158862, 0.046289162945966376, 0.17251948312048584, 0.28770495732895046, 0.3062583072608046, 0.03681408385176986, 0.071978568061599, 0.0774920956840965, 0.03211010395441163, -0.16115498886901714, -0.003845191102009459, 0.018948564600320857, 0.26764044336350473, 0.29623702839477406, 0.3440777431107477, 0.4128103973752014, 0.5122913388738589, 0.4512577122340074, 0.3084808117103533, 0.35549467881518776, 0.4184986802874066, 0.4642404432309413, 0.5396694539037106, 0.5516204978461031, 0.5884471809666612, 0.6458466232773357, 0.4794802594792194, 0.3623930296352002, 0.31813625992868255, 0.2086017414709362, 0.6685499854105396, 0.36014439127861375, 0.3875135062859036, 0.5420517567229416, 0.7125607764946619, 0.43527495083736156, 0.32658900525092016, 0.36454072242157964, 0.48816419670980843, 0.38039222619629953]}