{"T": 112, "min_window": 24, "significance": 0.05, "n_simulations": 100, "seed": 42, "critical_values": [-0.037768713846599446, -0.10109863928731196, -0.20168100588759208, -0.3071876179900713, -0.25758425024364723, -0.19002049210775884, -0.14658797823598535, -0.0011214143647535254, -0.11332546360292456, -0.052259727753720384, -0.12176671812966915, -0.021067746834346715, -0.21408658546716156, -0.21670600384737962, -0.19095952839126454, -0.11514796134036032, 0.02727613523666097, -0.06992553496235049, 0.3215116995495146, 0.23685250077792275, 0.4016493507061902, 0.20704425017530348, 0.2675439243702876, 0.3232641017370437, 0.39723533239510495, 0.27331605302775047, 0.3274462670253728, 0.13933140740259076, 0.3869053718274204, 0.24499569424355017, 0.4210514228290062, 0.4116248372145251, 0.3279278273225969, 0.23397818031467807, 0.2588678546531786, 0.3994763103635497, 0.4892459419791174, 0.45637215034778755, 0.4231282558427949, 0.3255491812345615, 0.4733412666657891, 0.5127420387859203, 0.5631338893932689, 0.517213156919645, 0.1889332884518095, 0.2528401232654547, 0.4728119651622381, 0.25081132036416337, 0.6730293109695913, 0.4298807804153713, 0.3740139499837468, 0.5381903146654031, 0.48189237244781913, 0.6819961735871976, 0.6968514739409709, 0.4971532140412947, 0.33522608857756936, 0.4392509282919463, 0.2918684691259067, 0.301287874621427, 0.4229369860302994, 0.5345324967809235, 0.6185268598114204, 0.3678923960861938, 0.5417493006099924, 0.5088378352771172, 0.6102047197639955, 0.5598771681409692, 0.6725902924624223, 0.5885785160900221, 0.4984840252202015, 0.4586478612903682, 0.3667329666067338, 0.3445306194331249, 0.5631353315495282, 0.3925386808945536, 0.5938723057839372, 0.4998561006742237, 0.37298650942290684, 0.41358449842363754, 0.4446772547849899, 0.30940763639520075, 0.26246033103950545, 0.35030721171179596, 0.5821399893670454, 0.8021463505931697, 0.7784509477861672, 0.6343317646571373, 0.4500457166782267]}