{"T": 113, "min_window": 24, "significance": 0.05, "n_simulations": 100, "seed": 42, "critical_values": [-0.38531549811826327, -0.2225504438237957, -0.21257243195910808, -0.16530701726198796, 0.057096115255185015, 0.2777061385116926, 0.2963162743128999, 0.2534402957862175, 0.1720612625952716, 0.09569659844351673, 0.024084011058314057, -0.013756258171231574, 0.014702443288499161, 0.24246500443221378, 0.31155704034154685, 0.4936178108263722, 0.22413880173266965, 0.3020640509022464, -0.0022356475830206356, 0.1329739170490919, -0.04071792933169858, 0.1280154211961723, 0.12382247379045509, -0.04689389740208389, -0.0652682910953652, -0.1886870942577949, -0.1340774445009711, -0.04040825419377449, 0.14559425236413803, 0.13770706145053746, -0.08170684125083509, 0.1984998632457566, 0.09889182500230144, 0.1809358974234725, 0.15982434824266056, 0.2628236592019791, 0.1743303132708382, 0.16456808105971227, 0.23307758739528264, 0.08649879984633672, 0.39460328630313946, 0.5562137213227734, 0.3730873464058367, 0.3683828737789184, 0.23563411435558146, 0.36757346326794405, 0.32842548609311234, 0.2861455083269388, 0.3102810786573246, 0.18322455230028134, 0.38940172089065705, 0.7029795123103908, 0.519685735775714, 0.2905866687099952, 0.39529645299417604, 0.5362142448295102, 0.636025334538237, 0.53406521236602, 0.5910270150510463, 0.579053088778219, 0.5431570924309854, 0.6081222311133815, 0.839602765930513, 0.8015461109812843, 0.5899973424624014, 0.5508936012521163, 0.6387730299901204, 0.48515275943100283, 0.525917130732921, 0.5633816762987127, 0.7090049302692383, 0.45245326820696785, 0.5647968287307046, 0.46632382043153653, 0.6507718376348871, 0.5696727620277106, 0.3697559872452139, 0.3637064690689773, 0.4223996119219598, 0.4755652634047155, 0.6030187835287195, 0.6258259847000295, 0.8091490879113122, 0.4998612519099869, 0.6460564064734257, 0.7221998524314713, 0.4262326147237826, 0.6059383997060389, 0.4541843202048488, 0.49404971434992373]}