{"T": 113, "min_window": 24, "significance": 0.05, "n_simulations": 2000, "seed": 42, "critical_values": [-0.03124107166272764, 0.054825043867222596, 0.13115982436791712, 0.06123613980938765, 0.13571280025388008, 0.11768422159122019, 0.19625643517955757, 0.19349095856893758, 0.2099819294707075, 0.2504881792063177, 0.24654566962303312, 0.28432430160622224, 0.28210105555399456, 0.3229859520249357, 0.31793381814317073, 0.37148504196280807, 0.4190577700679919, 0.37842790656644115, 0.4093892652966822, 0.42473626586287994, 0.3693584754690852, 0.3762091622391004, 0.3940305259700264, 0.42012009263442485, 0.4009305321808059, 0.3842073189300394, 0.42050273968418733, 0.38056581759725777, 0.38673819705075574, 0.3943673063530914, 0.34523123209493906, 0.34533405759122343, 0.39443782370567393, 0.430951089806036, 0.4312022650010171, 0.4483291541670987, 0.503332449888893, 0.46368529428143235, 0.4199427623336777, 0.49919268448328946, 0.5020716576116458, 0.5200353681368499, 0.4987200362383217, 0.5671915370186684, 0.47256307604776154, 0.492119517820892, 0.5084637764994673, 0.5490546732507894, 0.5706436016050611, 0.5393087672346641, 0.5619168902807781, 0.49757132817771804, 0.47787585424525447, 0.5157537784670584, 0.5189966428149758, 0.4993222820893729, 0.5446613848428586, 0.5149382408359291, 0.46940365050768035, 0.5477286036193788, 0.5174795517552885, 0.48270992561692394, 0.5275393269461609, 0.48469059844778284, 0.5050625173966181, 0.5773251869180231, 0.5424851040387214, 0.5070324213516255, 0.5206000393101662, 0.5560722433352012, 0.5869503994463493, 0.5428049537435775, 0.5202962490573899, 0.5150236199958684, 0.5461353899591448, 0.5602361659563349, 0.5438407937909667, 0.5409424510779578, 0.563305953895451, 0.5552394570299374, 0.5390997905698468, 0.5980082031300714, 0.6166617223779264, 0.573736540688224, 0.5562365301506276, 0.5959348005589268, 0.5901893703047356, 0.5696634396349443, 0.5440455831449377, 0.5675131080148553]}