{"T": 114, "min_window": 24, "significance": 0.05, "n_simulations": 100, "seed": 42, "critical_values": [0.2953953424434815, 0.20774325151768006, 0.13258817129475922, 0.1365903053732899, 0.21946599680652976, 0.4092436885563767, 0.467030688054792, 0.08221968249148566, -0.0438813516341656, -0.09294616320998085, -0.17623080038141545, -0.06394955594133878, 0.03584187727057637, 0.024695529137906208, 0.24432883849990827, 0.013582240274959259, 0.222667013899515, 0.1463441068256227, -0.09102321652529748, 0.06078183627138642, 0.3342437611075276, 0.5229087314155305, 0.4888961739680191, 0.3253546998921432, -0.019791307538343426, 0.05482127846464938, 0.1512465657019287, 0.17038032059145072, 0.1474204800076051, 0.22786351442040845, 0.3301790303379387, 0.5018157214357979, 0.43257119020232837, 0.6983288578164584, 0.8489630409275302, 0.634706372178172, 0.3376129070479946, 0.3497575734357403, 0.30462870970671074, 0.1454981152111244, 0.11420483647177854, 0.1736770040657945, 0.074799099539297, -0.04083835628438733, 0.14658767588563879, 0.06014035168339125, 0.1751637618587554, 0.3154501916989607, 0.33698689820579936, 0.13546176723465617, 0.16345830156758295, 0.10655392955882015, 0.3429894465321272, 0.307965079271518, 0.39027814768624525, 0.2709010883204429, 0.6379903971428654, 0.6992814673528266, 0.56101699423301, 0.4129083832886862, 0.33527654413667957, 0.34207780772454827, 0.579955261154866, 0.5366972238086115, 0.5596009572162228, 0.534202390340085, 0.6691371703195614, 0.49863193299297054, 0.5034868236724583, 0.3906767834989052, 0.5926576928974518, 0.3292451881871564, 0.5048237827467773, 0.20139324973115608, 0.13553127722961344, 0.5187509906196467, 0.7554702802894235, 0.48286291665691183, 0.43330624083663477, 0.44402729365386107, 0.2988742611333378, 0.5600238579389692, 0.6594266079331399, 0.5165168168686012, 0.4970043160431251, 0.5820465848895612, 0.5179640232495909, 0.7984038180612303, 0.6073286849244456, 0.5284024249399532, 0.5931126011672183]}