{"T": 115, "min_window": 24, "significance": 0.05, "n_simulations": 100, "seed": 42, "critical_values": [0.058511620367554175, -0.2011533362203526, -0.03322442964047789, -0.038009228910529415, 0.04632190352201336, 0.11953558862510413, 0.19688953045046634, 0.03172928826075205, 0.09212879953695947, 0.13893983923402975, 0.22322472371943725, 0.42616547902049123, 0.030733083891134452, -0.10244698274337329, 0.07155083522038447, -0.043490404791862905, 0.3317165707689325, 0.4554592862914865, 0.0888663228205131, 0.22180611510321344, 0.09643094390923689, 0.08417556838977329, 0.2534589782405214, 0.22544574397912026, 0.29942561760709496, 0.3398311963780633, 0.40027147044779415, 0.4543142926417954, 0.25396723178927544, 0.23790706256567729, 0.16452609884171043, 0.3789082510324519, 0.12046065011881366, 0.19926806457633822, 0.3009683143421675, 0.3144947653125697, 0.30121728710319784, 0.42664050933726383, 0.5077043561115435, 0.48286463305732724, 0.3388462680708379, 0.5219479837067629, 0.4100566396095532, 0.3015216619039796, 0.3301159124537127, 0.30465034804466007, 0.5008402812513533, 0.29620530160381847, 0.45604453474109874, 0.3817740430345726, 0.5956340199147451, 0.5774320420594548, 0.11902431967898745, 0.2694667473218798, 0.3750462104825912, 0.507463986757264, 0.5863039916397302, 0.490550113767036, 0.46797991601806616, 0.3015478429321192, 0.5812784020437173, 0.4888193172479294, 0.5134437796132126, 0.5830243231380678, 0.6291356660394629, 0.48893418271328043, 0.49841239021048067, 0.4251093208720356, 0.44594308070436867, 0.33489260493025386, 0.6232720691280732, 0.4126774954332045, 0.4589354471167304, 0.3728977786495378, 0.5074809477488633, 0.6139374668707277, 0.48902386981528595, 0.5609121030864436, 0.7252888882916262, 0.3962282290279594, 0.42769151475786166, 0.5948089366961482, 0.5270497369474069, 0.6165659113438285, 0.5750560948082309, 0.6036187117841313, 0.4310602540625635, 0.3945846949236409, 0.2832834076795452, 0.1308434250158644, 0.10844611928026895, 0.17970717163739294]}