{"T": 116, "min_window": 24, "significance": 0.05, "n_simulations": 100, "seed": 42, "critical_values": [-0.056570368032673096, 0.11778498064689992, 0.22076351923507365, 0.4379090546099293, 0.41981297253220395, 0.4233891442940798, 0.2782898133978705, 0.20880823601097787, 0.18929456175086878, -0.022473772219131924, 0.10761446507447597, 0.2967299630523315, 0.526413866450308, 0.37864646256210027, 0.19944856512534445, 0.3889136258893953, 0.2918180307140417, -0.008476425524935998, -0.1003024571678442, 0.04846312905577184, 0.26938574066821874, 0.22689769700872325, 0.2628106211994239, 0.20783167693432472, 0.1737239584211623, 0.1774054097939041, 0.21700547407327825, 0.1985287826712859, 0.38769863680409317, 0.3220425565719064, 0.25923844954764014, -0.017454843418928834, 0.23192296730034226, 0.32769281540024586, 0.27258026729802315, 0.46901489155030446, 0.5354827366540807, 0.3746787396540623, 0.3228032706272578, 0.5298775283798542, 0.34814709704748964, 0.680759258920372, 0.4868254563164484, 0.5455754162487889, 0.620337709204907, 0.7046615772696393, 0.6195517896071978, 0.7987483939291311, 0.757428734350957, 0.710919129330309, 0.6559736179647231, 0.5378689529612809, 0.6308980893107216, 0.5941189838727289, 0.678593130222271, 0.6765546377669143, 0.5133572300153052, 0.8352991733817454, 0.5863535237773332, 0.8000733052376356, 0.729804837938816, 0.7480991748266121, 0.5908417194995728, 0.45184716199262265, 0.520493213016093, 0.665389482582486, 0.7106856613414186, 0.42750264256136467, 0.555605856883416, 0.25587267538899927, 0.42746296606359857, 0.4845066431384918, 0.5100521242376966, 0.7211274657677743, 0.7273768900258825, 0.6486058886699352, 0.55319680523492, 0.6202912864205357, 0.6749402159048663, 0.7525294447599021, 0.7810406307491365, 0.5530588030731771, 0.4781087280804556, 0.3651951757328598, 0.7179214093560508, 0.6197662016522621, 0.4720426417659769, 0.35263597506360456, 0.4409008634782313, 0.6766822714516185, 0.40275442183649945, 0.40278812431007965, 0.41833546337476546]}