{"T": 117, "min_window": 24, "significance": 0.05, "n_simulations": 100, "seed": 42, "critical_values": [-0.05339522440068981, 0.07539437924593208, -0.1440520098898483, 0.0033723380613737137, 0.04978967386099683, 0.1846330390392694, 0.19533991743717136, 0.2058725233948742, 0.14047496348055558, -0.015220422518877548, -0.13381370708896936, 0.02774767926391509, -0.0239868233383825, 0.05841179737772925, 0.07814566678404049, 0.3764762611047192, 0.2539955925759031, 0.2540334208281643, -0.09727722002158627, 0.2230523689071364, 0.6725519559039331, 0.4312664187134781, 0.05613617933891435, 0.15559078864336573, 0.08859995065432869, 0.20744458542309027, 0.2833707601617518, 0.19659556195639227, 0.05075159525790429, 0.2137024240478201, 0.16087838392253134, 0.3086569457759096, 0.19593861029633994, 0.22569807982044826, 0.15889360689227447, 0.05018120747728704, 0.30317230739657464, 0.2900889806593325, 0.394763349814257, 0.43719978877379684, 0.45317418965433653, 0.3704466069504138, 0.14781670137980138, 0.3708892919051274, 0.4025553954823684, 0.31102546172283785, 0.439850116444382, 0.3486653968736124, 0.5269890843822023, 0.6187230113517973, 0.5121760349244588, 0.7219731895405704, 0.6659200469918732, 0.6987652867930363, 0.6576385753854467, 0.6453823901990462, 0.5878389104101711, 0.8124134220897355, 0.6584332628509326, 0.5576060048147076, 0.8293777085445181, 0.6171621620700283, 0.4774793076143801, 0.5936312695627249, 0.6080847361005628, 0.7282821229522095, 0.6705618546479847, 0.6229676893922398, 0.6838016035471282, 0.6771447415673714, 0.7093742107926689, 0.7073910229073994, 0.7618025237234044, 0.7878467611261717, 0.5032182828908639, 0.5398555808515997, 0.4713258884323933, 0.6780493950924222, 0.6360426712340012, 0.7412594918834908, 0.689077090626094, 0.3817364504575349, 0.6639329722093426, 0.543002986898076, 0.5758483970740383, 0.6480596424813364, 0.6435231610579276, 0.7904923227998873, 0.07760449919091528, 0.4040704335340435, 0.4002234928171039, 0.2340947912118881, 0.23550707621974454, 0.18788187957762423]}