{"T": 118, "min_window": 24, "significance": 0.05, "n_simulations": 100, "seed": 42, "critical_values": [-0.5296710411343719, -0.05716696374998709, 0.07565365957623195, 0.07868025269688063, 0.0944075839065959, -0.023076267655210404, 0.19965155245520252, 0.2107934600607821, -0.08900452792111635, 0.2129631866313654, 0.19759978037157064, 0.22976087686629468, 0.22381413221048466, 0.16265514196124728, 0.7948250417004397, 0.38115323744751456, 0.3707909702904454, 0.3026270063593329, 0.36673501065921144, 0.6208512076666229, 0.43671276499289846, 0.42949673921384973, 0.21778506833739875, 0.32385632185379903, -0.03937626753183397, -0.11521801698372655, 0.14061155769479255, 0.09428786448206172, 0.032527690359402846, 0.13531171299476005, 0.1518376065465342, 0.17343244999867452, 0.2284359711745546, 0.4142483875455911, 0.42519120505227354, 0.49150144655300343, 0.5250027643792453, 0.4922110005607149, 0.48631031483306636, 0.3837616216590136, 0.319123053200398, 0.34508409422108116, 0.39845683638729024, 0.3468773383975436, 0.275475526872452, 0.26538574505379414, 0.3641343717352195, 0.5505166488943498, 0.49020522530587896, 0.372280236253765, 0.5489301813212489, 0.8004039723366644, 0.6110104331353223, 0.47911138035024453, 0.5937348825446126, 0.6422346075009551, 0.7299592571558117, 0.630217372515611, 0.6650574599455056, 0.6848112836468813, 0.742452207204534, 0.6789050969453536, 0.8799009713575586, 0.8181699192887855, 0.7016307331565114, 0.476696914772757, 0.5159225164299777, 0.5265426437064019, 0.44403811923150505, 0.4622027996294846, 0.5392650776183753, 0.698851320549578, 0.3388230348427748, 0.3808981379646459, 0.5410127939756432, 0.7069347235353534, 0.5576731615259628, 0.5161615097651071, 0.4445780890490849, 0.7560702811136945, 0.5924679127824002, 0.6535712437479249, 0.7058424049765003, 0.7712296886126871, 0.9634239280350967, 0.5960498237706702, 0.7467166663288464, 0.6828564430540859, 0.5572190787032024, 0.5268301828198775, 0.6318708344793544, 0.5636736526310876, 0.6196920578639983, 0.7124544584922158, 0.532076669298588]}