{"T": 119, "min_window": 24, "significance": 0.05, "n_simulations": 100, "seed": 42, "critical_values": [0.1985956766848247, 0.3801820118452875, 0.3984438489058104, 0.2813021294849524, 0.24145643106551318, 0.2765829856323437, 0.21438407280347152, 0.3258905293007083, 0.38573339919088384, 0.2955892649126143, 0.2995027205584408, 0.15429781341807391, 0.060791486171164325, 0.052198551053792695, 0.087136296931292, 0.3571283766651471, 0.20823323379060285, 0.12347323217057757, 0.15914569410902232, 0.34260222883552194, 0.12541795310348125, 0.08975056673173448, 0.26379784994688327, 0.36550934350098885, 0.24613521425778453, 0.3305095579055186, 0.42298662207303883, 0.532189556884506, 0.3469819265880265, 0.1707641929107572, 0.39786915063369965, 0.14960775090773362, 0.5485710683048144, 0.4048667707515185, 0.43520241005213495, 0.2802385276340644, 0.1042184615375896, 0.40501492233309183, 0.39361865608740537, 0.6587014181592488, 0.7141741259262323, 0.3731343322329358, 0.3698593038621824, 0.29102072663495687, 0.24776704695440274, 0.32184194647180914, 0.3622147123681257, 0.37099566236984727, 0.5017785499034175, 0.5741033573569815, 0.3794182765050299, 0.6407955236385517, 0.5726755814117156, 0.668306514050597, 0.7182579061041957, 0.38468303457678726, 0.6162980620496725, 0.45319518994377656, 0.3651950956674987, 0.3874515771315967, 0.19567533541207166, 0.25211115625488817, 0.6276738019304793, 0.4572881188288925, 0.35389218256566585, 0.4171646035423045, 0.4002791578355555, 0.328471137758845, 0.5477017005495052, 0.39652816769127724, 0.3053364689308622, 0.2453275388169469, 0.2756249012947886, 0.249658623448178, 0.1819580065872589, 0.08876649586756064, 0.26618741997898826, 0.015340763695343223, 0.03829640177503005, 0.22745588966204544, 0.10091864908482481, 0.1194810665352045, 0.15777503920783834, 0.18207085224053904, 0.265519671306831, 0.44101086720093075, 0.5246362093337551, 0.45611489261631677, 0.5542907129514226, 0.7801545729843414, 0.7296262913245873, 0.5487265249136474, 0.36925743598573996, 0.410306191121603, 0.23243311166315936, 0.2662180477105422]}