{"T": 120, "min_window": 24, "significance": 0.05, "n_simulations": 100, "seed": 42, "critical_values": [0.0019651134263440136, 0.08218018644185314, 0.01679841787555114, 0.30262943322639857, 0.044156415203548315, 0.11957062069156801, -0.018703660305842355, -0.05753821497160568, 0.04966621653978845, 0.22953645976787407, 0.2656093956844764, 0.4943202917193781, 0.5673073028012404, 0.47872618813245055, 0.30499297930706615, 0.3447153913927871, 0.3678452304347397, 0.20201212312536915, -0.017164807715239126, -0.05408457468392256, 0.07927446952925356, 0.16574096096991192, 0.22873666240301319, 0.29976882789625764, 0.15612534042591186, 0.034328009231403125, 0.376597053408434, 0.29726919265218965, 0.399701127237908, 0.5923346277702597, 0.5371720896209403, 0.51170758269542, 0.7527015666998192, 0.7409591567877697, 0.5693281983794988, 0.6204146159861761, 0.5926417411756968, 0.7088333172479321, 0.4522800357458891, 0.477089681726305, 0.633830953087137, 0.7751783654704004, 0.8200393682357895, 0.43709030505697216, 0.4910732756259946, 0.6202996715634553, 0.6060987554157536, 0.5065008885186333, 0.5908618277068112, 0.22251910248346968, 0.3325343941089065, 0.6604195371358713, 0.6846700277380423, 0.6786144822856152, 0.6542757504364601, 0.512663730114086, 0.45302019430101426, 0.4017258357459559, 0.41179170026534184, 0.3024397481928434, 0.3134612516133252, 0.3641559959663788, 0.3746243639775377, 0.4116323743401751, 0.45052084218807165, 0.45999156536525265, 0.2829318594885119, 0.50090801852108, 0.39901802725895213, 0.5434841919577864, 0.6057670850636812, 0.5333830331906028, 0.5955382932530162, 0.6635984670657475, 0.7727457536499847, 0.9642836471659264, 0.8849585793795858, 0.4568543168043595, 0.44464123190443067, 0.5569920820887235, 0.48079589025462244, 0.47751604411314164, 0.5308297054780017, 0.6478345423761809, 0.48406267298925026, 0.6140679152034832, 0.7507167781799438, 0.4393499542247695, 0.756240396516513, 0.5374738022321047, 0.43984665366160625, 0.4524587671983017, 0.5165671874391504, 0.4545585138456403, 0.568274413238818, 0.6473045390344135, 0.7007020421422674]}