{"T": 121, "min_window": 24, "significance": 0.05, "n_simulations": 100, "seed": 42, "critical_values": [-0.12503266564789609, 0.03303810423038405, 0.06349772651065148, 0.09584375372871116, 0.20338885924888753, 0.17806384721158502, 0.20306200599835605, 0.1915753937464386, 0.1250198650132454, 0.1410626727761252, -0.21071433863456088, -0.08071272712503803, 0.23791485807455948, 0.18840103809526493, 0.1670869592081742, 0.3599148622492831, 0.2174742940765392, 0.1672566692438702, 0.48762639383867157, 0.6432758788773083, 0.7304059237681623, 0.40235410155324547, 0.3934327201472303, 0.5684839851372583, 0.7741978651951297, 0.5224320701307262, 0.5147828451430474, 0.5907222128503377, 0.5939201120536856, 0.18925560022165294, 0.1887795650674216, 0.32443829975585703, 0.5014602042523038, 0.4915421453030905, 0.49889170111584613, 0.4434930890681239, 0.4950621020842512, 0.5773539641829893, 0.5438923195677298, 0.5646985800429561, 0.39629612432990624, 0.533620996483783, 0.5695626047326782, 0.46551813367389033, 0.4473828334767939, 0.261427971029888, 0.32836953441321376, 0.3326258408471179, 0.5800021323850288, 0.5683950584806206, 0.644692945245876, 0.43083842970886044, 0.4009670305867453, 0.39602655387071695, 0.5222759720919212, 0.3881276706355096, 0.43200431978540105, 0.14268770106165968, 0.4273208647858493, 0.1899138110413302, 0.3373334691308995, 0.4093682657637596, 0.45628325155210114, 0.45229435478520974, 0.42799685525566095, 0.3939530167701938, 0.5195831270097263, 0.4218216805304005, 0.551294338506325, 0.3495590451371125, 0.35664662974872696, 0.4432782299352846, 0.3109204396649528, 0.7229366119036782, 0.6753599557983692, 0.2621531503203991, 0.3770946244403257, 0.70936521114106, 0.3747418480614934, 0.30691692851311625, 0.5781956925308367, 0.6056494295934641, 0.4195129879241287, 0.37183147959531865, 0.4866085174089396, 0.5353390010292214, 0.5681609614940344, 0.7277885777860534, 0.3426895326603174, 0.22636184882600668, 0.28087764337825893, 0.37449191884018873, 0.0661142651219393, 0.17299688250198536, 0.22346793378789256, 0.3686113506747466, 0.4838868410764959, 0.36125130255510773]}