{"T": 121, "min_window": 24, "significance": 0.05, "n_simulations": 2000, "seed": 42, "critical_values": [-0.08475183023561614, 0.06578842315561868, 0.10409846179877125, 0.17161977372408777, 0.20178550860799055, 0.18562312509063342, 0.21103997110527792, 0.1995900796652809, 0.17782881947369, 0.22731910378173445, 0.2527320431765341, 0.277591407600339, 0.2951350913618344, 0.27351560571774913, 0.2741119999940077, 0.3355510739534271, 0.3033660694237751, 0.3034541094885795, 0.3378631385549612, 0.36472270770243703, 0.40493855795148714, 0.3522722544483202, 0.39343272014723024, 0.4577585330289816, 0.4414727975391975, 0.4401756271030138, 0.37235819652352686, 0.41881737876120967, 0.3850373108770832, 0.40471025635914204, 0.4238398739879449, 0.380244489138784, 0.47394021911539436, 0.46128558359164434, 0.4941522817180904, 0.4494621747707824, 0.4475532730599582, 0.4858795875580837, 0.5399626975796099, 0.4433105890223651, 0.488359055335604, 0.5308525355679461, 0.4272675022678968, 0.47625245803699084, 0.44139095500591174, 0.4674154018302113, 0.5295840868402352, 0.5429862527374115, 0.5596330036498879, 0.535619100397911, 0.5278177303088922, 0.5282885911560531, 0.5414191464892587, 0.48407706856768473, 0.4911059241658905, 0.4705770656714537, 0.5188672271407575, 0.4907704899960723, 0.5645878886985783, 0.4960525351271832, 0.5094908756502289, 0.5280653406500411, 0.5445901360109244, 0.5401487697728542, 0.5830587697230428, 0.5670592894531032, 0.532445583121501, 0.5638533993589712, 0.5486860675876354, 0.5310334719674861, 0.5189476133176876, 0.5392019506472127, 0.548349783270607, 0.5444422511721495, 0.49508017053597797, 0.5093825759645436, 0.5130657326404477, 0.5219035625761189, 0.5265992177010749, 0.568339081030446, 0.5233556849119125, 0.5450848343076481, 0.49897164503879987, 0.5072445321546983, 0.502925093803558, 0.5272587404839246, 0.5658407996170097, 0.5680260041770793, 0.5460283451157713, 0.5268261699196861, 0.6016122877629145, 0.5822559084057246, 0.5735230844372992, 0.6330586083140521, 0.5949325629583708, 0.5926177519749626, 0.591796119217788, 0.582215142127978]}