{"T": 122, "min_window": 24, "significance": 0.05, "n_simulations": 100, "seed": 42, "critical_values": [0.27444309668690103, 0.0836696236211851, -0.016004001771669805, 0.18563440741420134, 0.03232639148202057, 0.034270304356054805, -0.09987730245489149, 0.04302979424527127, 0.22560370285398046, 0.21150832531592317, 0.09638181690933473, 0.4258496044413643, 0.5342000177776371, 0.594474255148654, 0.451511865716989, 0.4601107921401489, 0.5075193799967542, 0.37008816337445777, 0.4019099585307848, 0.33292663355214774, 0.2992439790873296, 0.4179852293979055, 0.45443949347781015, 0.13798026481311965, 0.28884233100667644, 0.5775421234498713, 0.26735184997780387, 0.23707010393616487, 0.15272032202951996, 0.21949801295916432, 0.24571494920098388, 0.221312695485153, 0.20408483973360517, 0.3034651106764415, 0.4077458705656135, 0.36110142100659476, 0.31205047497541955, 0.29108770272473056, 0.49210689673407165, 0.19433137396961297, 0.23558197384598997, 0.1507067268220048, 0.4201205984700397, 0.32343196314245365, 0.1408795220657886, 0.20873493866842155, 0.32661928429221776, 0.28784335662682675, 0.3587456625517417, 0.5780035555987431, 0.418049459682693, 0.5703622109961624, 0.43862547583213324, 0.3594026479493292, 0.4595289401326264, 0.5639918276146632, 0.7202616439268211, 0.5853359317499565, 0.5626503952500942, 0.5637505667932772, 0.5683295347522633, 0.48552195278631716, 0.588263100026676, 0.4966958738959598, 0.5191607728211796, 0.4524391155296296, 0.3772691443707196, 0.7201741349363061, 0.5248996809273442, 0.18064862553523323, 0.3822441102820632, 0.22754001896023268, 0.39685714859521376, 0.39416230508450073, 0.327848033285256, 0.36658226384180714, 0.3288844204733869, 0.31675738299534345, 0.16641533437109693, 0.1753768410328958, 0.4435901956896055, 0.5383990315549463, 0.5948848782096497, 0.5350001261303466, 0.6129024913097978, 0.25380159422538323, 0.4055875596884267, 0.37434259112157725, 0.3813138269016137, 0.49993229234873937, 0.4497554396996868, 0.5558043057109835, 0.6062788120971452, 0.7175419125208705, 0.5876922892129348, 0.6178562555470453, 0.534011337140044, 0.47732081763948875, 0.6117460625766024]}