{"T": 123, "min_window": 24, "significance": 0.05, "n_simulations": 100, "seed": 42, "critical_values": [-0.4400198907344013, -0.09449121269070046, -0.0005283572945553316, 0.27626785880492183, 0.050534202240147874, 0.3999511808046856, 0.20490950542006378, 0.16155226665566227, 0.4813098766832939, 0.16860981892358184, 0.1435775057123485, 0.408058475840296, 0.2957595445787706, 0.16373612431764648, 0.11673811088790993, 0.0861484879703953, 0.24900939956760829, 0.28072806576939074, 0.3976740208903673, 0.4260084032667478, 0.3592360012011408, 0.3338685147600444, 0.2619603949650068, 0.3267824034896809, 0.3311661913037603, 0.2650425645800175, 0.3184687430665683, 0.2291056397744271, 0.5020921079201197, 0.5810475478947131, 0.6053993844962414, 0.5600482369135992, 0.3681516098016922, 0.42762949574373604, 0.40277324544103826, 0.5090185628079117, 0.3333224011760094, 0.2030252207403386, 0.42060645089224924, 0.7543760018471347, 0.5874911461222037, 0.38823544970749535, 0.3554638469971454, 0.24582713545068777, 0.02993728922298091, 0.36515262067698623, 0.5497136940697626, 0.5115840083363902, 0.5608731229015103, 0.530245338018776, 0.4373276726080486, 0.465305184178875, 0.5383987861444737, 0.4521892411624978, 0.42450699713477485, 0.41463811188120453, 0.393557258926173, 0.4192622722399439, 0.4017415025452912, 0.4222331857529625, 0.4541775723705643, 0.4802509010485644, 0.16411794286033335, 0.3023930975350182, 0.6471517604806558, 0.6244609099740301, 0.42614590063909785, 0.6539365606621049, 0.5033533092444878, 0.7110720093387739, 0.4494294901513975, 0.5950349451492511, 0.4883788113306892, 0.33382219188052453, 0.3751352619627527, 0.34544921789982386, 0.23408526662766113, 0.3775657971451787, 0.5387348005280616, 0.2981958612606887, 0.29162942239330775, 0.5112724086168374, 0.2958120327217665, 0.5275160927124881, 0.4434020687063036, 0.3612075304586891, 0.34439726506659385, 0.36717408690882064, 0.2584540195975277, 0.2732940320856681, 0.31351566473038955, 0.4555799381574113, 0.4787146344709583, 0.5806351579596403, 0.5514134254359299, 0.5123971567081387, 0.5444642720371721, 0.7183640982764343, 0.7256268163643618, 0.5793685412454296]}