{"T": 124, "min_window": 24, "significance": 0.05, "n_simulations": 100, "seed": 42, "critical_values": [0.17955550728961323, 0.08057801402570879, -0.027423616026201462, 0.2795348166209127, -0.019522907168755693, 0.19423801737506718, 0.21131983037840138, 0.42407075306415415, 0.31004502441841525, 0.19457487008657684, 0.28574111514542455, 0.20436786213985753, 0.4112112497781375, 0.28281427458818387, 0.24328774468447367, 0.3038091089822705, 0.22403805267502128, 0.3622038271825798, 0.24227931011579448, 0.18290421554746317, 0.08585511432527793, 0.005236387935465664, 0.20262547995219193, -0.20528555520042835, -0.056685130815800185, -0.02294611886507859, 0.1385099484072571, -0.04049480189684306, 0.2534047301968608, 0.11739564594961732, 0.014618622952048028, 0.12985666547392705, 0.425717841997672, 0.5600142067386843, 0.27187689576036883, 0.41524537471827316, 0.4067630935834475, 0.36379962332537896, 0.0955922543499197, 0.22367449944615245, 0.38128282256958507, 0.45462391152005244, 0.5932836012397414, 0.8955091187404127, 0.7476119429389037, 0.591462771093858, 0.6463156560276795, 0.64896952742085, 0.6152279098230267, 0.581549182106677, 0.5688080395643862, 0.4055591452737434, 0.3748974676788429, 0.6184921399343991, 0.41445756467748274, 0.4692837589469105, 0.5932833049347341, 0.3012845651272513, 0.32394538309856324, 0.344180796755167, 0.33932165710551154, 0.44164604794305995, 0.1686226360638851, 0.3698165608313925, 0.26615856545763084, 0.536374596677599, 0.4236750479483078, 0.39304677589197423, 0.4910104955073484, 0.4992574073231402, 0.5692039797276716, 0.4912503970310633, 0.622003695570534, 0.40806290805196616, 0.3290361959270196, 0.3624187373217842, 0.5460557566081848, 0.39665757342096186, 0.4230538314082451, 0.5298947394758639, 0.27718697827623034, 0.424147003205202, 0.26040760462996576, 0.5201943148537659, 0.4219685437613987, 0.506999195334973, 0.10135043138150605, 0.3714813192694923, 0.5087902065441732, 0.403047473411129, 0.4916937950448265, 0.35206193347789994, 0.5922310043227453, 0.4164261515279249, 0.5242359767340484, 0.5473111789959422, 0.3582399866593019, 0.6154926181896069, 0.6031717731090209, 0.5084297147660298, 0.4098169415752628]}