{"T": 125, "min_window": 24, "significance": 0.05, "n_simulations": 100, "seed": 42, "critical_values": [-0.0026251829266373946, 0.10038585388609854, 0.23447334100840037, 0.3400070088275984, 0.29774499200181503, 0.3369889902637188, 0.29511966973517245, 0.42092113688620764, 0.22773026463219828, 0.2044988100854781, 0.3545504865081898, 0.5744342735957986, 0.41747269251078045, 0.45576685396958777, 0.3530933628115717, 0.23382571012912914, 0.22278865719190685, 0.4003600767952342, -0.11142825312997319, 0.20051975529616167, 0.09130157995002583, 0.16151014583907083, 0.054597148797121325, 0.3476789860124466, 0.07629166912920837, 0.3170150229446893, 0.16350734933378547, 0.2893836792463253, 0.09840537454386582, 0.30166344134491113, 0.367642560092057, 0.3656040976800417, 0.5388985724515869, 0.5975869896704009, 0.2702395221730174, 0.24911094876371265, 0.5051381336751495, 0.6011635241212208, 0.7838627980994566, 0.2850490340544307, 0.44338608976424526, 0.4601009504936763, 0.3087716180811188, 0.6662954540598963, 0.6291356660394637, 0.4911299708640463, 0.6365540726551482, 0.44948232364201773, 0.42554142398912037, 0.22877871295119492, 0.6715215263290331, 0.4536638622933247, 0.3222102199430726, 0.2262613152691464, 0.3894501932717037, 0.49614779632547806, 0.509360374746735, 0.3730233634060432, 0.43679760939448115, 0.612795342265019, 0.6265639156109091, 0.5716311065994858, 0.28396482804371626, 0.13035641552486985, 0.12213163458473533, 0.18216911664403465, 0.04081202529312958, 0.3157554209065369, 0.17403354968363843, 0.553271554647012, 0.47663648992042335, 0.3501470858490241, 0.27091064513743585, 0.10082637473661835, 0.3008780785266071, 0.2772145324188427, 0.5021451391028376, 0.44519149811893083, 0.21944948160353533, 0.21465781621284927, 0.2564098402366188, 0.11994443737161584, 0.270380035679559, 0.4445732985398553, 0.7194856341401963, 0.5274876010529426, 0.6153236882395896, 0.3416192222117581, 0.4048675602131346, 0.6565262614864701, 0.7308913218332229, 0.5229789429897949, 0.430383521547702, 0.5574744373816326, 0.42708020979638806, 0.4163520168815318, 0.28216215856045984, 0.37521791791918696, 0.401685877819026, 0.42649280815191576, 0.28080456443640445, 0.6832273459559871]}