{"T": 126, "min_window": 24, "significance": 0.05, "n_simulations": 100, "seed": 42, "critical_values": [0.034682234014982556, 0.07673328242531237, 0.0032479234160735747, 0.264388355183444, 0.1577870595902705, 0.17447486503259227, 0.02345222994356495, 0.20503191747324054, -0.03355555501825829, 0.16208158323943647, 0.033723131923896796, 0.15300227882687178, 0.0923056780146737, -0.10826848464730744, 0.07324714878018596, 0.23887049179555941, 0.2309692546657512, 0.21839893368112281, 0.22693820239994036, 0.22478692059021949, 0.3769234645427708, 0.3236727679723326, 0.3868112642140325, 0.42646238971228295, 0.5969347471004741, 0.2702106336922941, 0.19521910769012613, 0.19045885540382732, 0.13768717068048858, 0.32868522810698153, 0.14610786833586598, 0.32940892657862747, 0.3374167645175987, 0.6372561680521642, 0.5295258327081879, 0.2881169191792723, 0.33657527048690933, 0.49755656480396143, 0.5674347984118744, 0.5840848221570543, 0.5511304520744295, 0.3986258796628652, 0.30180565121564784, 0.646750293668377, 0.4069396069023509, 0.45848459670256614, 0.5308297054780019, 0.387313948193578, 0.591405606669513, 0.5824918197009156, 0.6270194446617575, 0.4118608749131835, 0.22994858710822205, 0.5206761424277841, 0.5202810137232828, 0.3430788057290077, 0.4888340280361603, 0.4678430616101842, 0.6012822830402748, 0.4890603605712173, 0.41532675499927396, 0.20815345116159933, 0.5039591819939141, 0.609544979646755, 0.6010838441914921, 0.6247092366414375, 0.5398555808515996, 0.6183869139359085, 0.363786225463461, 0.5908354623639769, 0.48691190950677554, 0.3273172830210638, 0.45191328568969946, 0.5607229835507619, 0.7505281704411915, 0.5242161515324999, 0.38859339221257, 0.39849567925786733, 0.2354911246466368, 0.5392692624680858, 0.31185092489514604, 0.3278193154370956, 0.6157390978934052, 0.4865439667944504, 0.3497817181945733, 0.24463117650034513, 0.3039111411178024, 0.347506371029431, 0.4271812990720883, 0.32569632059068093, 0.2886820949674182, 0.42542911218847423, 0.30915724667677175, 0.23471662455053915, 0.18926876151100924, 0.22201551706951553, 0.2394521756901173, 0.295020485507575, 0.37636934269331573, 0.1465040506298793, 0.10855975412218044, 0.21522649460206525, 0.19153522205348564]}