{"T": 127, "min_window": 24, "significance": 0.05, "n_simulations": 100, "seed": 42, "critical_values": [-0.04964443754503737, 0.08887672935128528, 0.20702478858395065, 0.05861489116732522, 0.21007689710923647, 0.20620763208458204, 0.37195253173637904, -0.116096030796529, -0.05287618838333363, -0.2286722212973018, -0.2052159811606047, -0.09012055110796886, -0.2133272234437756, -0.11695965730978447, -0.06859318273171856, -0.06094696582058214, -0.06843560734000666, 0.20311916301055552, -0.10984297855039066, -0.04636515426955934, -0.026080212765034163, 0.12332872455853229, 0.2624441902949689, 0.25988028903429045, -0.01719357581227473, -0.08598961982431372, -0.10971289898912957, 0.014492043727247817, 0.03170037914948388, 0.012048889340043233, 0.11664373636002882, -0.03646622256514525, -0.09026025697732638, -0.022537310173565014, 0.33726995426270334, 0.17564754721020578, 0.030812622180228864, 0.41535238012185965, 0.4263953045414782, 0.28808486100659564, 0.08879995079379512, 0.17456762712548873, -0.06867603751990053, 0.13128473898869802, 0.19687561338717988, 0.1508059073141228, 0.07784498738639187, 0.1557290856709854, 0.06883054692836095, -0.04864324502173892, -0.06979964568158419, 0.13807232438532702, 0.0614454267060694, 0.2216295058600645, 0.11609656309869801, 0.24389099260715233, 0.2514102273319462, -0.03968329167025609, -0.07571124824654876, 0.01689816876342013, 0.21734547928475015, 0.137577444709365, 0.41463416826377364, 0.6809199634107737, 0.4043747939189163, 0.3816745615612094, 0.45685474120902086, 0.4046729089446051, 0.3059385007001671, 0.33500034284242936, 0.2875767278944375, 0.40533413861085693, 0.5981888491743981, 0.4850603516347583, 0.2958038839381177, 0.5211737912100864, 0.5033111790953615, 0.675998724039681, 0.5879331518555045, 0.49729595983548236, 0.4834220861351419, 0.4892056348945187, 0.49852112880348204, 0.5918580802353509, 0.44960587693463305, 0.3473599538299279, 0.3131946726095413, 0.3898184597054941, 0.37601392064111305, 0.5053159530124427, 0.5246294331403188, 0.5724456384446512, 0.6774584023473833, 0.6093835376317205, 0.7621107069503357, 0.8303418310114778, 0.8629529944588995, 0.8758710055011614, 0.6463794493234555, 0.6939513918024334, 0.7589833440938383, 0.8825720242660395, 0.754571533567987, 0.7040870754694555]}