{"T": 128, "min_window": 24, "significance": 0.05, "n_simulations": 100, "seed": 42, "critical_values": [0.18915190933004178, 0.36495127599719585, 0.34462673376563585, 0.22300474767333042, 0.4781720374565587, 0.17360649542291515, 0.06166643917933359, 0.2583349365474537, 0.36639669715062695, 0.17748066822715783, 0.1712933241471766, 0.05460421645257402, 0.14814423357773102, 0.12252026554737978, 0.06727876125193584, 0.2561251719994128, 0.3322042125024743, 0.27227201899547876, 0.3556575914954283, 0.5513296437319086, 0.42884623494750757, 0.3891236969095851, 0.3699697297113754, 0.3457279255274873, 0.3545487925616323, 0.4034302607516834, 0.3590645669760348, 0.4905426756462704, 0.45199740305215313, 0.39730971642401314, 0.4296604684630389, 0.4823572348578296, 0.3278320131493798, 0.22174621162118155, 0.19533469960193836, 0.3063682932277618, 0.41708619100171274, 0.35131150965405566, 0.4652798844030373, 0.1890279426017541, 0.2638856682011242, 0.13007663780065867, 0.20963940413786006, 0.21145724782455344, 0.3897458336576454, 0.16756248925744488, 0.6134146826919954, 0.1869916764225162, 0.5444172680470835, 0.30016956679711654, 0.4362392161881332, 0.4041291853224497, 0.7482268918830111, 0.581679626007806, 0.31964345435305114, 0.31523008012802906, 0.4257778013029625, 0.29598070959408257, 0.1668043135574711, 0.40210354134969933, 0.35528208285934854, 0.12518002402646922, -0.006032880836110645, 0.026814552473656335, 0.10694155101393371, 0.10998260885844935, 0.17813054796642125, 0.23189251600209165, 0.17110105119490526, 0.580024114207298, 0.5313715756213329, 0.4393499542247676, 0.4710474077993979, 0.7144035766296811, 0.6382760649674, 0.8041630357712147, 0.5682490742572661, 0.6317646917646587, 0.3710626972277418, 0.44867876426698194, 0.3968492888107148, 0.6520138897508437, 0.5183999506361135, 0.6242620677151313, 0.6497475080270686, 0.767147739436544, 0.6510360596200847, 0.8703844813132768, 0.8030417311540141, 0.8124150184207036, 0.7217644389477555, 0.7073836281954734, 0.6130081954103319, 0.589625312354298, 0.7149354146357081, 0.8301424196026391, 0.7059739516477744, 0.5074134332199067, 0.5230255252539734, 0.46777907112723216, 0.5293566268045328, 0.7345851450121611, 0.5774767065949066, 0.4985271553514392, 0.3325204171510932]}