{"T": 129, "min_window": 24, "significance": 0.05, "n_simulations": 100, "seed": 42, "critical_values": [-0.24835640114782762, -0.012189984378394088, -0.014160223186869481, -0.0568068098928067, 0.17506055967892675, 0.16068285103270397, 0.06056949582793676, 0.3406996927723776, 0.305485088677069, 0.2841770786777517, 0.20647890870004174, 0.1678872203241762, -0.058978826873244156, -0.041715884904384874, -0.08883438664724225, 0.1556549560932653, 0.2256595288308612, -0.06934449118746071, 0.023618058428697627, -0.025468863449649347, 0.0519179719872596, 0.13916481140934578, 0.27681587671876545, 0.41612136988858806, 0.517290385653113, 0.46461697027760607, 0.30270930038600363, 0.30551721088494, 0.39604874366747084, 0.4979551706430625, 0.41876398653648195, 0.3996465060002559, 0.44192849180667304, 0.269686988753318, 0.16906664757597484, 0.33619607114911004, 0.40111783401638884, 0.7810420491507994, 0.5477642415747825, 0.3121702782960016, 0.14772899670958267, 0.2777740937028874, 0.5093571811148055, 0.44744422282782603, 0.16790320299300707, 0.4459352677730989, 0.42194260005131967, 0.4078430028746386, 0.5405583063419287, 0.44926577162824793, 0.5748306120519904, 0.6378648561406186, 0.6629170299323699, 0.9451274535165111, 0.7469717207085099, 0.8217675441603487, 0.7139162718501806, 0.8179691403219971, 0.9120489089615689, 0.8452530797568443, 0.7505189516533628, 0.7435688612031909, 0.6497753816897767, 0.5766672572921544, 0.6086576200981746, 0.560269339519159, 0.7155540135204095, 0.7200674563397298, 0.7304746874273829, 0.7000447417825225, 0.5386264221620426, 0.534724044970478, 0.35364545127810487, 0.40084928887320803, 0.4470370515184292, 0.3801636356030252, 0.25615348229022605, 0.36093793608288227, 0.24776904138198183, 0.4159819750840364, 0.2645588307701131, 0.22121876427855777, 0.38660051151591257, 0.44993319203740073, 0.4118738164108466, 0.30119154445100665, 0.7286292877921347, 0.4502851001168529, 0.3873121116746837, 0.45368471106360025, 0.3288371780502388, 0.18474979256481114, 0.20290834452908316, 0.46227597307235835, 0.22518046318340135, 0.11903302708675496, 0.4311320484308718, 0.41731774489030027, 0.4307935829115222, 0.41665792631845133, 0.2107910274255428, 0.7058281935261249, 0.38747174245090976, 0.22794183363283751, 0.4138274056640258, 0.36619530644510445]}