{"T": 130, "min_window": 24, "significance": 0.05, "n_simulations": 100, "seed": 42, "critical_values": [0.05560263391286458, 0.09821337347689169, -0.11279132727103415, 0.16659600573065547, -0.007249276419569798, 0.03152905603810321, -0.013704676329503673, -0.021711986606885822, 0.05491550127850949, -0.08348268799909146, 0.1423134455427904, 0.3810430628939455, 0.4204752493432385, 0.44391920790949585, 0.5532747351961937, 0.37710796167445926, 0.22321688438940093, -0.0198002254435477, -0.03871985997574906, 0.12313092767984617, 0.07865150222839593, 0.20836081068379333, 0.31910795176229056, 0.32979493378480146, 0.4927364523211307, 0.3265675042556627, 0.3492278940852114, 0.33596688240385236, 0.2648200520997376, 0.23038061372518837, 0.3749494264869153, 0.5210751217000196, 0.6122437760454773, 0.878991888885219, 0.7664758325811698, 0.7111547414340996, 0.33140067400063555, 0.217574203737895, 0.17813974795264584, 0.2072643600506506, 0.2990403262611737, 0.15150957701080306, 0.3758022410838161, 0.2822689929468091, 0.33530763631116944, 0.25159852986225245, 0.571111259746641, 0.6977738934018763, 0.2922953342589745, 0.3999760364089207, 0.23363759046467547, 0.3304225617071449, 0.3910554649152457, 0.15705796183170545, 0.25910680445773376, 0.23618572548437133, 0.36809852340578436, 0.40138047464607807, 0.6218589069565145, 0.6286053635007561, 0.5101351191135595, 0.39748399979111537, 0.4190902001200735, 0.2880701167534201, 0.2134934178387547, 0.652739942708787, 0.613975864749846, 0.5307089115395263, 0.2502981413292845, 0.3626059214665195, 0.34256847755347414, 0.3606197627997228, 0.28568366673354645, 0.2861415619485584, 0.3037656236729754, 0.4181099120587894, 0.40788673527364455, 0.4634882668953996, 0.592326707857599, 0.6750347999173678, 0.39738707196792505, 0.5237376394339053, 0.46635002902902806, 0.4860904616099118, 0.11078850434812833, 0.262702628937857, 0.13048477127212138, 0.27019462434970276, 0.2963091332180731, 0.4710260205247443, 0.7162851578697297, 1.060002342028621, 0.585016602964564, 0.6199358951702749, 0.5223644061125448, 0.6689645335201675, 0.45716249644902845, 0.36390572247460695, 0.31172040743535456, 0.3538911426219644, 0.4282988438056741, 0.32391645675169733, 0.5172859577061447, 0.634636469531062, 0.5493907522965557, 0.4633981215553944, 0.5562378339368276]}