{"T": 131, "min_window": 24, "significance": 0.05, "n_simulations": 100, "seed": 42, "critical_values": [-0.06342077828654055, -0.007822962464794957, 0.08884028972510938, -0.11365798067947265, -0.17518681164437197, 0.1742636248105048, 0.2699077885405695, 0.32496010727840563, 0.20993254598717145, 0.36780609766040745, 0.5461045122056823, 0.2558128199084898, 0.44704007990237626, 0.47617230854709147, 0.713457194281044, 0.4009277860594121, 0.4394670097051976, 0.3687668219016903, 0.39764029981134813, 0.31767262084206566, 0.44199139315145763, 0.16628676807121098, 0.2672612335351165, 0.17566252315016015, 0.1637591798621845, 0.5219019893846938, 0.29255310883042207, 0.21049093933551496, 0.0975677509630731, 0.3836253348351733, 0.2084625305507409, 0.4413532071882922, 0.33154255819454703, 0.35223256803358, 0.12789380231873854, -0.014311131600097953, 0.05680221534024103, 0.051097929190468426, 0.12042993286545528, 0.162341305692718, 0.128772703218129, -0.030076719558886526, 0.09816699641703623, 0.2847050421547295, 0.31545782510117354, 0.3654920180485455, 0.23022130304056293, 0.2203155625705107, 0.17501799991555458, 0.15066521668269556, 0.258009232379939, 0.2302155744510966, 0.20694408109588425, 0.30972269595909446, 0.2995632892999597, 0.38447052570990997, 0.33087214184680824, 0.34120732802654125, 0.3773677308922536, 0.5532249530418957, 0.497909688544342, 0.542674291156818, 0.4849834687688998, 0.7254579730993479, 0.4917244893362338, 0.49872262410899043, 0.6666796860825861, 0.5224361138359817, 0.598290508388736, 0.4311818693185535, 0.49498422705570055, 0.6292702000234631, 0.44758485466559567, 0.34541567945215795, 0.3397699995070793, 0.22102416823997462, 0.2736767768013419, 0.45385571868693764, 0.3208626024063927, 0.37274042078827574, 0.36211927830911333, 0.4459601603920217, 0.2657067534639621, 0.47082301656018277, 0.4728749373827672, 0.656727948480404, 0.48716345347714846, 0.5543920865681133, 0.6616046898661552, 0.8617995691479025, 0.7163803868110856, 0.9019395859732967, 0.5297464549089982, 0.6514529162187708, 0.558998072642106, 0.5573853510386071, 0.75596501740325, 0.567786902408531, 0.5722248799589953, 0.6393194270204966, 0.7442646788978363, 0.5221139413438948, 0.7359959929989728, 0.4986125378892455, 0.832053206684955, 0.783514675511479, 0.7580473344739628, 0.6383636708237671]}