{"T": 132, "min_window": 24, "significance": 0.05, "n_simulations": 100, "seed": 42, "critical_values": [-0.11999456592247731, 0.21033141515786188, 0.20227460798640357, -0.02463327726564887, -0.0605762792943434, -0.02078834718777383, -0.09607850342056554, 0.19114453343619875, 0.029347315108422308, -0.10888228133618427, -0.013960417811130967, 0.13566470310555176, 0.35463821698440123, 0.02983089173102978, 0.08173775871980017, 0.18991381104133004, 0.16005002803205207, 0.04123400960867937, 0.05174307878376106, 0.11740962733964819, 0.05196647357541437, 0.2927231034842263, 0.2644718172867259, 0.29639189844406316, 0.01596244262032074, 0.11776195759691473, 0.15195754605881956, 0.3049432975998226, 0.45076297569199586, 0.18208397453266273, 0.12414964177035116, 0.22313021163626523, 0.22716980308882087, 0.07524532508869668, 0.06567181104350299, -0.04488044536935866, 0.03674954912148887, -0.010800803470442802, 0.26723327115043516, 0.48756014029877726, 0.3976840672275716, 0.6815966090238739, 0.48427312834562025, 0.3458071193557704, 0.29660918203801023, 0.36172986508631205, 0.21125594257784297, 0.3136162135776431, 0.24445489842076734, 0.1422529483376133, 0.09952699267057634, 0.07555369190752166, 0.18853603319362444, 0.41914426962219437, 0.2906793636499503, 0.3255891082214821, 0.3003523396679303, 0.5592444254952814, 0.5524637220112001, 0.483319427875854, 0.5040710375577497, 0.6155620667223253, 0.7403294339913421, 0.553640464684941, 0.7603746138133524, 0.5426243721543655, 0.5650445041076793, 0.5482577488477677, 0.53608506502582, 0.6197515316952323, 0.5055298168519125, 0.492306653304547, 0.467830888717141, 0.29271615515621124, 0.4236045166129885, 0.4554236065349725, 0.6099697811246005, 0.7217955802571925, 0.7998869075260794, 0.5828814127850392, 0.47219922931158526, 0.47342469320217506, 0.38642442523878284, 0.5444049356831187, 0.21151209671867793, 0.32537927054685223, 0.4008455362904092, 0.4451608312938101, 0.5497518249263506, 0.5318315433559232, 0.5224776332730577, 0.6053335468904631, 0.4724755225770661, 0.5616818397939931, 0.6075123760840496, 0.6942217576299654, 1.0117168883846737, 0.8297449504224624, 0.980079104081707, 0.6399072702975297, 0.6252994239807231, 0.5320217597929515, 0.8200393682357899, 0.639703058151579, 0.6986786609875407, 0.8777288386009752, 0.920662879523742, 0.9303557365718058, 0.7326268636033949]}