{"T": 133, "min_window": 24, "significance": 0.05, "n_simulations": 2000, "seed": 42, "critical_values": [-0.08932252609999787, -0.0042078905618856115, 0.0330721733331525, 0.07165282228590351, 0.12223409000662375, 0.1090698857094693, 0.22104248525650408, 0.13986145893135893, 0.14596622257431016, 0.18385144509020857, 0.2331813513318547, 0.29215534622127937, 0.31221344998182354, 0.36529645460430693, 0.3538507811396589, 0.3697865121154819, 0.39946571173865475, 0.4152492506647442, 0.4013989078059028, 0.39259042127854116, 0.3829127452062216, 0.40702400106361625, 0.3779249509967348, 0.395541736038901, 0.42053967202972686, 0.4330112250101824, 0.41881761140176116, 0.4493690307149973, 0.4317558607275933, 0.458083041981846, 0.44892207764358644, 0.485732712697029, 0.49917712950110293, 0.4844399820472352, 0.4761286719712179, 0.42482475059212116, 0.41200290635028036, 0.4538747627759193, 0.44565578747122514, 0.46202302688085867, 0.5136642033464948, 0.5147579471535008, 0.4631708052605043, 0.48778602616477984, 0.4543949206406174, 0.46574834896390743, 0.5202038088738582, 0.5154547460560289, 0.5720221074000663, 0.5809622255351555, 0.5450303903512134, 0.5764795626463184, 0.5602691274153387, 0.5490431831058049, 0.5614840179829182, 0.50419137059371, 0.5180515025452054, 0.5370569971577017, 0.5129622248042794, 0.5022241667105984, 0.48011472294234214, 0.5229729536625594, 0.48677324946455114, 0.4819383607062879, 0.5326374744665431, 0.5398497941730596, 0.5684255746494506, 0.5247635683371749, 0.5501705284824144, 0.5985015411113888, 0.5451194337392419, 0.5381771943825171, 0.5713506276940141, 0.5404375572098319, 0.5202348837750794, 0.5271192421101424, 0.5414067768268814, 0.5035304634399527, 0.4784940974755697, 0.496965508126256, 0.4631977923081424, 0.45707029937500376, 0.48423180001342525, 0.5071885317058326, 0.5278620193204656, 0.5925651479310021, 0.6244409527367303, 0.6034319861482519, 0.5811134311856045, 0.6201026751026705, 0.6085794469805579, 0.6286773503634079, 0.6408028655386976, 0.6422489269571882, 0.6058476184549257, 0.6219708554290553, 0.6092688423041256, 0.6331965352839511, 0.6049131531537871, 0.5529109247386121, 0.6657991144837466, 0.6798080408475982, 0.628570644799974, 0.637934890818881, 0.6285715064881907, 0.6635533115940724, 0.7034546066965262, 0.6403177511399126, 0.6451869249880443, 0.6711703316803767]}