{"T": 133, "min_window": 24, "significance": 0.05, "n_simulations": 100, "seed": 42, "critical_values": [-0.20795588131672477, 0.07846202404479609, 0.01818422884393861, 0.04363422470808174, 0.046668967964082805, 0.3445733245999675, 0.2513988796856583, 0.21239118661389583, 0.143271620991435, 0.28286524060556795, 0.03322529048668777, 0.2466546605105658, 0.045553512699004636, 0.05035114968630015, 0.05382896487343376, 0.21661800641070617, 0.11466258544360032, -0.000805503395511352, 0.14483035152920837, 0.28106485709277557, 0.37407523425281003, 0.35193152243440373, 0.3866987823147226, 0.31938015538600867, 0.26880373402833574, 0.41491310263552555, 0.5465752424468322, 0.6843609069125209, 0.4878508016229248, 0.44339158740879936, 0.27832406932024445, 0.3709038879984995, 0.5669161858381105, 0.4424338351471395, 0.502395808799337, 0.3874225433492353, 0.10316942114360354, 0.14221608326415558, 0.20863276786368146, 0.36020682758813727, 0.43364830294608514, 0.4634897253919601, 0.33876822211696817, 0.23668640321239554, 0.3387035242632494, 0.4580055653878753, 0.4077611825389085, 0.27685650933019545, 0.5337777480562202, 0.7170175337511147, 0.6216244400115091, 0.8325363553392611, 0.6044883262387035, 0.40043020155589715, 0.6066478727813055, 0.5169356275550969, 0.6748584529178716, 0.8407483261828795, 0.5026880955276374, 0.6087136575081502, 0.7434671482481126, 0.5231813145656471, 0.5929328122678064, 0.4524926202642169, 0.4048864877969402, 0.4450370412884131, 0.5072686838072921, 0.677264157118107, 0.8020714387179708, 0.7216611128107198, 0.7082320319129074, 0.7466646599551705, 0.646382106224551, 0.7368584677089216, 0.9076892232473658, 0.8779371050296416, 0.7703147772774109, 0.5686875098306248, 0.4602752932069958, 0.6313946827956793, 0.5784431879881802, 0.1630293616349708, 0.5000851135422145, 0.26606325907671663, 0.4829209379693796, 0.78993676189613, 0.7217433093225477, 0.6413995519544959, 0.5250720990312756, 0.44040611581556904, 0.5306244391862971, 0.3153149720502058, 0.31405800848971493, 0.4054018373501885, 0.5875734446653966, 0.5875825712752092, 0.2295624272432158, 0.08894650627968097, 0.35966528405378995, 0.3708528124089974, 0.5171559280907941, 0.5872775816011395, 0.3426781762631202, 0.3293961142270545, 0.5295820994147181, 0.4026996887391812, 0.4365266059943648, 0.5368734503928126, 0.5310246900510726, 0.5036844103850464]}