{"T": 134, "min_window": 24, "significance": 0.05, "n_simulations": 100, "seed": 42, "critical_values": [0.14007659661938696, 0.33546575539003987, 0.1973188073596111, 0.13815918988115541, 0.34633102313147623, 0.35364507323517835, 0.6595014853935348, 0.33702992012449634, 0.4524345850185554, 0.5267942371376573, 0.20325644103681126, 0.11862897415963167, -0.039213262066846576, -0.2005216126859544, 0.06927839348399027, 0.11084630771434037, 0.1589158052358902, -0.06466733734882343, -0.1620136719935935, 0.23446102585360945, 0.13890065298632864, 0.36879150813586725, 0.33389711572185826, 0.26963402337825054, 0.16921138756057172, 0.25396635138240437, 0.3822272794156781, 0.30350210306994707, 0.4507895486984739, 0.5865907340665893, 0.5621462721708601, 0.4190503667257872, 0.8049596670754514, 0.4668616128413807, 0.3925924490440573, 0.2811886735213931, 0.4020265827666878, 0.28778573405698765, 0.4283776206594849, 0.33049353827789235, 0.4346014504730581, 0.3384999746582332, 0.17474323050979096, 0.13775856750047655, 0.23333334121414287, 0.09881692522863021, 0.13492525805162417, 0.23648818704769317, 0.04658845758510356, 0.2796549023366448, 0.4598412485679652, 0.6552910958444228, 0.5163532943017467, 0.4884886651881014, 0.15153947623230185, 0.3816115912746121, 0.44206920492543866, 0.38664026820078046, 0.5511874585870926, 0.49246676935570616, 0.25201349363054615, 0.3929830006969408, 0.3613627418992034, 0.6378395669781889, 0.6343263421141812, 0.6391606125254848, 0.6335108491490191, 0.6652405321044398, 0.30305762675152376, 0.29444006917875315, 0.5455057526232256, 0.7031508674246575, 0.3684817662987824, 0.5182523827842694, 0.5069726046990504, 0.5764231412890468, 0.6099040705231792, 0.5781172309979409, 0.588957737117534, 0.5964589496986191, 0.5462569369012088, 0.5890938796519599, 0.5822560477333208, 0.7866626697420652, 0.8402962812775921, 0.6922390892786175, 0.7991641005514929, 0.6045001526515402, 0.5304927467978648, 0.4524002167068406, 0.5944946969151073, 0.7472758736967163, 0.7082385075120221, 0.8243440951254887, 0.787099606921944, 0.9312939069794319, 0.9280736616262302, 0.8322797166817658, 0.5401280215902022, 0.6210434819315156, 0.48233178577283925, 0.4485642535440998, 0.3357875318672816, 0.3943192691813775, 0.4178995406462929, 0.2929558791700074, 0.33074926377430347, 0.30339237425639637, 0.2949284054158953, 0.3099292457315916, 0.4053128378021765]}