{"T": 134, "min_window": 24, "significance": 0.05, "n_simulations": 200, "seed": 42, "critical_values": [0.27744137495595983, 0.414117807101842, 0.42487691133584965, 0.4048465246644081, 0.3317833395794323, 0.3827125274320351, 0.591517287577765, 0.5169556647258573, 0.4731025399427632, 0.6989929115789068, 0.4684445042992633, 0.3751471255353975, 0.5716305556293424, 0.34932453621185816, 0.4595426729368155, 0.5694242774108794, 0.4248977064728303, 0.49732372333393327, 0.43750714690291753, 0.4141662956260347, 0.30025465283412545, 0.3845695087290483, 0.4024491649849428, 0.39433756263166736, 0.35783320216784925, 0.36724021153770325, 0.44975527172728913, 0.3331487645640965, 0.42731260508959024, 0.5802045953415307, 0.6557723831363627, 0.4144777349460667, 0.5650363063450656, 0.507986861182087, 0.4350333937276572, 0.3077228477727316, 0.40202658276668746, 0.38002313519822384, 0.42305434130002945, 0.3386707397495109, 0.43156741878255694, 0.4456879961502571, 0.2103693166542073, 0.14586159424213696, 0.30997492473569044, 0.23196942186924577, 0.16680827981340116, 0.24045852487629404, 0.15033170832545942, 0.27640014587401296, 0.38988778123074, 0.5108152983961444, 0.3687609174452031, 0.29570398723371877, 0.14246794311993782, 0.36015934840528635, 0.33081373426055777, 0.38129205788537174, 0.40658817919711876, 0.4463390795552091, 0.24116038772840523, 0.44989834577357934, 0.4958483349392435, 0.5927989315400025, 0.6072327065418515, 0.5243416115317447, 0.5449111923515257, 0.45088205552519706, 0.3928216300549012, 0.2887682290159802, 0.46067347373153095, 0.5920308037222519, 0.3905773621620535, 0.39133325478869757, 0.4226563733202285, 0.5215565903242657, 0.567901956328365, 0.557229790179792, 0.5412265172870069, 0.5493071793811157, 0.5322527973653679, 0.5434518795525903, 0.350042021456355, 0.4875680231655039, 0.5064282202402846, 0.44196206196603016, 0.5239744028757388, 0.5473321894160161, 0.530492746797864, 0.4524002167068402, 0.6091120993537139, 0.5861702516353996, 0.5328589589800916, 0.6964913339370435, 0.7008528805452725, 0.6668098683876694, 0.7148040534763077, 0.6075768425102123, 0.45328816508590936, 0.5432857268008336, 0.4800581891281952, 0.4471818506693811, 0.35513056694899914, 0.47419388493475395, 0.5186570894234458, 0.5146988091998059, 0.5030702848386045, 0.30339237425639587, 0.29717189389696363, 0.31831794947588915, 0.5245845531363484]}