{"T": 135, "min_window": 24, "significance": 0.05, "n_simulations": 100, "seed": 42, "critical_values": [-0.0410563384320563, 0.08218018644185314, 0.08801671782736906, 0.1807107300630096, -0.002339152840099385, -0.021827351000083775, -0.023424636888216752, -0.024200930208495876, 0.009072113131435276, 0.14143187429675658, 0.07665672904217337, 0.1809991671647208, 0.2838390379906998, 0.30915128071566694, 0.2864388057970376, 0.3012529355735927, -0.0029249051694985144, 0.20518322654886748, 0.3101386610516006, 0.5734757973128961, 0.3036453539888262, 0.42594571100749146, 0.3943000646407982, 0.23438142201495, 0.24908246330493888, 0.031966200668577555, 0.31901539884512214, 0.27207481665608313, 0.42764876371600324, 0.3835154964232935, 0.4380502975518322, 0.383703603657192, 0.27496908263274633, 0.24849013752381674, 0.04146636587958476, 0.19648153980799363, 0.31082168819254236, 0.11058337085310939, 0.15375847398213768, 0.25264962201478497, 0.4235607907242808, 0.4259841266235372, 0.4700533080880797, 0.5383645022780317, 0.8454415085562296, 0.40174547083754714, 0.481406732106703, 0.5569632465065965, 0.7215813314681943, 0.47442533462508674, 0.5696176447517057, 0.2717341771580311, 0.36014295676062447, 0.35122217430412117, 0.4202002133247875, 0.4510729511160229, 0.5051467001568489, 0.5295526773664198, 0.5574595071037423, 0.3726119387096754, 0.37770851799399696, 0.5833206206422658, 0.4448571625402415, 0.44897328666836306, 0.5696190163234434, 0.7285425376440593, 0.7077222281475747, 0.46601784967321697, 0.6613857604478304, 0.6577102736785726, 0.6200235910132991, 0.5127597571714769, 0.5626609353937785, 0.3987912035556912, 0.3866885604486945, 0.44570950657951086, 0.38218845813898555, 0.7621032962935501, 0.4300861660130728, 0.46569611919962556, 0.5699319477967111, 0.657929369576311, 0.6356894103851884, 0.7441075370592144, 0.5789909789898805, 0.8604735889975815, 0.8663810090111745, 0.7960626578739456, 0.7546337620658906, 0.8275629536496006, 0.5714563742482093, 0.6283052415233231, 0.41235253909976205, 0.21877522558111492, 0.34161131279397683, 0.5042609090299723, 0.7085307678484332, 0.44989673753713777, 0.6017894070347126, 0.4847102608104556, 0.5313640651498537, 0.5137781703851271, 0.37166028208911267, 0.43561205560215527, 0.6278049439629307, 0.7636055291407898, 0.5716459341974577, 0.7146794818445457, 0.6505887164344952, 0.20731698821754393, 0.48471152261472333, 0.5714458545472614]}