{"T": 136, "min_window": 24, "significance": 0.05, "n_simulations": 100, "seed": 42, "critical_values": [0.27530538190622916, 0.0418603686293312, 0.05907494538634651, 0.2804942242464273, 0.28084169634402845, 0.5080836315423082, 0.46716160518576133, 0.171192485991041, 0.12206517681364353, 0.15241908799564882, 0.13812837159884606, 0.20335562487071607, 0.06017867076538787, 0.22056723788315907, 0.06355094391390965, 0.3901766767367453, 0.33155750676940443, 0.19285938328875585, 0.46591687074662913, 0.5418924402867937, 0.25585754945656664, 0.14547577295555655, 0.262265577864968, 0.06441621076828562, 0.14622950278619024, 0.15227702150081662, 0.1166017770303322, 0.10851508305031937, 0.17575857124446853, -0.0141145924118743, 0.03613664095032858, 0.07980561249091699, 0.10617452409740576, 0.17662215036666462, 0.0434978385107337, 0.3099272589082232, 0.16746618191151472, 0.34840149821621624, 0.4632731372011818, 0.4955767286340443, 0.48653460272429455, 0.42157239513879563, 0.1242577996420672, 0.24232852365698038, 0.1608557584630901, 0.09274376581529478, 0.12309989056523238, 0.3430394004498887, 0.3437521578738734, 0.7113492475497195, 0.5816249076127012, 0.6987923092071133, 0.7426697545445929, 0.7223195272547146, 0.7935271377995963, 0.529243026341877, 0.7569591636279086, 0.48771005932984796, 0.44450411934417233, 0.4347833638918979, 0.43640287252771776, 0.581832448777514, 0.6061093374624001, 0.6172835792897662, 0.38681858991781676, 0.4122828221819397, 0.4254572020082691, 0.7505921094913484, 0.4847941341539833, 0.4368929168480276, 0.49760133975438897, 0.4158169615657596, 0.2295303317455122, 0.40306555315734544, 0.2643949463474039, 0.49676305248976865, 0.41773108432299355, 0.3392701631046228, 0.07791858315934079, 0.20996552844793107, 0.10281955582983035, 0.14505028921476631, 0.3357254761676262, 0.3886249484738931, 0.17262818420544568, 0.20039325583669335, 0.30318562341626204, 0.25259890832813603, 0.018982679792225548, 0.29533891683204816, 0.3701554870421946, 0.20687576991512482, 0.3533850262900785, 0.3816668352426387, 0.250008829659879, 0.5074071146708794, 0.3692749329778193, 0.4333080343618984, 0.4409396862738169, 0.5034402671020115, 0.5361204110451067, 0.4474851508935484, 0.5976424749364195, 0.41380577367446225, 0.3947804353969639, 0.6510465985155415, 0.45411884886374726, 0.4834604694779914, 0.7942507451793145, 0.4929319235082822, 0.5051376180970834, 0.3001955876191388, 0.4835556559152893]}