{"T": 137, "min_window": 24, "significance": 0.05, "n_simulations": 100, "seed": 42, "critical_values": [-0.048020794878410704, 0.08618696406030638, 0.1907139787550219, -0.051417359976706545, 0.04427207767149434, 0.18197890025976493, -0.01178988335506946, 0.11118526034232082, 0.3024118946023521, 0.423178407682794, 0.3051213529867718, 0.0048670647157829615, 0.2519893812650702, 0.15387412662750455, -0.06562463921352975, 0.1750902947332136, 0.006561401571026588, 0.05212285045880358, -0.10128353406447778, 0.1530505034877702, 0.22720799417721463, 0.29653432781880973, 0.4457362406546009, 0.40243482523207397, 0.5626474141933451, 0.36008615295453084, 0.4378532460785938, 0.3360599634632373, 0.3063017853635396, 0.7486489715461526, 0.6021831715712093, 0.3945736619053773, 0.3649483645914581, 0.33337476128317334, 0.3026453019992162, 0.23966717330132337, 0.40215288334932314, 0.3005518377356428, 0.26477439156646404, 0.2793063161639891, 0.47182714912415225, 0.49075021069544567, 0.529568960266221, 0.5255839859676453, 0.5106225030968098, 0.4988261295043469, 0.4135386009018964, 0.33635683988329185, 0.25290892644771623, 0.2833189036965714, 0.5203376284725859, 0.6909085976042686, 0.6563092548163826, 0.791874616288536, 0.43746543894732537, 0.42506430530694134, 0.3262070981780067, 0.27138332079576805, 0.41252450878151803, 0.5881493805469602, 0.4109362022461388, 0.43695111554586075, 0.267471035950183, 0.44776093979352255, 0.27311096291577924, 0.4107463938670288, 0.6284336710374776, 0.342526776014841, 0.20544554758981087, 0.3720484354867618, 0.40832658710044173, 0.34425053648344117, 0.5233452017410932, 0.34841547653566146, 0.23595161485525262, 0.3058521145005755, 0.5169600041521328, 0.2924304061470662, 0.45430879023102333, 0.7802647962568, 0.8380728446152108, 0.8789450915853644, 0.8769420551262862, 0.7166991061737055, 0.5713243196728062, 0.4673946974527024, 0.7069365101126145, 0.4008257803559397, 0.4692232000484239, 0.519168822958026, 0.570337762459729, 0.5562928609396728, 0.6325176874248541, 0.4573582287402317, 0.5666582483900777, 0.6544943422139176, 0.2782854723643823, 0.4547174188598518, 0.4607386775114613, 0.58471189753553, 0.6654625433521043, 0.7499880817304279, 0.590125340175973, 0.5530412191401213, 0.48442351180354104, 0.6523423171575323, 0.5948301437161657, 0.6678899657325024, 0.5386688451482549, 0.4198697698509647, 0.41187000107275434, 0.41325060980985134, 0.4992847686671695, 0.5253114206370146]}