{"T": 138, "min_window": 24, "significance": 0.05, "n_simulations": 100, "seed": 42, "critical_values": [-0.1860407662505773, -0.07137191589413845, -0.03322442964047789, -0.08373585152635236, 0.027387834147383227, 0.17506230131179037, 0.19197869375203658, 0.09955031340366133, 0.052507726344337535, 0.13742543346552216, 0.2039322197890831, 0.03451730879649911, 0.09520403476666826, 0.20923171384021388, 0.17707680947284857, 0.35987447092589653, 0.4236758316699644, 0.2598768998277381, 0.21576042393699044, 0.0022991890246140644, -0.025211632782916427, 0.2565368453711988, 0.25064598544059913, 0.21728154588908372, 0.3958208235801522, 0.192429468711759, 0.2660245767518257, 0.42118366051824, 0.19726384913121114, 0.34183312246687136, 0.28558155304963095, 0.2546538311431059, 0.31839638466438297, 0.6717114252025249, 0.4540227045297423, 0.42021953855332145, 0.24671735412081733, 0.17930147396109944, 0.48874801055934625, 0.530488405288221, 0.36478117903697466, 0.39936566997693096, 0.15675623215932155, 0.22875359425359004, 0.2638475777116475, 0.3751575357376182, 0.1536210731019033, 0.40816973652200633, 0.37790825544043805, 0.6003742023190295, 0.641989486183738, 0.5800243762563647, 0.6112281313246538, 0.3891017363936058, 0.5452113504291932, 0.6445296587906978, 0.49676893545229417, 0.6658531191653098, 0.6056515157047735, 0.6793356874606199, 0.5812948713667894, 0.5613018142812445, 0.4067402636122218, 0.40140105458250136, 0.5018932451843581, 0.4982090274816687, 0.5706884918539903, 0.49702355968430445, 0.5280376652870279, 0.5218659888460064, 0.5348494285604907, 0.5582873559155188, 0.26420512928746104, 0.1167649859908266, 0.25310401362468454, 0.30523447654036784, 0.3712206880555096, 0.5712736423360529, 0.5774620874102356, 0.5811477127644648, 0.4288735986404629, 0.501527524766878, 0.6114632645692907, 0.5909875689834125, 0.47086039801591834, 0.7180216334282601, 0.8468497412472104, 0.7445887882337273, 0.8029442542646911, 0.8282705267746344, 0.8265808224829199, 0.7588889857065294, 0.7010433338963298, 0.6491197170140334, 0.6341370221197236, 0.7554101542808833, 0.7782124065586794, 0.915872328580724, 0.759537724922106, 0.658850532172697, 0.7758333787396812, 0.7314849355696246, 0.592420595089136, 0.7081865282211888, 0.679704658756099, 0.73374108464429, 0.657407987649606, 0.534782547073124, 0.6597914631590195, 0.6218582896734505, 0.7878188275037875, 0.7097425715391631, 0.48751761580736946, 0.637767335794692, 0.5894912396116687]}