{"T": 139, "min_window": 24, "significance": 0.05, "n_simulations": 100, "seed": 42, "critical_values": [-0.045996432032347476, -0.176285941972984, -0.20900976432710477, 0.2792675976307614, 0.052140789912444446, 0.25796218014898026, 0.22382455182666092, 0.17475033054298705, 0.05761950529846441, 0.20345940430244844, 0.42451887645800207, 0.33776638600807807, 0.4193753151084142, 0.6028466955291616, 0.5162917293963267, 0.30836086844606786, 0.4097801713785273, 0.39957059547792717, 0.09656669869504622, 0.3809830784296578, 0.14798193902513881, 0.10512109911512439, 0.20226954090596508, 0.14262660298779045, 0.09277178181732178, 0.33416316338932645, 0.31944402246185477, 0.45012920265329825, 0.4295075968774012, 0.6580452993667769, 0.42983819072779234, 0.6784115725017358, 0.641668646427514, 0.41935866390370674, 0.5923576166238338, 0.4046697079624427, 0.548406240891492, 0.4628350672129482, 0.6846523518877656, 0.9795795623181938, 1.0523660270937039, 0.8900659273292991, 0.8863983127948901, 0.7567417636787417, 0.7025482392979094, 0.8033296009923286, 0.6225535193853167, 0.8718999802316374, 0.8534808255411682, 0.6114295380601044, 0.5629460245270556, 0.4412909012714354, 0.3906230652676967, 0.5400278977216344, 0.5999106578757959, 0.5000442907447372, 0.5310335984721634, 0.38528763331293053, 0.7063617384581385, 0.589290072427497, 0.7133502767418234, 0.6305772259314614, 0.475854400311534, 0.7505297931656904, 0.6683434660660041, 0.7628481215053711, 0.616099757549966, 0.8009522365128742, 0.6958856276923839, 0.5391231839329895, 0.47627372653420486, 0.26741127294238143, 0.42685936856517254, 0.612376385197989, 0.5525732417422695, 0.6606872710118892, 0.7111222839413742, 0.5772929866561537, 0.551855893687428, 0.39091467043805456, 0.2503977869571809, 0.38027986676841147, 0.6222795215749597, 0.6251902345776534, 0.7966021137977936, 0.7262882921206583, 0.5325340031112875, 0.5658240880099497, 0.5338582710247312, 0.4846147771105923, 0.4253831560906032, 0.3219649650753338, 0.33813623662655506, 0.25654273410884815, 0.21832981316029182, 0.15631424591920065, 0.35556060413047147, 0.30967267748305116, 0.26746941529543417, 0.3815565628632287, 0.36156596733346263, 0.5013520446780633, 0.38622532533772846, 0.29017680360194437, 0.27584087669730284, 0.3042249579649641, 0.2546396943398166, 0.34202214272917675, 0.5564935583874853, 0.29799356543085487, 0.26467329554887636, 0.41293204558435687, 0.4872171756469907, 0.5129929991290019, 0.4538986429994358, 0.43260736854356213]}