{"T": 140, "min_window": 24, "significance": 0.05, "n_simulations": 100, "seed": 42, "critical_values": [-0.039397677581948766, 0.07846202404479609, 0.15081066646138208, 0.12382604107415267, 0.12206517681364348, 0.25461509822489686, -0.11053525983859559, 0.025225326732372485, -0.054199071497207665, 0.17210344957131757, 0.0984397948956923, 0.325370246180798, 0.3014972094509873, -0.002949284155508226, 0.04743643893007335, 0.2419956838609567, 0.22482230673787032, 0.2946637415062012, 0.06238985724488459, 0.1317712585498163, 0.3648665780451218, 0.28866485089810306, 0.3646419007767055, 0.49468335857373824, 0.25957973474368756, 0.4824052835511129, 0.4056830767529984, 0.29763004624522604, 0.2307382496346735, 0.26240566308858176, 0.42582039234895375, 0.3235973776113409, 0.27027187482911563, 0.122214923216541, 0.40032568587420103, 0.31720106092083916, 0.5627051709698506, 0.5470201290127462, 0.2756116203562997, 0.38798713988825734, 0.4733412666657891, 0.570154045595235, 0.5295087136603613, 0.45226737372173387, 0.3573961704671822, 0.2673020093274435, 0.3024029204871117, 0.2029288051681389, 0.13656780210637096, 0.19700893606783929, 0.4572997180918419, 0.6604195371358713, 0.5879103511859798, 0.6571920609224651, 0.7082599948691745, 0.5486238055546806, 0.16968305088661556, 0.3380124857959135, 0.4185306494754627, 0.3955901531840569, 0.37264109535654505, 0.3668721454925522, 0.37830270099075675, 0.3639755215099986, 0.234884661956129, 0.19774950789382958, 0.3151369686395793, 0.34459267172283975, 0.58037395703002, 0.48469982480740864, 0.5019932389219983, 0.6716651807130597, 0.3787969945482609, 0.6187537819371377, 0.6469279682320465, 0.877060994188591, 0.7780677796877029, 0.4488137346411001, 0.37465167695385554, 0.22269767804530072, 0.5081286485326034, 0.4176297683933987, 0.37318393161069136, 0.5602736786682087, 0.46173963510608584, 0.317150325699928, 0.5051381336751507, 0.5083447906089495, 0.7125565792839933, 0.5415064017479234, 0.7861921203343953, 0.6076304477540879, 0.6214481924859061, 0.7425982047800732, 0.7133441678175331, 0.5005779546343355, 0.6006855017173579, 0.4344353058071329, 0.40571655406835205, 0.32645565354007405, 0.25253835759588655, 0.3196244395577257, 0.5509545949798396, 0.6611473499090377, 0.5022568797653955, 0.4854927199360649, 0.4603789361923361, 0.5970834648835955, 0.4927758415867344, 0.5099968421083961, 0.43128509544364874, 0.5019689474693347, 0.5681523832951004, 0.45288797112631085, 0.40762034668706953, 0.4250708799999578, 0.31402602824247083]}