{"T": 141, "min_window": 24, "significance": 0.05, "n_simulations": 100, "seed": 42, "critical_values": [-0.3169914581803176, -0.2016627513888663, -0.015293718866704558, 0.12316134691164615, 0.046614854812728965, 0.10022902413237342, -0.09580721220165594, 0.10705026565704887, 0.16617639996256797, -0.04707158827515163, 0.12719716750239102, 0.17539108629656916, 0.04415740992681358, 0.2420713774597429, -0.13937272867576905, 0.21846060912725518, 0.466317182618836, 0.26942510957033183, 0.24283525580943774, 0.155077898903285, 0.4468584840905619, 0.6092572833468571, 0.34335045354123533, 0.45475214671072545, 0.42883193914742657, 0.41710124081862854, 0.3622694702887553, 0.45837678371980284, 0.42018195528562347, 0.2893698970201113, 0.3921632380436935, 0.3958673352548016, 0.39909268647470497, 0.24725032979013084, 0.2895369549835518, 0.13417730216402662, 0.27232028862705665, 0.377238297188401, 0.4520242176879723, 0.5292093457257183, 0.3386182006534084, 0.5094231399473141, 0.5719419121216487, 0.6810139837938132, 0.7907753072582824, 0.6392188666968778, 0.6135092084173445, 0.4874175361067569, 0.5251221923468852, 0.5461724312820787, 0.46113293467607275, 0.3642969906752126, 0.31362393140288464, 0.4330146031333438, 0.48494670170585263, 0.42611964415776316, 0.3941881168198886, 0.4108066482981789, 0.41104239500145295, 0.3836659899734571, 0.36906507922096154, 0.2519872754152732, 0.2916195382056662, 0.33468372933471374, 0.2672567745813909, 0.1844523127165701, 0.38708697934186975, 0.31445921353838213, 0.418184992230813, 0.15843622004235874, -0.018789474395967173, 0.13803474123019974, 0.35843056361129316, 0.27018301085889856, 0.2507424188232415, 0.159605170923955, 0.4041982502285602, 0.3691435478824123, 0.3643847696465647, 0.7562613630533054, 0.7503806174566884, 0.5714042915539442, 0.4032189960318979, 0.5121174404580503, 0.5004306308409263, 0.6075185568328156, 0.7478908214044883, 0.7027268421553804, 0.910130204482171, 0.7527900638780559, 0.7075518906759354, 0.8548218167283662, 0.7624203814056955, 0.6176389636716739, 0.7435255563106916, 0.7134201123855276, 0.8337622038538591, 0.7469854483602517, 0.8406738861851246, 0.5829493247860194, 0.66895682791207, 0.3687294829766803, 0.49325830797502607, 0.6514764346656241, 0.44360111312371997, 0.5201190106209486, 0.4684042096835707, 0.5100835685008904, 0.4639342471912003, 0.5469846922369968, 0.4815774561001366, 0.4572843555967979, 0.6300251787920002, 0.5038799183159387, 0.6364140553791284, 0.818153827462219, 0.8774116569801971, 0.7129612933128627]}