{"T": 142, "min_window": 24, "significance": 0.05, "n_simulations": 100, "seed": 42, "critical_values": [0.024579409575954406, 0.025900331349470507, 0.14748431847649457, 0.004163225607938496, -0.034201282655667256, 0.03459177830983915, 0.19589736488008572, 0.3025912425637779, 0.37534870723773933, 0.29351410140422124, 0.6688831788536903, 0.6621902739285799, 0.33223467792446837, 0.3174989417204981, 0.5150371182295277, 0.3989561302771634, 0.28036160526237786, 0.40224293003831785, 0.4171182764631299, 0.7597699410320156, 0.586550833662122, 0.4865865566460437, 0.642233283546274, 0.43629682994473057, 0.4627432324413846, 0.4306669392133707, 0.37522840127540785, 0.37154710344724484, 0.6233435747006734, 0.5477860525713301, 0.5788338864278866, 0.5126919526628314, 0.5823644927476549, 0.4048867783529986, 0.592200886418857, 0.6495120898910043, 0.5684450675940121, 0.38123472909410744, 0.4302312157833418, 0.3922073470678306, 0.4437929006912734, 0.2933428404990941, 0.21971638344226624, 0.4296441214838622, 0.37060176589457916, 0.33534468056077343, 0.24342864150664056, 0.5928852602662341, 0.4322172063638415, 0.44345949975688953, 0.4807904459335067, 0.24827052372526204, 0.4151055911001596, 0.6224510817763723, 0.429197868833165, 0.48313381911585385, 0.5254707941954885, 0.5333644940276441, 0.5175864577949679, 0.37028602457121207, 0.43122942457127017, 0.3819353421385858, 0.7147472280193562, 0.5830921039297507, 0.49316221382149333, 0.41915285565292715, 0.562346835341006, 0.7668176477283172, 0.653602237608711, 0.6935929653086098, 0.701971444431245, 0.7974798934507132, 0.8805361171333835, 0.8160366391047923, 0.610152868921542, 0.763860926469764, 0.588995073945896, 0.48350036849558625, 0.35121864700360583, 0.21521867170042275, 0.39478006488960454, 0.16667837259548512, 0.455886932612018, 0.4165846789289468, 0.2655965861376185, 0.37888634305231667, 0.38857121897946634, 0.3375149728039362, 0.3337469433036363, 0.48407357035762255, 0.44525499822430703, 0.21273246246416064, 0.4986579035383379, 0.617551600968823, 0.5117212483258717, 0.5002586608216355, 0.39504266778952907, 0.4189451233343323, 0.3641441325454913, 0.3113720805429988, 0.3288319186131732, 0.393945306320163, 0.3101588823613825, 0.23648009686370916, 0.36229013800542814, 0.24923234279095358, 0.24241601471376797, 0.027049524245029755, 0.10899580344239802, 0.1809001821952952, 0.015705844020190325, 0.19840493716932844, 0.014345879674050236, 0.059090958613167766, 0.24685721223381302, 0.29232015752412954, 0.4258994495121198, 0.4487739947538992, 0.5087866322556428]}