{"T": 143, "min_window": 24, "significance": 0.05, "n_simulations": 100, "seed": 42, "critical_values": [-0.05435179479598125, -0.15517964424452357, -0.14952400698562335, 0.17240565739266395, 0.20831617643150027, 0.15119179418826492, 0.03404941247446276, 0.09454334438839171, 0.08994565350702753, -0.06797389832803981, 0.052017207351279154, 0.3256328793952808, 0.20751785755906393, 0.2148995899583157, 0.40201479101242527, 0.06114773362915718, 0.2173440653607111, 0.3929568111876023, 0.2279550498443691, 0.1467962460670851, 0.2198688200815006, 0.1546081399505298, 0.008232319124296363, 0.29639189844406316, 0.30610777875477274, 0.44113018977969987, 0.28275319103381574, 0.3051229796529485, 0.2726176255021686, 0.36198546090288675, 0.4189456323378294, 0.09605467072982571, 0.01932132244544239, 0.21313943784445816, 0.23139700881845013, 0.3285612820229096, 0.38917880943981004, 0.48176856836919996, 0.4835687814210573, 0.7647341801872222, 0.7134808476465616, 0.5316244396762322, 0.432990708556779, 0.37312694471158675, 0.545351896019438, 0.520115731563374, 0.749037309281068, 0.7023086946916501, 0.38604408255624073, 0.5106885449176958, 0.5338880913111036, 0.48979177382111866, 0.6167262369497553, 0.3382426827834244, 0.45280947172763064, 0.23687515947430005, 0.2709138012176978, 0.14201996043025708, 0.0471036664291555, 0.12106637007742228, 0.1333175790798812, 0.08886598689688158, -0.10673203363613763, 0.05046555018637948, -0.10542980350079546, 0.23381041862794277, 0.2066408750206691, 0.27744882645470714, 0.2333164563480331, 0.22160322983815234, 0.4004651166198789, 0.2824481846466534, 0.28649433920048384, 0.28330066037387, 0.533398077107158, 0.49886888283319486, 0.22529981990922182, 0.36874244258028627, 0.23699243205549317, 0.41058901567614314, 0.44932134428671416, 0.3753990284843611, 0.5312160162769793, 0.5276018721353744, 0.8530794216519203, 0.8634295025677796, 0.621844769389318, 0.618858500568952, 0.3278715323338656, 0.40093865948464846, 0.4498838323489538, 0.46828025287569425, 0.3220060801771784, 0.26985236289535103, 0.2248336527229831, 0.2028996368388627, 0.3104000989784613, 0.2916814202117455, 0.5584757858682825, 0.3463887922810615, 0.49670916814141225, 0.22958601278330792, 0.2849095498552943, 0.3752833971348947, 0.49231133145034417, 0.45861348153446274, 0.6232191327694985, 0.6603691371413247, 0.5939236030261155, 0.4906607744687946, 0.5451620612143977, 0.6244399663778869, 0.6593402977669659, 0.582579265306275, 0.6323465651536112, 0.7741807588440307, 0.8209936222721345, 0.7472149839869188, 0.7543025365859618, 0.6477750232284886]}