{"T": 144, "min_window": 24, "significance": 0.05, "n_simulations": 100, "seed": 42, "critical_values": [-0.12548597374692116, -0.014842979448995547, 0.11919751923433038, 0.2807915694080888, 0.3508837282784152, 0.17300161801866187, 0.041065271052907526, 0.1179353416264524, 0.24553919560112805, 0.15131962149190264, 0.3405110000562735, 0.24375402418832773, 0.48738746623815193, 0.3972886279456642, 0.29159358734182467, 0.3447153913927871, 0.37825762545703984, 0.12432781466885, 0.25465432937282584, 0.2367833673051572, 0.11555319829633562, 0.2149181329272278, 0.32627632048837973, 0.3676134361575316, 0.4281728731747213, 0.547960700823908, 0.4267778115251831, 0.5260835873824157, 0.23640570127193514, 0.21340803029313396, 0.09891457430670163, 0.1594623872988819, 0.2746180174939728, 0.38834915429185085, 0.255878311672922, 0.4098343319469585, 0.6725487026709542, 0.6701384574207253, 0.4590358001926097, 0.37834496027243214, 0.3602707209457496, 0.21428495519671104, 0.024731692722118687, 0.12939241924906186, 0.14117018811946042, 0.2214965131312463, 0.23024452290124203, 0.3666446133803915, 0.38613994233523957, 0.31393008924210275, 0.40267304589412684, 0.20641684620688, 0.3548191978712431, 0.37154758255668424, 0.5497285885644224, 0.421515619010527, 0.7294011338606423, 0.45056088856077187, 0.4204628357315964, 0.3109876743173372, 0.3522489254970816, 0.1574563188121281, 0.20881322360246626, 0.261751175997756, 0.3061610633782689, 0.2546870249117022, 0.26371884100483844, 0.25697641521557574, 0.41895694999664795, 0.4223576982817747, 0.4865037563220478, 0.5085828635059667, 0.3727990911609425, 0.6976977010882127, 0.7454064352659094, 0.7118070631206794, 0.6283802985530886, 0.39586739743722105, 0.6455287874661936, 0.6668839681754217, 0.6937936367641933, 0.5435032810738041, 0.421009359526598, 0.5471244191612088, 0.5056781800423641, 0.6140679152034832, 0.5116348021424134, 0.603729945238783, 0.7558775443789103, 0.8004686319292657, 0.614012748289634, 0.816219132251335, 0.5558633813107209, 0.5035639442589347, 0.6078320963670686, 0.759472107507593, 0.8037099988276618, 0.5995927907137865, 0.4507509308163025, 0.5870692277839384, 0.7586271743067888, 0.8329697437631802, 0.6025303048012336, 0.5150093859916764, 0.4279035789050178, 0.6195551657582318, 0.5467239061964033, 0.5778590902446111, 0.5937511631806622, 0.43245973749250605, 0.5293960074050011, 0.6698932519304485, 0.7573960513770471, 0.7772127325754297, 0.8079654163905283, 0.6250303511135281, 0.5855119578096443, 0.5791428796464854, 0.614470370970917, 0.8155054732559139, 0.6536979445688463]}