{"T": 145, "min_window": 24, "significance": 0.05, "n_simulations": 100, "seed": 42, "critical_values": [-0.05521763424170528, 0.0863716531532603, -0.01527907428037773, 0.2312719681695, 0.3292674389574486, 0.3062196014828873, 0.4916128072653989, 0.5477178247245961, 0.27953856918762915, 0.5028031303353324, 0.38014146876862664, 0.35307499822723204, 0.4618102503331479, 0.3916115090902165, 0.2908064428000345, 0.3552169885918389, 0.48720024312451093, 0.38818697779611, 0.29102959415615764, 0.4113334797293622, 0.5210865168984725, 0.7963478047791384, 0.6597074475768544, 0.3490328717748964, 0.40076611965032755, 0.33778658666061223, 0.6605237992027185, 0.622115568106441, 0.46238545441042866, 0.2528936815346836, 0.47758563909687773, 0.48229564820902404, 0.5019657725783865, 0.6647344912238466, 0.41775915420980875, 0.41811609521414445, 0.3609992577719215, 0.03396148218489929, 0.11246861370082259, 0.03838894879891182, 0.14046387387660447, 0.11587011663289477, 0.3963236095830816, 0.3684306175222367, 0.6571132516210635, 0.33676855618022733, 0.5394721844970873, 0.4524012341207519, 0.44939919226313574, 0.3958228305199427, 0.49920161431894394, 0.3065816287905481, 0.37476644164121203, 0.3484130026867245, 0.5517512816446135, 0.6420499244330999, 0.45531817605638863, 0.61525409943824, 0.5145204898971977, 0.4698620509060879, 0.5375120449796048, 0.5303515110912249, 0.37830699906876913, 0.42647372091761626, 0.2617708770020681, 0.24116793015114446, 0.3319747803883286, 0.4491457940876743, 0.48801979527701767, 0.46829975147397207, 0.5136230328045603, 0.4152376892936558, 0.5771594294341945, 0.5689852910722919, 0.7086788728524678, 0.6215014994094598, 0.5574762349873128, 0.5854709748485367, 0.9445850474193378, 0.5076142309980498, 0.28687060764484756, 0.3709278301393836, 0.2673040274642727, 0.32571324000389357, 0.18958375511261216, 0.24150753185993393, 0.32889559609643104, 0.3970979084409656, 0.2907463590662527, 0.2655143188858337, 0.17062415046718732, 0.24405150279772292, 0.27482023887219037, 0.3521488292712958, 0.4239732182795997, 0.4374190498243956, 0.3545127623316509, 0.3519466784231661, 0.43749434224701667, 0.6625419729610127, 0.4805303615824629, 0.5021158237915249, 0.5691410236608054, 0.652216521941648, 0.6283945421683225, 0.6090562299286667, 0.620160744658479, 0.46601796958245423, 0.6413263025853785, 0.6888060425396283, 0.669607681381068, 0.6047440045623764, 0.5257000532470419, 0.396256218950056, 0.45622865045655775, 0.5467959058313906, 0.6174488610198301, 0.4573169632400298, 0.5992559085187569, 0.5364670532168141, 0.4758454606634787, 0.5638038863341447]}