{"T": 146, "min_window": 24, "significance": 0.05, "n_simulations": 100, "seed": 42, "critical_values": [-0.11486657975095485, 0.0774755231569043, -0.30479941297297297, -0.18736139846232, -0.1585881530898091, -0.20170721382992382, -0.01736370412549515, -0.18334480528370917, -0.2087271488338055, -0.2649102838259486, -0.12266412552616415, -0.045617604905231805, -0.19655843518303012, 0.10303520041657474, 0.08746333121102917, 0.15661877729899382, 0.21748923687640093, 0.31117893402481844, 0.3313561263928242, 0.2941151778902131, 0.07159968093000282, 0.24301671273042666, 0.30895891831738664, 0.3640604141081045, 0.26030850824674995, 0.13826017268822555, 0.17184540099665185, 0.010355804522410906, 0.1353630496117976, 0.17506904044361477, 0.19399848652436089, 0.2300323389744941, 0.16197392204012676, 0.09650721390321598, 0.16913748316079272, 0.16927671856412618, 0.2970741999448965, 0.34833460798187976, 0.287916799010755, 0.26348141048040413, 0.31041616312987397, 0.3456797636515256, 0.5365788585220259, 0.4515311416990381, 0.437910261359288, 0.33095859576963754, 0.13103148567187436, 0.20523055477448757, 0.4207466833268113, 0.6772714826235314, 0.5383118503792326, 0.7663869380407097, 0.6067025685613135, 0.625405595345717, 0.845339158511216, 0.7165304323478066, 0.8199060125282033, 0.6111433505178494, 0.485227959268484, 0.5274332026963535, 0.33683322603435484, 0.5478682093968801, 0.4306157404645153, 0.4421228949316033, 0.3710063442105907, 0.41641657717827724, 0.4228816684347404, 0.5246932148203958, 0.48239031429640034, 0.6990652490831958, 0.3160727992691005, 0.44644216147680843, 0.7012370252800099, 0.8021931586950247, 0.7551919073436467, 0.6190578653904519, 0.6820844476089374, 0.8000410505070343, 0.6284040083663099, 0.7404237135748601, 0.6571907347755876, 0.6028963255549699, 0.5695891025933204, 0.7210443180650603, 0.5931687627888177, 0.6493255863785022, 0.6839186628013812, 0.5534207037316214, 0.4859181343966352, 0.5273456584679932, 0.687467985074538, 0.5891200222895232, 0.7178182673594616, 0.5869929787591626, 0.5936436308803837, 0.6211414665444074, 0.601790588260272, 0.662849914437496, 0.7007093024021512, 0.5616786079176183, 0.6591375447196351, 0.5111971844128355, 0.5303299152385373, 0.5940844549535349, 0.6568979185386972, 0.5217645840842476, 0.4859575198592544, 0.34979035331394764, 0.4946301772719968, 0.612733961593897, 0.6770031191706785, 0.639898523739074, 0.5907183565879792, 0.5646165059756989, 0.508477633165271, 0.45239636920192794, 0.4138351337769635, 0.3660563507632227, 0.3094948065464019, 0.34173738670835824, 0.2714678265870864, 0.4389131119156277, 0.4080434976381929]}