{"T": 147, "min_window": 24, "significance": 0.05, "n_simulations": 100, "seed": 42, "critical_values": [0.0015770075761371949, 0.006425237487008189, -0.14493033944444106, 0.01935971324843206, -0.019226960247777862, 0.1730721292422734, 0.19553436556005904, 0.3231735555940082, 0.38578913173086693, 0.08618280652127185, 0.319743432421875, 0.23365011585037734, 0.25588943274930404, 0.3669993770908899, 0.26380963470450713, 0.37674600299751865, 0.22058915096910414, 0.20083799830343352, 0.33522878140438583, 0.2528593213766616, 0.5846703661824899, 0.49818296662826406, 0.43144134694410646, 0.4205604619985152, 0.34962903579033316, 0.17081962862267805, 0.1397759271102802, 0.2573768939587446, 0.34183597662327264, 0.23961341020908886, 0.13884382982039412, 0.05921243118985321, 0.08289324975964846, 0.2136516825240349, 0.1530445721019348, 0.18362363090190365, 0.07896760589767676, 0.22547561693424875, 0.3306908847562096, 0.15476598485175544, 0.2638713222260725, 0.1933345705977429, 0.45122415653254433, 0.5951309150625136, 0.5558166247271552, 0.5651265038388648, 0.4635090561155533, 0.3785215553601229, 0.23750681403994847, 0.1364690210161953, 0.2137447383820262, 0.16089234621825452, 0.0806325236561174, 0.17867018483931713, 0.23609575689245393, 0.2889394892516731, 0.4058356664848519, 0.4678430616101842, 0.2579534654016822, 0.5350577631225737, 0.33495154380265185, 0.5654716638688096, 0.5700012228255265, 0.33655192987488963, 0.614674729861992, 0.4792569232015726, 0.4229814173973223, 0.6183869139359085, 0.6619039010804536, 0.6833895844092761, 0.5378463453355596, 0.3840875129331099, 0.5622613824862225, 0.46259744391861796, 0.4829682417671721, 0.47713464447400783, 0.4914959855059764, 0.4971922706267942, 0.5656052694395544, 0.469082422324297, 0.4273359125579245, 0.472379046919415, 0.33927069919883707, 0.5570580733471645, 0.45228484057695023, 0.5645450789520287, 0.5195366187784382, 0.5931553000354867, 0.4676992026156252, 0.24402920508997258, 0.5300872371586126, 0.45563334480222994, 0.5070167505739799, 0.41426487595928174, 0.35834796526140217, 0.31894962089432083, 0.43821283588329674, 0.29071530975261173, 0.10025179427029669, 0.18354431379438857, 0.29015339121354927, 0.3246482085939809, 0.4074458373860898, 0.48730504242844136, 0.43137670746139456, 0.5905479359939378, 0.6400626010290238, 0.8131378718770073, 0.5890221632656966, 0.5548458977116573, 0.6326040440315152, 0.6855820529442859, 0.5755445396655965, 0.714153009209054, 0.7264068765559201, 0.6242422501382107, 0.6539022820810515, 0.7759270529364382, 1.0949459918420292, 0.903892534332696, 0.8693056875433273, 0.716802397286273, 0.8249808261190129, 0.9420203179042347]}