{"T": 148, "min_window": 24, "significance": 0.05, "n_simulations": 100, "seed": 42, "critical_values": [-0.3005085606300995, -0.38083881380198276, 0.027711487506311507, 0.09148232720911739, 0.17481481526844656, 0.15384196327725258, 0.19521672792232783, 0.22231216185715874, 0.1672679847827006, 0.2784552876119424, 0.16046332675490194, 0.13174277614665153, 0.06322355868850932, 0.17352549042286003, 0.15157971739126846, 0.4369300007180941, 0.22813929866913785, -0.023906678335297162, 0.036219678503091546, 0.007029437486182859, 0.01735300575455495, -0.13436770894495173, -0.018921422015969715, 0.3217137827529891, 0.13479482124210485, 0.08935926085716163, 0.11491317752994207, 0.01474712986417782, 0.204299023595365, 0.12571853480636724, 0.13874615449419955, 0.323894763244582, 0.33140225256000655, 0.3354662334893139, 0.4275420301908956, 0.3777920672836494, 0.47255548099051425, 0.4793045647609379, 0.2817275320900485, 0.5112222400773772, 0.7572211455656958, 0.8778291262970581, 0.5682398891303536, 0.36664461338039106, 0.5443585280093403, 0.5788259249987596, 0.5378385981785743, 0.6934971897182425, 0.7765692227808209, 0.5891667223230823, 0.6107584180289795, 0.3980165014931685, 0.5358127361814311, 0.5923176339646504, 0.6386930488793564, 0.6274149918989348, 0.6101235390493241, 0.6978874695146056, 0.5109257178687244, 0.5310147922624375, 0.5061215342610635, 0.7158791182937678, 0.60602250211932, 0.6044952040044099, 0.6720153190774976, 0.5264901646638667, 0.551087783970191, 0.5529350942636183, 0.7214598146158423, 0.774193260346362, 0.6407147152919426, 0.5870300041419566, 0.5614377574768115, 0.42049914478884837, 0.5022706333830088, 0.3654287648075797, 0.3310765333406485, 0.6552697302085501, 0.5855750704695799, 0.5569242819178349, 0.7949282051046933, 0.8593697215921071, 0.8083845751403044, 0.7145805985081372, 0.6833771222247135, 0.7449650555482022, 0.7133857128628358, 0.5825455192577926, 0.5142922895661133, 0.41947332678338256, 0.5425028269319191, 0.6582519803681777, 0.4642854894752072, 0.4820666556135614, 0.5677385441399562, 0.7144311311585574, 0.3844101653685082, 0.39688124653998214, 0.6151662316165349, 0.7587207676230537, 0.6971061187708798, 0.9257063000844041, 0.6062160081695017, 0.5743901129487463, 0.5830975690018233, 0.4467815282996122, 0.4659165022349257, 0.4998747149640129, 0.5503952300803822, 0.6225489985042583, 0.601115706220117, 0.5919318299501681, 0.5151164638058765, 0.6194244867570123, 0.5724893033696872, 0.5177636677620556, 0.5767670741155526, 0.4832654768043237, 0.4555371498052316, 0.5121402892311465, 0.4442029046959841, 0.29224939399399913, 0.4381962966022326, 0.4327871503669892, 0.4785532905172796]}