{"T": 149, "min_window": 24, "significance": 0.05, "n_simulations": 100, "seed": 42, "critical_values": [-0.04450175951568884, -0.07734210233436578, 0.19326136804325217, 0.08886070557182923, 0.06299661645734123, 0.18245917931123426, 0.20352016442178814, 0.1310102635390645, 0.19421426944812428, 0.2669034729414403, 0.2847843170453947, 0.059531606943485665, 0.30013006244826496, 0.34717618287293606, 0.2979046153308812, 0.3813811153380629, 0.07401280836172719, -0.07440412546343077, 0.1949224904270882, 0.32253915483856016, 0.49397867623839053, 0.32443838608112885, 0.2621687817127749, 0.22055806515866055, 0.43021316811857846, 0.5508387855931212, 0.40201031824922306, 0.3495029164159491, 0.5548045029845143, 0.34942341562425916, 0.307729227194835, 0.18128885095691022, 0.23827908643239581, 0.29620931551051966, 0.38939199364697324, 0.40995818352567, 0.44902296732403746, 0.32282249733156204, 0.24838295859088036, 0.3902547010139442, 0.2624026264168625, 0.017697106166645576, 0.12157171637513284, 0.19932606959706953, 0.07369350910238871, 0.2231402492059693, 0.14784032483346393, 0.11546290556621491, 0.2025037966819399, 0.35304589029846634, 0.36264455608981133, 0.5664068290276728, 0.41248136601366947, 0.5304507519573859, 0.4256308258143252, 0.34522109255270406, 0.5553566176818701, 0.7101898345406812, 0.6072159387357143, 0.5610524867566672, 0.41174741064131937, 0.3080714684094257, 0.23279685963660057, 0.1980124004743231, 0.3566359575032106, 0.37419326363725486, 0.4125277802888312, 0.49669932151477664, 0.36308576659488195, 0.44044499999661585, 0.26549969778533994, 0.17349347256901348, 0.29220092267722647, 0.16674673745599036, 0.19334967401297304, 0.43108523822013256, 0.6295071665075652, 0.4645301563504476, 0.5138886268399162, 0.7115662828293091, 0.6988929914154727, 0.9016955188548017, 0.6552432508178616, 0.42725955873621224, 0.6283996707121174, 0.7087172300599688, 0.5276547881475363, 0.747123536642909, 0.8800739376153651, 0.9209066654148319, 0.8406434414573608, 0.7697192664835054, 0.5719988390694681, 0.7328076946235017, 0.6362143684179931, 0.8682420788631334, 0.5653691422050493, 0.7807871228018893, 0.46796743669392654, 0.3783547074373269, 0.3986487809766866, 0.2875012999690399, 0.5010785109783267, 0.5367044608015682, 0.6521460473751116, 0.4078144467675093, 0.5832972036609018, 0.5634002635629605, 0.6781236592851937, 0.6123451814036984, 0.7589453982710468, 0.673543959079913, 0.4489719925432462, 0.4378959525077807, 0.5164544981725528, 0.4239645893879652, 0.5071258436903742, 0.3657961036426218, 0.4439307551457445, 0.42754477804247876, 0.4128451883995603, 0.5907750973227179, 0.4500465974279245, 0.47034629534461314, 0.29836652774060285, 0.32553034674962167]}