{"T": 150, "min_window": 24, "significance": 0.05, "n_simulations": 100, "seed": 42, "critical_values": [-0.039728748743698715, 0.07653055084835379, 0.2940273839026986, 0.11515788110775738, 0.21635179954904338, 0.30326960509441453, 0.1979737354205151, 0.3228958804626329, 0.35671034521384554, 0.2329988129331021, 0.1406335943906458, 0.45081944622507436, 0.2278467549510939, 0.1628634926091866, 0.16428971622898192, 0.1139659737463325, 0.16504150975453027, 0.09980032740848734, -0.00929234741141076, 0.050410137429807336, -0.010061636473529098, 0.04742652463335005, 0.05486179793690904, 0.09403799451761186, -0.09509656643092737, -0.07685487595445174, 0.1383476415922559, 0.1812774009128022, -0.02759514230443579, 0.1470240523726324, 0.03134805086745159, -0.05764924054099106, 0.023927306608108507, 0.050830966306366604, 0.4320067721428464, 0.348961126670384, 0.41512931518600843, 0.2297725916817356, 0.24242100635496686, 0.614514970735615, 0.5320521687737942, 0.4601009504936763, 0.587532367912176, 0.2926288863747675, 0.6396408591533449, 0.49193776757072355, 0.5622293424080745, 0.4845052465012296, 0.6879542838367426, 0.6631951290377555, 0.5768353471730441, 0.632637355436437, 0.32545839654790837, 0.3721325224148327, 0.3373238770022171, 0.22584075321839714, 0.393979409342196, 0.3121587967755307, 0.31234927034418386, 0.4846998248074084, 0.4878268657870822, 0.5477018424232333, 0.6118433550804638, 0.6382484589837365, 0.6678491485432908, 0.4766858196382648, 0.5849528016343428, 0.3992348359857362, 0.49887144672051437, 0.4136615860023007, 0.48099533268401656, 0.37690655414600155, 0.47932102606854254, 0.5837985690694822, 0.4282864536581898, 0.6442672066696694, 0.46007582826756993, 0.4487668995007164, 0.24359063799050304, 0.22351306554240924, 0.47121705551388177, 0.32377780534576533, 0.5810504595622901, 0.6634439332977395, 0.7136002973214863, 0.6819684675766727, 0.7507167781799438, 0.6130891357331455, 0.49268017477894566, 0.5664326025447113, 0.4267840226320428, 0.5833511708629646, 0.5346253290553967, 0.44787893204296314, 0.45532937291995557, 0.5219360166910398, 0.4929010329401986, 0.39994434603356677, 0.28857453337485417, 0.44761371949014983, 0.6320843804327168, 0.650819695202395, 0.7501559214428295, 0.5864104462411598, 0.5499045554393323, 0.4550786088682981, 0.29923553944381265, 0.5232616419321107, 0.3451868157371717, 0.3066966395850828, 0.42303242589696916, 0.5063959926172793, 0.36019925174935513, 0.32464736046602616, 0.21496373695531032, 0.3051902407744488, 0.3711393144886738, 0.3985337512374028, 0.23101131170047826, 0.36602772978670817, 0.225572130962848, 0.17420308161698955, 0.1185779564456909, 0.25681421675389426, 0.22795732480460015, 0.3455950064610922, 0.2512246355693142]}