{"T": 151, "min_window": 24, "significance": 0.05, "n_simulations": 100, "seed": 42, "critical_values": [0.011180066068492523, 0.07773754715506177, -0.014415555223730402, 0.07618878342502815, 0.04699076652850951, 0.22026680286157152, 0.19153965973285375, 0.014573019531997727, 0.2621235958380863, 0.4053271600773287, 0.4763543515052179, 0.06252071157006972, 0.33145601194711893, 0.4248136667146082, 0.24383698434251144, 0.29218713425601683, 0.3254189413649248, 0.7068866064018817, 0.38538041220540975, 0.4272036297050193, 0.16863164525703436, 0.4011503835265687, 0.3408404922002053, 0.6115005733034363, 0.3469875275513816, 0.28090839515364036, 0.3524997843258089, 0.2335342019908838, 0.37570263085619626, 0.381211553042078, 0.4470547647029161, 0.46798211247669635, 0.20388569515666277, 0.3721984620774755, 0.34867420055765114, 0.26028256026824537, 0.3630611848037375, 0.38841535883458395, 0.6049091228290661, 0.6651663039755726, 0.4958388836357553, 0.480945242959882, 0.4138709821023876, 0.4808985538480059, 0.6175779391709225, 0.5592179367109086, 0.5350233629100098, 0.49399786975764187, 0.3723062612156537, 0.5094910308884251, 0.5978376346923363, 0.617492574351839, 0.5196597778965498, 0.4997828905451542, 0.5982133056605502, 0.6496732932027176, 0.6991085519920601, 0.7821794432853134, 0.5039172621626569, 0.5559951460948557, 0.5804540524961502, 0.7297444117322592, 0.7504814172851055, 0.5830687935720777, 0.5112291142710257, 0.6983592015924287, 0.5301301541590614, 0.24887177043538203, 0.3230120877497074, 0.23595208518123034, 0.29425379165447857, 0.35162858469389285, 0.5076716765363495, 0.5679865324667355, 0.22193434721990524, 0.4372859239156179, 0.40081953421184763, 0.5472883418079076, 0.46229845071431525, 0.376304515375152, 0.41840666924080805, 0.361011648243757, 0.4426876536154339, 0.6492533688670099, 0.398172958167317, 0.5686990534051243, 0.5921181363545249, 0.3821924714034005, 0.5170347707379253, 0.4319887450849729, 0.4757967213994431, 0.4294610211600045, 0.2966776234159139, 0.168939657886851, 0.24166599776953313, 0.21956968238337143, 0.47476972001321605, 0.28874443075458384, 0.5752079827597212, 0.4532178245626092, 0.43937627421524555, 0.5006502627034846, 0.5819834013566072, 0.7014596657117672, 0.39203631528977795, 0.6084698355835293, 0.358664201884492, 0.7132710558237774, 0.608400243003222, 0.8925743005800265, 0.6669085331208353, 0.6895474140245869, 0.8837975246829598, 0.7513856475002287, 0.8537662290367061, 0.8612961491127472, 0.7157897996443602, 0.7803072570926493, 0.7057324463491639, 0.7948995602142588, 0.5932755756996159, 0.4838564076147765, 0.7528087853204927, 0.5687074128785785, 0.5438544892285759, 0.6319759300634052, 0.3721753581494909, 0.4532568277199827]}