{"T": 152, "min_window": 24, "significance": 0.05, "n_simulations": 100, "seed": 42, "critical_values": [0.05419193048389051, -0.07931827217977172, -0.22378377852802256, -0.22052646376550783, 0.02461456200226618, 0.11957062069156801, 0.20078038979867258, 0.15561210216772342, 0.2910765390056287, 0.2299929740157129, 0.09685791790050587, 0.12144459560459424, 0.09979858930848348, 0.19223682612207033, 0.2615450860365369, 0.21442055982902747, 0.3069671281262326, 0.1493231076806006, 0.37462721043560393, 0.14619199276246542, 0.4472767860915877, 0.39237956860255224, 0.3316438836965443, 0.3420778077245484, 0.33375008182390736, 0.41248604183674, 0.2557071880495296, 0.3651134413857385, 0.32031950279928606, 0.3349172021058767, 0.5368165343037414, 0.36665613443528006, 0.24968449220375694, 0.303537897053303, 0.25556122311481405, 0.2977035047031288, 0.1636147866061351, 0.331034777865073, 0.31786203815786385, 0.19196393078876817, 0.2064010052239312, 0.07531967253499101, 0.17742204060996625, 0.24590611602657728, 0.39364237939438174, 0.202903157775991, 0.2516659210993241, 0.31066647056023267, 0.33698689820579936, 0.29754593549348346, 0.2485158151096949, 0.18212355362060692, 0.34982460395033516, 0.08848310236366388, 0.15489268493514582, 0.49720135941614757, 0.4790966269862904, 0.5705065441480138, 0.3734297179624226, 0.4845206081217402, 0.16907946727700324, 0.20542137889467665, 0.4041087963612047, 0.5347997208533124, 0.3653463174425989, 0.32568403727148976, 0.46369645114468067, 0.6760193063543793, 0.5387763997960849, 0.5013379526503786, 0.6000394964593097, 0.6147015155921667, 0.5104475453972834, 0.39061860233414997, 0.30848397245507414, 0.37349347335488065, 0.5729022335355144, 0.5932689707171594, 0.6089378010655361, 0.458289438658093, 0.7059739516477748, 0.6399583994774135, 0.7211177660825501, 0.30816516827607116, 0.6856961958208077, 0.6165838171462269, 0.6147468245061003, 0.43256932901211737, 0.54670837714786, 0.6588579703776707, 0.5517414694992764, 0.6173917425918805, 0.7950534144685248, 1.0502012066604915, 0.8708977615077795, 0.8162681670415196, 0.7012284888771032, 0.8088403456118581, 0.7712381477660198, 0.714302569699412, 0.5313405929435207, 0.5101517210018087, 0.5551524128014537, 0.5434585643849803, 0.5086559582975684, 0.6172637763838587, 0.6143916438022604, 0.9639130861608338, 0.7868845822542566, 0.8981665854330502, 0.8672785973498615, 0.679697880363976, 0.9415214053984192, 0.552635536604891, 0.5832198374501008, 0.5561992400114881, 0.4453616044672226, 0.45533697573457166, 0.48173796862261337, 0.6163079476357265, 0.594245519220392, 0.7623352146034534, 0.632447324050174, 0.7431786352792756, 0.5337777480562198, 0.7429959858820195, 0.6494521970990013, 0.8657448500630669, 0.7828761601701131]}