{"T": 153, "min_window": 24, "significance": 0.05, "n_simulations": 100, "seed": 42, "critical_values": [0.2198667168532466, 0.1984886309576384, 0.29759131332701827, 0.19298627241275954, 0.3376006902596587, 0.3447634257426723, 0.46684455729275354, 0.3532545026646425, 0.3099115978420314, 0.22965549933337132, 0.42490698945084615, 0.6369842652110643, 0.4637656132882775, 0.36012813602301336, 0.4202006690224776, 0.378078878490159, 0.3861446076638801, 0.39562326705613987, 0.46911971539367536, 0.6551841118326206, 0.77441734278527, 0.6125434510484051, 0.5481580130793735, 0.3743977695471768, 0.31185567628241206, 0.4242277952517498, 0.7136749345897238, 0.431113471700321, 0.37156626773747664, 0.23861394435115538, 0.4426279053956829, 0.2423451870578455, 0.5130124590217751, 0.6234592287486159, 0.28648487316748544, 0.3174050165933362, 0.40581547765740594, 0.3251236548600601, 0.39814261886393365, 0.5034250871207718, 0.6041601803313149, 0.2879980849572514, 0.46286724267922186, 0.3435300851336942, 0.38273313550034144, 0.5405955009030841, 0.20785955790831118, 0.40263169044091196, 0.38433289945480953, 0.5304827132154207, 0.47913255373569674, 0.6122612161978039, 0.47446486416483463, 0.4558917513458595, 0.598769992322684, 0.4573826869032858, 0.49401538492360114, 0.5772142719486006, 0.5681411449756015, 0.5035072246238165, 0.28230210514179854, 0.23325812390731207, 0.32747920058599495, 0.22879093490893096, 0.12017944710896702, 0.11660319084902308, 0.09545878377881016, 0.21744359166307936, 0.28226487238583775, 0.2787830424542086, 0.3785517942388665, 0.4188092227717386, 0.40436357771201775, 0.7760331092148417, 0.78891689891962, 0.37347823822997517, 0.19192586156656957, 0.1250178818193096, 0.2679794959124078, 0.220848149795745, 0.2055799870684506, 0.44548561125081726, 0.5609145153015713, 0.6204364324373361, 0.5701666558163855, 0.66273417259821, 0.40740925272275924, 0.6216855710628036, 0.5426389417642253, 0.3694338858644633, 0.3362989722442516, 0.27847060913125077, 0.31466513081609254, 0.22188561037225796, 0.4114532897471776, 0.39723155183376757, 0.2383796592793111, 0.36129974199311354, 0.4881641967098064, 0.3708380614543814, 0.3933812109910662, 0.46094643753990494, 0.3895865978689957, 0.5602362312657809, 0.6630913022430451, 0.5910575351648902, 0.7195928459929897, 0.8778827576753205, 0.8771012670544192, 0.6146054159416418, 0.6488018347780449, 0.5263002127461954, 0.45088679166086737, 0.4849095915725386, 0.6848726685414985, 0.6254845364531745, 0.4993214620940802, 0.6533626521580211, 0.37747437272032097, 0.7081032304568684, 0.799832906728285, 0.5380871926801986, 0.40734148742531995, 0.9460333383141025, 0.7546337620658922, 0.43282234743866116, 0.4826488601307986, 0.6558563397361485, 0.5398827319478584, 0.3753982624834464]}