{"T": 154, "min_window": 24, "significance": 0.05, "n_simulations": 100, "seed": 42, "critical_values": [-0.3052461918262205, -0.24422736933261271, -0.08074635858870266, 0.19146095521762, -0.29060976302276553, 0.008911315219287515, -0.06412124769021418, 0.2556335859386368, 0.16447040548680084, 0.16194810357270595, -0.013428376386754873, -0.0645300621868838, -0.2890459539725773, 0.15118408301264266, 0.06441416389676087, -0.023694124765763026, 0.21804381422176633, 0.11284674624916663, 0.07989816613856021, 0.15276462158035992, -0.1140499912100884, 0.05672714818426256, 0.017621023069552, 0.31812585269036936, 0.21073785116435695, 0.06021638431309355, 0.1416877359669846, 0.05542035234582769, 0.12631100686808244, 0.26747670240715604, 0.36666930638362855, 0.5100247166334377, 0.42790324636979216, 0.3413646239950766, 0.4406545443748736, 0.42928262744842977, 0.10136426664712903, 0.17118745368334967, 0.24134762227955572, 0.42176659121363913, 0.2738103243559591, 0.15670488470777488, 0.23183839302129403, 0.20287204241769535, 0.2425651225517461, 0.32249751702947316, 0.2258643448611794, 0.4117338567489771, 0.33245576387447817, 0.34022778065216724, 0.04999717804979993, 0.20831572539024462, 0.14599664973369963, 0.3848240966346478, 0.19196041190257723, 0.16852078448588667, 0.3607006011935379, 0.1447156672688278, 0.11018712680745994, 0.28220223790100807, 0.43940497731749373, 0.45044663745183605, 0.7286814415291355, 0.8190304969728507, 0.6429622556819332, 0.808784679676689, 0.531246119351227, 0.9109002211548877, 0.740980939339844, 0.5979484665987459, 0.642338077015651, 0.3211324595510179, 0.27860699289345037, 0.3203884504066486, 0.38593545542179375, 0.6720419938737491, 0.47921985198992345, 0.7266745660931215, 0.7469498029697109, 0.640261250065432, 0.5730928669304776, 0.5614791193804772, 0.428668367037534, 0.5498344160513966, 0.4342744243414195, 0.8679050009620756, 0.5567272391810315, 0.5009076774620361, 0.4201295503027569, 0.5247781870011877, 0.7801857635024254, 0.7642955946743106, 0.6290581025300819, 0.7463768436942391, 0.598605790231313, 0.6505711897722652, 0.7700830691290924, 0.8831948263516918, 0.6432015086558769, 0.8175529824817519, 0.7813379452894562, 0.6354256127637025, 0.47108860480393805, 0.6388404290709703, 0.6980798520864641, 0.6576856972088686, 0.8557105737663802, 0.8776553583073186, 0.576774980356141, 0.6687509679789779, 0.6118576057743599, 0.6090772675794193, 0.5898307950354529, 0.6072629048423026, 0.5470323742651807, 0.6373974641300344, 0.631879850749597, 0.44997033312479456, 0.7525478042992739, 0.6155646339022405, 0.8850634028990517, 0.7047114856934814, 0.8244465316933112, 0.7562329296785475, 0.8965830441257806, 0.8270106494687366, 0.6829685045588634, 0.8097786014697016, 0.7492222848720537, 0.7268424247237101, 0.8434380877992763]}