{"T": 155, "min_window": 24, "significance": 0.05, "n_simulations": 100, "seed": 42, "critical_values": [-0.1896789024218355, 0.29901533358720367, 0.19263888729621353, 0.2795348166209127, 0.12954593796946012, -0.006374918847506701, 0.11537072444192871, -0.06737852949162057, -0.33951578131550664, -0.13262600292631813, -0.01936386106504164, 0.013654477470767484, 0.20435511953804691, 0.047082342274308325, 0.4927001583754087, 0.3893909836335941, 0.49312664332209427, 0.46504175595247843, 0.26045892803517534, 0.23132230743063892, -0.04445655543696915, -0.015896401123268074, 0.3324933558696668, 0.3252130612598394, 0.1633956172055986, 0.23918240298873944, 0.28535339270403115, 0.3883154224128302, 0.4238866188954983, 0.39967981801276314, 0.3313436559046826, 0.5019447528100225, 0.4320856915027191, 0.6618830551111153, 0.42641665318555205, 0.5721060629848036, 0.38768563070784706, 0.5370280746966355, 0.2740861914011187, 0.3380516518295966, 0.161185531396906, 0.4507335454261401, 0.45951199940462734, 0.6149427756049726, 0.5517329089312281, 0.7837222571933073, 0.6151102720895254, 0.1641248537160546, 0.4041000705017923, 0.27108953818047415, 0.48659804610411667, 0.526511238330304, 0.3942449143452477, 0.5031414474110129, 0.5123758404397707, 0.523362594417324, 0.3291566462200788, 0.40198054205069095, 0.23934971541424063, 0.31522284535311235, 0.3391832936490787, 0.4528991662580039, 0.41639565000709083, 0.37330062024800276, 0.2963969556259737, 0.39595080682240114, 0.3630747726803026, 0.5557888592378096, 0.4735492911697804, 0.5126160422790937, 0.5444487138134486, 0.6615652648033583, 0.607814587522347, 0.40422736659406816, 0.49661529827880574, 0.5220177498713822, 0.29766058063801953, 0.48496242707993836, 0.5137321391921295, 0.6200495748261471, 0.6949327052102593, 0.61828877426891, 0.5911379684887814, 0.45971329680407264, 0.46349823710508353, 0.439767714998189, 0.3148612965078384, 0.4232933287265555, 0.4484501078405191, 0.35301708619293787, 0.47951552644744694, 0.3733677594743352, 0.40152638722628575, 0.3396798754841765, 0.5504066080150111, 0.8345096353780989, 0.43881469729649875, 0.6556983240479896, 0.9677803318807141, 0.8363449717373572, 0.6046744892088626, 0.5575824619735799, 0.5162492089072498, 0.5143960019160747, 0.715647513504991, 0.391196627984644, 0.47137284289157694, 0.4344943650332723, 0.5944712979263166, 0.4650990795197401, 0.41438233203944747, 0.4331749371805855, 0.5674733169986065, 0.5898401014090281, 0.38681572922132107, 0.41003138444375864, 0.4533352231085555, 0.4186203780345299, 0.31125372758780745, 0.41827644032553263, 0.7302016654919108, 0.6566385488811098, 0.5117667788906523, 0.5852863955938117, 0.4564856972558928, 0.44979869873251555, 0.6577080027053117, 0.6072116214927125, 0.8133937786879866, 0.7690260183422624, 0.7842327154219804, 0.7346672955656981]}