{"T": 156, "min_window": 24, "significance": 0.05, "n_simulations": 100, "seed": 42, "critical_values": [0.1899228044409414, 0.057323950366929805, -0.012065448791928548, -0.11087192296340173, -0.18671461379626436, -0.11413171735950031, -0.004537717861805353, 0.05646896594719013, -0.13683988360471225, -0.01635078701495823, -0.021424078089726493, 0.3123590052280672, 0.4802212794105053, 0.42242397459556336, 0.6042466265909879, 0.3828787904540618, 0.15620457348626476, 0.2793752072423175, 0.13084915106937164, 0.22793129878293744, 0.29175793726737365, 0.2637929983480357, 0.1445056711943555, 0.3179199786190512, 0.3007108930743703, 0.331291528299879, 0.17462918362605845, 0.17493114041659744, 0.15154430201889024, 0.16979181713455102, 0.42004662618674476, 0.4893624996896228, 0.6113231981572862, 0.6203385551144368, 0.779284591590395, 0.5340179929358, 0.5409263472545661, 0.303221225018599, 0.41132904842191886, 0.7093459817208145, 0.7302346090868526, 0.6213476529036942, 0.5456008196181608, 0.713113328730259, 0.5166886026947877, 0.5504432900476555, 0.42394518494206024, 0.1499511210686002, 0.592430626861324, 0.533931047340961, 0.504150402333975, 0.47017130342619706, 0.517925250414059, 0.5332686175311205, 0.6179743792640279, 0.6523498983316356, 0.7708027397720643, 0.5813854176815703, 0.5980619772568609, 0.6490729421270246, 0.7997016591967436, 0.6720028642311857, 0.5390864059256346, 0.6419994970378452, 0.7749145005328814, 1.039037528412913, 0.6173215718801949, 0.6992801761047875, 0.577530622573853, 0.41272110832682896, 0.3373658164526987, 0.4000337904542191, 0.2198892243963005, 0.1937907667661197, 0.45140277802927664, 0.3797556251161011, 0.617452404090522, 0.4875435546151483, 0.3684423457676995, 0.3789700677805567, 0.3835096531880766, 0.33708028012425834, 0.3648937048283634, 0.5013187163302399, 0.43572596312267964, 0.44285852775830425, 0.6869246489403072, 0.7987140208011233, 0.757970444844929, 0.4955715899461295, 0.5723855369833621, 0.6538523649634753, 0.6967301053874545, 0.6989969176249244, 0.6319665828247429, 0.6447723395266829, 0.7519974761045473, 0.7176389625107079, 0.8628955538982289, 0.7068306485794893, 0.8571810162012382, 0.7025296193679531, 0.8063990406033519, 0.7545386619853295, 0.7203401981351311, 0.6726584967676145, 0.5689062284965251, 0.7977620519427197, 0.6047030872760588, 0.6785549007019748, 0.7058074285600306, 0.6265629861134504, 0.8178560073097899, 0.6196066544742567, 0.6980101291991535, 0.48322983578760487, 0.6780493950924293, 0.7641823745651098, 0.7762118095147863, 0.7141835748588953, 0.6703651638524295, 0.7648017430938265, 0.8090176218690495, 0.6774628309890075, 0.7020158898032962, 0.7773080816868335, 0.4342601937354547, 0.4234714634101683, 0.5370735015572693, 0.6346364695310612, 0.5436866402314835, 0.6043582482414774, 0.5057522776488144]}