{"T": 157, "min_window": 24, "significance": 0.05, "n_simulations": 100, "seed": 42, "critical_values": [0.12081255814330065, -0.18603520297674345, -0.014589434693976971, -0.006766510282603185, -0.11193741982330713, -0.18481427946762263, -0.25579878737360706, -0.2921029055081426, -0.33009942520482877, -0.17139241908069658, 0.044476040598608685, 0.342968820187976, 0.6902496758522121, 0.45084273061302454, 0.4155164662111527, 0.42978583882753807, 0.27573994402907226, 0.32170027487637065, 0.2789527775628357, 0.3008838485791729, 0.3680087034539587, 0.15408648601045666, 0.14709515568430184, 0.14274195712941742, 0.3157309920007234, 0.2517915162194339, 0.04519779717312782, 0.2510764918942476, 0.3332053362388495, 0.13873463360948093, 0.26184739598069695, 0.11952027132094639, 0.3732277348043959, 0.4856823600672379, 0.4702904236241604, 0.45835770367741213, 0.47309085055208044, 0.4695311630551309, 0.44744322897937483, 0.6188121296836243, 0.5229036364727735, 0.4895421993788125, 0.7850379638919861, 0.7080169066743158, 0.5814635743568393, 0.42857956739726283, 0.33067477086979175, 0.5495180726143494, 0.40152055593219044, 0.5716253145611202, 0.5318002287353707, 0.37177963001488473, 0.3793575320907744, 0.2225487940504358, 0.35085949298540436, 0.22809474728493329, 0.4748779723780388, 0.500571070200248, 0.44924656940189106, 0.43965355248010424, 0.4452006951960123, 0.5260484016985547, 0.4901825371955213, 0.44393795363673544, 0.33838374538106436, 0.45647772847981144, 0.26587909626714845, 0.40395128114493384, 0.35398008320234114, 0.4565459702009062, 0.48877988701842445, 0.2840027706322354, 0.5137266861916303, 0.5029957913505457, 0.7043261312893513, 0.5496127789374439, 0.5982612007386087, 0.38645986952587646, 0.41446663088880104, 0.2850541474693381, 0.3760863902058116, 0.6171399618938421, 0.3062090517789461, 0.4666739531869733, 0.5219920989654241, 0.5717038962696657, 0.6312444552171808, 0.6057088464869274, 0.5715485011832978, 0.5879608906831935, 0.4993575522515035, 0.3415152971937461, 0.3885222636771542, 0.5913977399154562, 0.5638094582077695, 0.3491388584915536, 0.3288488827124023, 0.4313515470704048, 0.4891109235260276, 0.25202628795132376, 0.5536639984396888, 0.7228216149250982, 0.7181310247379897, 0.6391045192617286, 0.7417817220282732, 0.9366742294019862, 0.6634590952193448, 0.7667628687877242, 0.8184059026823018, 0.6338014903113292, 0.651596595684851, 0.3674737073064075, 0.5816499329863467, 0.46892262582716987, 0.6324969088443563, 0.7117740233041264, 0.5649387986106638, 0.670658185716219, 0.5694232918416442, 0.4998106188844841, 0.4369109549573431, 0.37161259911959704, 0.3714273258913401, 0.45440516715728335, 0.3093501884335468, 0.29106744752497926, 0.274647311937238, 0.1564500699461438, 0.09693152830889866, 0.12287052565805515, 0.1712817235692296, 0.3264539940887662, 0.12044539331817422, 0.36811091387762085]}