{"T": 158, "min_window": 24, "significance": 0.05, "n_simulations": 100, "seed": 42, "critical_values": [0.28089956302450403, 0.17687502715821396, 0.8645422614836632, 0.5601628691501741, 0.45847845001426557, 0.2429242014488038, 0.19647190089256386, 0.30311913157631404, 0.34242028385297657, 0.6550909527909299, 0.29312301554229936, 0.35241558781345955, 0.3210077016597819, 0.4825054757430933, 0.3690974278132973, 0.3850985690997379, 0.21827127399663437, 0.14197239698108077, 0.09256523070263309, 0.3056568298488221, 0.30005056179444595, 0.5818105243135875, 0.45567293509382256, 0.34055518563997533, 0.2668521671754081, 0.2974717448445529, 0.24561322322740206, 0.09617636162908388, 0.164490639215737, 0.15645753658510558, 0.23617647064635022, 0.2748580317624824, 0.29719101288706123, 0.2814157984049575, 0.5074909868289035, 0.6263793539843462, 0.7851103624381099, 0.7007215572115191, 0.3818303006221169, 0.6481591746664355, 0.4795659730720998, 0.40971988408017507, 0.39494625444488785, 0.427396765956449, 0.41924662871106033, 0.2329277658884485, 0.22828353917841007, 0.184278619473809, 0.4217286487947906, 0.25500343437917133, 0.20613892280357218, 0.1790791834608815, 0.2802644755997273, 0.38459783917167456, 0.5138681081457421, 0.44597248683794627, 0.5742181992230393, 0.5603112666403645, 0.418047595157749, 0.18253819430931717, 0.14657035822732717, 0.3207304651498221, 0.2534903921577583, 0.5568192481421883, 0.3629576735274446, 0.30510965760319037, 0.21685557237916603, 0.31386234954201553, 0.378769499889565, 0.445956484782519, 0.33841308956874877, 0.5270620997652261, 0.4198885212592608, 0.4183581933736604, 0.5375116029573541, 0.5478437131218036, 0.725416242608106, 0.6719813837076253, 0.6986618360744792, 0.7202587771141907, 0.7868511789618758, 0.5945596570639804, 0.6779165137544171, 0.6522212780952166, 0.6990714616948742, 0.6992711503972783, 0.9722395846821973, 0.5751588866876737, 0.7922896755621923, 0.8958177838708409, 0.7468461098560687, 0.38154060598123685, 0.5675982822552839, 0.3359008062865655, 0.48010421894355465, 0.4387227014595886, 0.5213894964953887, 0.5460034199467269, 0.4739710903398682, 0.4198586587346381, 0.34710405418266654, 0.2415787281232317, 0.29997085285010405, 0.1897060546572238, 0.6149424897474521, 0.6230375996626166, 0.5213838944910153, 0.4348785935201238, 0.26170116716108205, 0.2994562569557798, 0.42747962742554585, 0.4136769142634633, 0.6998610524919119, 0.4167915704217994, 0.27308589495019425, 0.5811422004958753, 0.44986398017676665, 0.5517494310411033, 0.46336302277147695, 0.4043297474829802, 0.4121050573298899, 0.6157894325717214, 0.5099820626742123, 0.5065568270943906, 0.45927558815717284, 0.31153600460941194, 0.32802680673263407, 0.5884990587095398, 0.4317099868201734, 0.4331237135109952, 0.6765979708777442, 0.5279146870843954, 0.593920028030914, 0.5567747633299107, 0.5089588257547536]}