{"T": 159, "min_window": 24, "significance": 0.05, "n_simulations": 100, "seed": 42, "critical_values": [0.35136175426053823, -0.04690425735547184, 0.13357938468099306, 0.027034030842090936, 0.175137326947776, 0.3988282496962797, 0.20879069035583805, 0.29727792256057334, 0.1463441068256221, -0.04434849971460108, -0.029560469342311053, -0.039410301100621124, 0.04010806037925432, 0.05520213393403851, 0.014461155826819495, -0.15268742714989428, 0.19099916824760044, 0.18600484947378532, 0.0065947989706553085, -0.04728305720854673, -0.1185666610010559, -0.13440653360277327, -0.1177183574913154, -0.005585534750477957, -0.06419825999160446, 0.06787926942840954, 0.32459351609480186, 0.3749771884783139, 0.29305598087539364, 0.13389083571916027, 0.3040697711779645, 0.22163795391197288, 0.3853963519643486, 0.6539917609451309, 0.4718379357407239, 0.749941387065, 0.5245870544403733, 0.5464584619600369, 0.43475142377820164, 0.3378285567985601, 0.1462826939492556, 0.2575391602938873, 0.17440967358367154, 0.0951140547514515, 0.32233749945775975, 0.4622439709521867, 0.2940406232944586, 0.3641276895308596, 0.13534263105058872, 0.3657432851419842, 0.2995515095103393, 0.4447140792105231, 0.3439052605392757, 0.11964777116537574, 0.1999213544115641, 0.36964241168897116, -0.00424272355298462, 0.3636194302266141, 0.14907408499470215, 0.14836568530260533, 0.36536462113939083, 0.2740550401788803, 0.32432284869390693, 0.5943940854227998, 0.5626982378363018, 0.6777216575466303, 0.5934958887579078, 0.6033862924212361, 0.4985918732857445, 0.34822592180263634, 0.39155921171127195, 0.4338046867343873, 0.6647565968523615, 0.9241001406688949, 0.8077556761570351, 0.7476617775613547, 0.7331580192865066, 0.5970165058543544, 0.7142978698394747, 0.49285910086059087, 0.5393302094070394, 0.5057862665325408, 0.6336613445307899, 0.7746518813654356, 0.8115827294694296, 0.7905597821664153, 0.8194229945321615, 0.8167727194319263, 0.5981380247013514, 0.6156509449363564, 0.5250599721163492, 0.5813491867314878, 0.42545731563109224, 0.7602063124822425, 0.5209514247253313, 0.5786072092794048, 0.5527934141063254, 0.8308119512629741, 0.6161418137476458, 0.495792143904633, 0.32981412764945156, 0.5067162914293111, 0.45618178089521483, 0.5569724401606947, 0.4242226873006231, 0.34918306540886984, 0.39868636625855247, 0.35765398758421313, 0.4048019214886444, 0.4096715804648504, 0.30954770645252644, 0.4648733916083775, 0.4506279093837802, 0.683005957877449, 0.4517203354930331, 0.7315878052355408, 0.5274839925811191, 0.5703232796169384, 0.5566429672962101, 0.29757420808150525, 0.5568878248513317, 0.728055065290475, 0.6964873240714153, 0.6584579652292527, 0.8013317155415914, 0.5588412576924012, 0.6179835424368215, 0.5486814199420631, 0.5558633813107214, 0.6845666259330686, 0.70726454477951, 0.564154779532993, 0.7059481826226015, 0.6336869007126243, 0.7270027949947302, 0.5696638379622097]}