{"T": 160, "min_window": 24, "significance": 0.05, "n_simulations": 100, "seed": 42, "critical_values": [-0.08335125869730435, 0.017187674484429614, 0.09341853279693504, -0.12413374107796249, 0.08459210555565819, 0.07699812863443002, -0.09547861983286886, 0.2574931302804012, -0.12079655839123796, -0.05008376037716539, 0.08109235686137799, -0.10108793931099853, -0.04952389233179978, 0.06235990612180184, -0.09788905572785808, 0.09062020138071814, 0.05577413852835489, 0.04860022374839268, 0.13780250903057306, 0.20989163770040234, 0.2339322968929792, 0.2122029348494704, 0.16380861745283845, 0.2094215425516841, 0.22264101233221328, 0.1990716668523658, 0.3754936342489537, 0.5030660712710987, 0.2982664434918974, 0.39421104264900364, 0.398474715133627, 0.8127219366803614, 0.5491668502395418, 0.6138326633906137, 0.29108673102728205, 0.3033368903390211, 0.5808787245740892, 0.43096664870060736, 0.42346081659461005, 0.20788700546627692, 0.3735596400213649, 0.3769065541460014, 0.46689758435782275, 0.3960117086932153, 0.38864258915809735, 0.37554603971762146, 0.4871105231157959, 0.447658027391854, 0.6035097480911078, 0.45404134336209434, 0.7334105335210468, 0.7332200074931959, 0.9230850648082325, 0.7339330526200986, 0.7054878033557754, 0.5990752390715959, 0.5527612743447442, 0.5600676790414453, 0.4542354965653233, 0.3869493505115266, 0.5887192632378808, 0.5433698184898915, 0.5116081133615432, 0.4110789903310326, 0.30854149308811013, 0.38781434670755005, 0.26073028971393186, 0.2873300661961019, 0.48811205319922313, 0.7343041171071825, 0.7194404580717161, 0.5084202026972627, 0.4937169518645481, 0.5523220965357429, 0.5682499288755942, 0.6172045500721182, 0.5621730067752927, 0.3940359233907703, 0.22537040905322883, 0.34933405533637946, 0.38251368255816126, 0.7180736972632541, 0.8610637783807923, 0.6891743105715271, 0.6127782271909072, 0.5395762797097714, 0.2893127955893097, 0.3859342204937039, 0.7400902932148248, 0.6574496557819859, 0.5744362031560035, 0.6636208315972945, 0.6013868542805301, 0.6799867237569803, 0.541901301813554, 0.4145254642466408, 0.3765032448529948, 0.414983829978022, 0.4051823156062663, 0.45464624803765114, 0.32930099647224587, 0.46446151218402026, 0.5398952651142607, 0.6588091772362553, 0.701897872819815, 0.7144035766296817, 0.6840223276521786, 0.5901659317075235, 0.7064099157804725, 0.6642772652295706, 0.7092688286824429, 0.6225985396062844, 0.5490170250692039, 0.5771637182995826, 0.7700340286363001, 0.7918211852867492, 0.6025519400733858, 0.5779195509672912, 0.5269296621045625, 0.679806398094635, 0.6547063564849014, 0.7134112117781818, 0.5959112271866609, 0.6661102666748822, 0.5085826484991782, 0.46045900607531987, 0.644810615693267, 0.7097332652413275, 0.7833254918478127, 0.5263115554499193, 0.438445648307213, 0.5696437297562967, 0.6830726228795805, 0.6922067778087306, 0.6003953590789374, 0.6392163767639717, 0.7091138781236093]}