{"T": 161, "min_window": 24, "significance": 0.05, "n_simulations": 100, "seed": 42, "critical_values": [-0.1878472588182644, -0.2419626125798378, -0.16137574260998608, -0.165805378959743, 0.044522356026100655, -0.05677562093793359, -0.09200488360503604, 0.13486063501529444, 0.07592139840639685, 0.12965002032824333, -0.21505730851714386, -0.1869037540852665, -0.17980584901553745, -0.13515170379480007, 0.06816731377738872, -0.15111862884823113, 0.2113698361096072, -0.06288172427119439, -0.07046964465966547, 0.16089801332282075, 0.09586555340409969, 0.34862042179141955, 0.26230132770593784, 0.39850110219233714, 0.2098913922278889, 0.48333737127695, 0.6339318512805069, 0.4536255984969537, 0.5477164060072852, 0.46484002497772187, 0.2870094664503669, 0.6157574621960087, 0.644529658790695, 0.5848267887617513, 0.512860942102908, 0.5070765556397604, 0.4630198929890214, 0.46144964067590116, 0.5736448947327343, 0.7131749954702907, 0.7058358944772998, 0.40240074527245684, 0.15977316184913773, 0.21689910647376753, 0.2906272016680524, 0.3558857719987754, 0.38440683546987536, 0.41563918601896077, 0.370235891090439, 0.21505933738205232, 0.30575390231858957, 0.30671133681820467, 0.4800485485054422, 0.24524358856649947, 0.25291150628901776, 0.2636612301839145, 0.22201471855131966, 0.3623485457983308, 0.42021953855332134, 0.5519145656280902, 0.3918223465365996, 0.5631495541731821, 0.5751216687582676, 0.49509544148668383, 0.6365423151249681, 0.656971530441307, 0.4521940532352079, 0.6243902033206752, 0.5921525218493999, 0.7157118523864275, 0.6570488762182883, 0.8270899650714687, 0.6144534242164826, 0.8429756899728522, 0.7453016163981125, 0.5060963525913728, 0.42747243543603247, 0.642754249028784, 0.7451211792195974, 0.7464983769124014, 0.6481117672563632, 0.6548896433560342, 0.6256579654708081, 0.836564076273189, 0.6913571124108198, 0.7905671979824286, 0.7133242216977936, 0.6326959755592821, 0.7515190706973418, 0.564096758999926, 0.6157040696575969, 0.7083565691001988, 0.6333040725525219, 0.7490821979958874, 0.8092007949623561, 0.7363548280854532, 0.8698284200616884, 0.5040521092126806, 0.42932150744882436, 0.4317607944073188, 0.5603564381107837, 0.5857603246004406, 0.4851653841075377, 0.5379261581364351, 0.5039147362764878, 0.43015713372100844, 0.4504404059019848, 0.48378803946205623, 0.5106022796574305, 0.5227523825068247, 0.3601399415854842, 0.3948302885818129, 0.3102036235910138, 0.32746857730399054, 0.2800776714333345, 0.22628847351054546, 0.2195877302537508, 0.33536072878542833, 0.43841293580263596, 0.4631890871215919, 0.45746175026324903, 0.34716476793025963, 0.2728827146149006, 0.4118606335811976, 0.2776161522707534, 0.6717114252025209, 0.48663338524724764, 0.3325298321995046, 0.34183598862663833, 0.40614229671971036, 0.49024919582497245, 0.6420960773650564, 0.6832449575382927, 0.6135805383495666, 0.5671763708657243, 0.5226074916167959, 0.3132593897723857, 0.5361583915969456]}