{"T": 162, "min_window": 24, "significance": 0.05, "n_simulations": 100, "seed": 42, "critical_values": [-0.07847317682965772, 0.057323950366929805, -0.048402471554343685, -0.05648096266644234, -0.19517066248964682, 0.020721193146200766, 0.19578475154187636, 0.0029034891664206615, -0.07804465380648087, -0.103409534196558, -0.07345669510648221, 0.08471858471353816, 0.05263932252601762, -0.006020044090188864, 0.2648148698807453, 0.28113760739245747, 0.4056222453292295, 0.5946749684703594, 0.4777641399799452, 0.657585853074361, 0.7239315422539196, 0.6731411174465087, 0.7330060421956706, 0.45652845773433554, 0.4448246367851368, 0.34316529020142345, 0.22216381648464717, 0.4505290205734713, 0.4541561491717424, 0.5131946444658515, 0.5031788299588645, 0.6142680437262398, 0.5296353933735126, 0.5610252056737657, 0.3950159700982256, 0.3678045131158341, 0.42693104580428815, 0.44060845664085646, 0.48312522260750546, 0.5240146562269918, 0.542559894957447, 0.6218837551037265, 0.7102974202932023, 0.42190410214667445, 0.4475114707912305, 0.2543125074474846, 0.24945724875987493, 0.3082140166072557, 0.3639086978651593, 0.27538750398039036, 0.28368301402317186, 0.405281105199653, 0.5042550817166644, 0.5610165823859372, 0.5890478435680185, 0.6641879630145877, 0.7353317118323187, 0.5520472933003704, 0.5568006556749641, 0.725294706615482, 0.1483614451410523, 0.34440844274193066, 0.3469472588966895, 0.4509116799642279, 0.5553661715854188, 0.516990369449778, 0.6603138616742428, 0.6358835807457467, 0.7043718855150866, 0.7162610436267145, 0.7289246446399441, 1.0263160156809952, 0.7485798228253518, 0.7501653030168415, 0.7485147336499807, 0.8543309961306388, 0.6395827489355994, 0.7047644551004038, 0.6344300841406579, 0.5277990149911894, 0.5711314969602952, 0.7612784497675745, 0.6073775319561456, 0.5397540684983281, 0.7072225155721917, 0.6645254643328724, 0.504294794314385, 0.5894353032292187, 0.6956336284662766, 0.7897080243055753, 0.7359346910314412, 0.5587083051872448, 0.4170203651132502, 0.36015377741691673, 0.27316564836608087, 0.295424868651369, 0.3593317061133712, 0.46431728748835965, 0.28220023205874634, 0.3379049696838008, 0.28815631968056993, 0.4362525105921846, 0.42288139143556214, 0.22614620555276488, 0.5769839080036628, 0.5988035403967903, 0.560866795351664, 0.33442005439392863, 0.5926637954134826, 0.9115987293280232, 0.7422953243409125, 0.7482599445086627, 0.7612536923761247, 0.9461509043902532, 0.661911420404993, 0.7648808244915313, 0.5348233622516232, 0.48665215622687535, 0.5997273770777652, 0.5191975333560305, 0.5309698539994652, 0.6529881710792396, 0.38142483051178283, 0.5501707734086267, 0.5286878578676265, 0.5129253707968876, 0.2691975368922787, 0.502424109451101, 0.3741923726307665, 0.4036686027601934, 0.3868834424009325, 0.47299871443902136, 0.4191768411209303, 0.4651151893367008, 0.597734440801183, 0.40942781843322384, 0.45425864591357645, 0.7123602037546433, 0.7230220769503799]}