{"T": 163, "min_window": 24, "significance": 0.05, "n_simulations": 100, "seed": 42, "critical_values": [-0.029238254035853492, 0.08774981408764801, 0.03207372695730417, 0.41168151174100476, 0.49219899296148867, 0.17451973084657202, 0.19890722454116222, 0.4006254353593797, 0.41674831683054925, 0.3999803735878826, 0.6514622550307436, 0.5705153561016276, 0.24467561036357208, 0.36374902198499603, 0.46762227080400093, 0.3781285409915982, 0.5300567573423477, 0.5495757876402858, 0.5466993622346767, 0.49639478369244, 0.38275461708393177, 0.36684494021378405, 0.5624758154272059, 0.6121373422310443, 0.3590297931034327, 0.6393479251664673, 0.5792321733174375, 0.5393971042002789, 0.4058028347519794, 0.44477873662153267, 0.5916215250016372, 0.277104934248983, 0.3061989612983996, 0.18081415687069105, 0.4103593970528928, 0.22448818510911375, 0.17689976744612965, 0.133011998261244, 0.4225047441260645, 0.3599322696214688, 0.1199632432403359, 0.12865853279053516, 0.11326613384244973, 0.15944282380902797, 0.44320567887183526, 0.716324655663822, 0.5204996584046655, 0.43594696385330944, 0.4815710348284804, 0.3704225917310977, 0.4476862658379378, 0.5690502520116798, 0.7939771946832828, 0.5647678174365153, 0.709612155241101, 0.8903160412446475, 0.5774712682827965, 0.5049026712399173, 0.5572736236182333, 0.36107149484701623, 0.6365879946515643, 0.644999858697656, 0.5584236702581878, 0.3720367832601798, 0.3977919373076031, 0.19953714468648065, 0.14344293096200528, 0.11247428530446273, 0.3268745790763512, 0.3234546874030105, 0.4190397287934461, 0.2616160378138287, 0.3933261880012874, 0.11752441122750536, 0.20312951370099647, 0.25856179464443135, 0.37489034840593083, 0.6226695567355631, 0.46612020648095875, 0.42166808354194574, 0.246774490669289, 0.22272124026812198, 0.2757182924355349, 0.3571150558242078, 0.44100732511402907, 0.5657650658523082, 0.39701304949541627, 0.406035208304396, 0.33863014061566393, 0.30915865919276975, 0.719450785591764, 0.9453723158791267, 0.7601559694274999, 0.6678672475826865, 0.4340156419519663, 0.4709664444493624, 0.4825134077277556, 0.31991431193627956, 0.284132146550023, 0.4676713783365512, 0.2580650028629318, 0.2050143051367085, 0.18204637864484544, 0.27173755864419374, 0.37098177102799057, 0.43999050462654576, 0.4842066618640211, 0.26531113634069564, 0.42686102313630775, 0.48148029326835884, 0.6268042416987993, 0.6127262606427222, 0.9048500021643271, 0.47220073751283986, 0.3079717865520706, 0.31483393333921894, 0.41145529114487395, 0.26044222482196716, 0.5204584387836019, 0.41040530527144947, 0.6148096873853126, 0.555758766045756, 0.4546025642508893, 0.6226722516282138, 0.5520225352102548, 0.4047314766055835, 0.37045346556380787, 0.5800426699927047, 0.4401762110277144, 0.6990625888056284, 0.7008407932357206, 0.775323776828804, 0.6832276892995115, 0.6753219204711128, 0.5583964113057235, 0.5633931307779473, 0.5438124036842662, 0.5713829643479077, 0.5943814269773633, 0.71384831014034]}