{"T": 164, "min_window": 24, "significance": 0.05, "n_simulations": 100, "seed": 42, "critical_values": [-0.45152306602581693, -0.32113615605111767, -0.394650101645356, 0.013450967367491464, -0.05980705268360721, -0.06867706944404704, 0.2040252139055032, 0.01584969405703926, 0.4702010232625154, 0.13211771886546783, -0.013920246390492708, -0.11748861644158046, 0.16893927604332618, 0.034405881088964925, -0.020356977431835642, 0.22757950238795083, 0.21789372663261747, 0.3232069568366637, 0.3938585650635243, 0.3931992926417647, 0.47791557308103527, 0.4312976539277985, 0.2739122142606732, 0.5021702888950436, 0.3361023826972678, 0.4136127234008243, 0.5410803048456975, 0.5736367527890297, 0.37694172443328283, 0.3691081466180345, 0.22262376992610522, 0.010370742262720478, 0.16201675445895738, 0.13734871384480823, 0.4814442770223419, 0.5161707455986809, 0.1342413389928407, 0.04965127707127738, 0.13474645082566303, 0.017430617997124455, 0.16233722668314962, -0.00994110267153095, 0.35956997832060683, 0.3534352369066469, 0.29971119787395367, 0.3602684942880929, 0.5136931763444254, 0.20625218699471798, 0.28332006660100506, 0.313902233955128, 0.4533685936263581, 0.5353872237378786, 0.5391451854621109, 0.5907569543308316, 0.5247212186664464, 0.5377421767378148, 0.4576887567383092, 0.6793788748129909, 0.5675451263316489, 0.6919763627350562, 0.6237159092686274, 0.6140557426495812, 0.6653628619760058, 0.5502364206966693, 0.6544919231978872, 0.5513608719341883, 0.31576248617022, 0.5652037836372482, 0.40532238263402565, 0.7715838121871279, 0.8570186099223615, 0.8175397473739425, 0.80346416355591, 0.7886787160590796, 0.7562500047837737, 0.5551423089240081, 0.7265292656994358, 0.8114288023751526, 0.7515637019564345, 0.46775811825098956, 0.6499220499466498, 0.4800735945392826, 0.5417103899760114, 0.5161387958790998, 0.6229414200824213, 0.6409425749717599, 0.6332336940229972, 0.6020293043998542, 0.710848618015765, 0.5933233613577814, 0.7069303059404778, 0.8695465064151561, 0.7116262067057552, 0.6647579075150339, 0.8393185393353664, 0.6591948769871817, 0.7490750514834079, 0.691663720374104, 0.5760374254883303, 0.8082290290678363, 0.7034005661029744, 0.6636896914554411, 0.7606346341002186, 0.7141194089328278, 0.7801751558680045, 0.700799135253319, 0.4254422288455412, 0.43846290528679954, 0.45485630611649036, 0.6348078295551517, 0.5116012769539556, 0.5012409477295253, 0.6051323317273111, 0.7487930478589789, 0.6799977990953934, 0.5883015942506321, 0.408912444919331, 0.3891105448785744, 0.42568973675756766, 0.5387348005280616, 0.4216194226165701, 0.7133889304450535, 0.5873033099777223, 0.6588782404629732, 0.8414749952605666, 0.4992090569624913, 0.5306520710060355, 0.5555816259571582, 0.5960083348710489, 0.800499233464732, 0.6577801071360324, 0.8085389746823766, 0.8551703610998707, 0.8181873138480251, 0.7295356052561043, 0.6316565620577859, 0.7211439644539271, 0.5604734453357348, 0.621060604123077, 0.6723383568261267, 0.6292715224229146]}