{"T": 165, "min_window": 24, "significance": 0.05, "n_simulations": 100, "seed": 42, "critical_values": [-0.05507627449060261, 0.03488294724430098, -0.03322442964047789, -0.05872828492385217, 0.03571479688993876, 0.3279524654585274, 0.2657887672358339, 0.32739674411545144, 0.38876028535745566, 0.3012586884988511, 0.32898101252683415, 0.22770800042238476, 0.4212565462395548, 0.44074575620897527, 0.38104926011767354, 0.3797270714992647, 0.424078793051442, 0.4131050465469963, 0.34903276715408854, 0.4697586204070446, 0.4045336630336998, 0.3619929508328383, 0.2966335046754235, 0.18357472933002372, 0.24333435872105094, 0.4218467891340306, 0.36941306308753963, 0.30741104675569225, 0.29030038254796525, 0.17633027177738653, 0.15177126224702894, 0.180861924882772, 0.0807716294385049, 0.1189397506136398, 0.12110535139330839, 0.14995530828617493, 0.05848805215547848, 0.22879008933238265, 0.38859326026017343, 0.2696590599187074, 0.39374794454997286, 0.8331579889287573, 0.5980049930388968, 0.6612707156368186, 0.2968329756121013, 0.6265501996474416, 0.7763791676696308, 0.5251026155736291, 0.6384284338284125, 0.3515825609948919, 0.28132034432691433, 0.5450101914079527, 0.6696375137695587, 0.7130199976968424, 0.6651521751170983, 0.7135117015510031, 0.679508694264311, 0.5706495941390383, 0.5626350402320976, 0.39899694907505845, 0.5980736144092997, 0.6068336293555077, 0.7430768460285472, 0.6811020676837765, 0.7176336684929573, 0.529504872985492, 0.7139701698956589, 0.5571000985014853, 0.74169510887583, 0.7628180149198146, 0.6320843804327164, 0.773547177845337, 0.8316096188171749, 0.7654289382344431, 0.7578086740340498, 0.7326008073329944, 0.6346472978654487, 0.5803807748480252, 0.7862293483685686, 0.5536820305960298, 0.5091328701243297, 0.24155151575695408, 0.13208722743793902, 0.0892328307598127, 0.15679581471425544, 0.18531521602421067, 0.24488713034624277, 0.401678850178994, 0.3298275672823164, 0.27760345506677014, 0.1746102025953509, 0.17569732623374068, 0.09956326310165511, 0.20257776870529076, 0.1870635111672264, 0.33810773027912266, 0.2559433386954871, 0.2672942355450596, 0.34501427723599687, 0.3113312003138129, 0.2488978950476352, 0.4339462748726548, 0.514181852894169, 0.43260685314807257, 0.2475151338270828, 0.2444634273770057, 0.3657432851419878, 0.42763837603159227, 0.4472814091794618, 0.46073094723729924, 0.2792535431928897, 0.5721679934599385, 0.4530108250664062, 0.25428975698889333, 0.4015864198761919, 0.3364779347037531, 0.3599874967719728, 0.612020074766313, 0.5373622962619156, 0.48058033093266367, 0.4878268657870831, 0.49500003675344995, 0.40202506417064254, 0.36644441466896693, 0.38577832227321296, 0.48145370079924915, 0.6470093640550939, 0.491603596299875, 0.6226496995540666, 0.6669879219523457, 0.6833197697318315, 0.5127810929819419, 0.5177589875816349, 0.4905483831323314, 0.28061677476124774, 0.38797395527164313, 0.24448935931215543, 0.4345257014297841, 0.48657567672061813, 0.25052038421334255, 0.28552920565586504, 0.3524803167650481]}