{"T": 166, "min_window": 24, "significance": 0.05, "n_simulations": 100, "seed": 42, "critical_values": [-0.09207697371231754, -0.20681782065871193, -0.13946134929450849, -0.0887630720340594, 0.2709796544815828, 0.21391891558495657, 0.19712455957381173, 0.2544454451925788, 0.22719774168100865, 0.26779522557531765, 0.20609986347555714, 0.14616360656699978, 0.1562829846297133, 0.2588970666093174, 0.47679748574510156, 0.13370171815822257, 0.3331731662441144, -0.042141473393736764, 0.33522740800275563, 0.5088474180500475, 0.6148061114938057, 0.4154632927390642, 0.26403436225660576, 0.521864277118461, 0.5859561100861324, 0.397015861772259, 0.2578761688977449, 0.30480336339748465, 0.04270912255026599, 0.13793409526417394, 0.09947694013849223, 0.20466210181517588, 0.21786464153963692, 0.22652421359838193, 0.22038846885283225, 0.3477476127462656, 0.3946551554266262, 0.6285735953372792, 0.572250018969307, 0.3981011220201534, 0.38093573976914685, 0.43092607338236755, 0.6459219892957654, 0.6630050054961593, 0.5027348084404443, 0.31909713585701477, 0.4558740341134796, 0.4744047162401129, 0.5819792825176695, 0.5045617606791435, 0.5347484495405777, 0.5207467714527825, 0.5284852905981001, 0.4368422758703533, 0.4215380262054949, 0.35202692591457163, 0.47832892822006556, 0.6518018734968067, 0.20181151254843047, 0.2870497590934026, 0.6275836360162287, 0.5611355713217839, 0.6268120719247426, 0.3351378712558405, 0.5735315383488916, 0.6768833168116651, 0.5677875492869053, 0.5876944415243129, 0.631827630344729, 0.6115890697285636, 0.45529217930406474, 0.5503464132072596, 0.5488744617289321, 0.48781878266765916, 0.19244734248520184, 0.25537196342728885, 0.2960924645321334, 0.23442491274781976, 0.3855199611934179, 0.11125610749873001, 0.15208405315686754, 0.127406357466041, 0.11145266521154645, 0.22221680421943274, 0.35273784573383554, 0.2978150950909242, 0.5514073552941932, 0.17335898848841466, 0.45455905971817817, 0.5550816695016632, 0.43328873350231273, 0.4998373497771539, 0.7384605445742359, 0.5903909709269499, 0.632204749461641, 0.4602543959866064, 0.44493219723256383, 0.5848982745661386, 0.39535971469787873, 0.40340696574962, 0.43670684633981866, 0.634834202301734, 0.7818033427714177, 0.6641848408279157, 0.7476010389490353, 0.7257481412833215, 0.617933260898085, 0.8224386719621836, 0.9123039996653528, 0.8339034189936035, 0.5305431407332545, 0.5320532321145999, 0.6474198037032123, 0.5869840709050633, 0.4840494659435546, 0.5104128530164357, 0.5286222110536104, 0.5713929848570561, 0.585241837925078, 0.496237317659446, 0.3883738856909457, 0.5008622044542113, 0.5233410888686552, 0.6283588172252602, 0.6075922440440262, 0.8488090171768624, 0.7802000440866821, 0.913816010636362, 0.7987814250641927, 0.6867358702856007, 0.7244663802766793, 0.7094285038598563, 0.7351643515477712, 0.8470639585905311, 0.7355587664845245, 0.846549365436984, 0.7009104525583053, 0.4642773303252211, 0.5115913448923295, 0.5519553975057421, 0.3970598402309109, 0.44260914494391773, 0.37305990385327503]}