{"T": 167, "min_window": 24, "significance": 0.05, "n_simulations": 100, "seed": 42, "critical_values": [0.08014242546240709, 0.060038795178289465, 0.029740648481757705, 0.1460810458626448, 0.08938673858838507, 0.05335334055330554, 0.07189124238584098, 0.3494584179152986, 0.18640839778822174, 0.48409846589388456, 0.44953491940429646, 0.33216849749946453, 0.21547541358839473, -0.13719828451797975, -0.006480841774157736, 0.25312773833302193, 0.2706877355976123, 0.25381201306489776, 0.29207111248428147, 0.42163974895052997, 0.5214567507584827, 0.6924141795733136, 0.6631155092378492, 0.881059332847378, 0.7039601808814573, 0.5386156202554298, 0.1414901316594569, 0.3638328025225333, 0.20014055163215336, 0.4260810128893772, 0.4033682301652904, 0.5574998604622188, 0.7136236567258457, 0.45967705739978004, 0.5064706455360617, 0.42857270120828267, 0.6102117595699025, 0.5310070483115688, 0.6076430996198013, 0.6072022481712299, 0.6700763113229756, 0.6010240779855284, 0.47686997293196814, 0.40147708776903485, 0.31863382432573645, 0.20286624111949503, 0.02224002170844716, 0.4232651975076798, 0.23939401696790039, 0.2807981883739883, 0.21524241728073037, 0.21937461254411442, 0.13046838678502018, -0.01635891833748468, 0.15339417092018007, 0.1374281895092193, 0.19975528849565408, 0.24415998004220293, 0.20752425851587014, 0.23707158529163885, 0.32252262532234005, 0.35217687355217325, 0.26589037776455127, 0.38206343616110416, 0.23753028939729154, 0.29035267143824467, 0.15294901716711323, 0.1722598947248294, 0.4850974056352814, 0.3497426828254314, 0.3472550388648254, 0.3293899624454908, 0.3283194117235206, 0.5884359672927405, 0.4449155350311515, 0.2687504994644897, 0.03340041771009622, 0.20858554379871838, 0.30911450678158625, 0.4184956442547758, 0.32547825876955294, 0.30632832242085933, 0.17738078281806133, 0.11628802226969222, 0.21371768440609734, 0.22146069486461983, 0.29296599637834186, 0.11296585128779758, 0.30837628126035443, 0.35203443598179235, 0.1553623343694356, 0.28517335920641573, 0.028095134078076227, 0.14449942652322909, 0.3568291001634597, 0.322433271951177, 0.4599868673470035, 0.6692464052778305, 0.3694019259873616, 0.64056985483674, 0.5626399288364667, 0.37581692718775633, 0.3843766454598143, 0.41649175525525484, 0.41871724110660186, 0.4989101476795068, 0.4807139416282688, 0.7935328122429032, 0.7016825067936429, 0.8013189453806423, 0.5679849466517576, 0.5029846611571469, 0.47942310809879624, 0.7136105026378672, 0.5987411266897124, 0.46351946221992657, 0.500945206883795, 0.555999876144805, 0.603818200321272, 0.4822211437876935, 0.4314504659914436, 0.2625990348800067, 0.7189004028505285, 0.7058096279590118, 0.5416711254190644, 0.4006581065599088, 0.4041818124000935, 0.6984018704584977, 0.7027623090405669, 0.440686280222155, 0.43289270577263483, 0.6478110401709768, 0.29386551834297625, 0.36764445113929983, 0.3410646838335611, 0.5641388483581811, 0.5501849829838685, 0.47161001059287116, 0.5934732822843741, 0.6739317676688619, 0.872513278739881, 0.779846093945406, 0.7472500953425996, 0.7922062709926556]}