{"T": 168, "min_window": 25, "significance": 0.05, "n_simulations": 100, "seed": 42, "critical_values": [0.3280106175970228, 0.04649285473147907, 0.1339034757479568, 0.04459496789960392, -0.06246512652890223, -0.03724035545940683, -0.009928673497952088, -0.23965903459090376, -0.31535689132542766, -0.42783345059118577, -0.14194187813890094, -0.04810970280921396, -0.2602772580677649, -0.04468138700071055, -0.11968054034814857, 0.12145763919781796, 0.07691754470955084, -0.013879493172948714, 0.20931271496677004, 0.1466138635282025, 0.13246014796450215, 0.26383281456720603, 0.4913594279959135, 0.46551867468156105, 0.2564683656044492, 0.16592610326168933, 0.4161898334778615, 0.47191583656363206, 0.31715032569993173, 0.30215963801168266, 0.4112227249443211, 0.27286441493977737, 0.31334638726342356, 0.4312623481580242, 0.3998826390514072, 0.4893886727850878, 0.20504808591164644, 0.44508412374478806, 0.14576821082481003, 0.42674237016826455, 0.48373011583399805, 0.21683331884404444, 0.3467242552397384, 0.29080740666267874, 0.5279828041915202, 0.49229184272756765, 0.4439584342015197, 0.25450736742125535, 0.2779483972731296, 0.38818902124677634, 0.6986472054085547, 0.45715434923711395, 0.6135668087615695, 0.7641281343022561, 0.5522825730657026, 0.44832201686150513, 0.5935809792977952, 0.31087534662904237, 0.3925861796879332, 0.27333407906014257, 0.3550709968888888, 0.6127169932799713, 0.2806326680418869, 0.5380063690486008, 0.6187339301462567, 0.5843916118426242, 0.6445296587906953, 0.5512474509114603, 0.5813854176815708, 0.29237055684011765, 0.4552221277589123, 0.2685098900972921, 0.40604956732070835, 0.613461864733214, 0.679196193559916, 0.5768165193668531, 0.4998561006742237, 0.5721919572188723, 0.3421419638772938, 0.40382248211680677, 0.6674420253087872, 0.4292659892634665, 0.5034402671020112, 0.48729033203361927, 0.37672057769921163, 0.42267143999218065, 0.5546418165875096, 0.49005805215019227, 0.5316958048859599, 0.5572221998263015, 0.7398243824558778, 0.5701410411787476, 0.6791424742238252, 0.5316213843270534, 0.4976085640400301, 0.4357259631226803, 0.5063658781324725, 0.6005666835990763, 0.5237794797034969, 0.5180952125452848, 0.33434586062146926, 0.47243821815838777, 0.48451284722127286, 0.6799021341188212, 0.6484427047496566, 0.44977976177318846, 0.5553708791941677, 0.7920806573305239, 0.6692047080330888, 0.7301577590884634, 0.5832088876105461, 0.5390100216473239, 0.44300990317684263, 0.49242355950985883, 0.5846302060730506, 0.5872158127871754, 0.4455326438457775, 0.4768140062852466, 0.6403990884505247, 0.45843355349370074, 0.7374477536762951, 0.7118545765420211, 0.985399576117541, 0.8847202803886292, 0.8293931691316361, 0.6649246680592467, 0.868041758577291, 0.6186574472872582, 0.5559591117343271, 0.647422327272959, 0.8119457442823534, 0.7308480008168149, 0.7439892025039032, 0.7374614038884995, 0.6640530002224238, 0.5899220532792524, 0.5866417563637674, 0.3677195418853412, 0.3478046755871072, 0.5065329063506133, 0.693537681205442, 0.6562422176072749, 0.6460129488850351, 0.7026482569096388]}