{"T": 169, "min_window": 25, "significance": 0.05, "n_simulations": 100, "seed": 42, "critical_values": [-0.042056768398918254, 0.03195009250443958, 0.2757151959929458, 0.047492751643050994, 0.1506659097797026, 0.20674776927814098, 0.20650469857171708, 0.008652166078178201, 0.017027414056989786, 0.151198147106351, 0.31487399064500127, 0.09888360926186854, 0.05688399667045325, 0.12164042631697482, 0.1981856192645768, 0.25268007346267757, 0.36057812347027673, 0.13139507061380676, 0.13475262205533198, -0.03259264828449789, 0.0941448342387848, 0.10698315252568562, -0.055817498325772076, -0.005441821873835613, 0.10542750580358319, 0.5543420292698484, 0.42582473880911387, 0.20405869589127804, 0.2062148424760759, 0.3417128734113095, 0.4872940957923106, 0.4664413850299644, 0.5463097180336415, 0.5104836194486132, 0.30115446856463524, 0.44342767680800454, 0.47691653022065367, 0.4585975410201697, 0.746223368968438, 0.5530320871142373, 0.6780507521296398, 0.5447184639021196, 0.6421454372167186, 0.6871330280650213, 0.5540070754238687, 0.6166178509819858, 0.50498699440583, 0.3234580995338268, 0.5015117568736532, 0.4747162390716611, 0.41647388323588475, 0.5261006385598608, 0.5964958275898146, 0.3056377134477451, 0.17777566666216682, 0.3118821615244315, 0.31952110336873024, 0.3625429957358665, 0.2283563729657701, 0.4078420363177092, 0.218533156801787, 0.4255439836251219, 0.646655870047865, 0.6798983606581751, 0.40501406479541324, 0.5112643093883898, 0.44207232891998627, 0.37418708968538633, 0.38012476873557866, 0.17345842541651116, 0.14389570947545083, 0.39398730023016615, 0.3282079517145648, 0.3185043383758306, 0.08652221102270652, 0.22056878108567243, 0.362389900797792, 0.26346748350016563, 0.6536945077823855, 0.38012828424197226, 0.3395166675861568, 0.4434213351044425, 0.3207501880415107, 0.3431177268537218, 0.4639973275941193, 0.45640867206953434, 0.4085931284864076, 0.30827591640133656, 0.4737618155777438, 0.6070727374719362, 0.7213461770714135, 0.6068224776650771, 0.3901239069243919, 0.23949795842318544, 0.3920925911630578, 0.4235191664297605, 0.37306289427626316, 0.4859502377563839, 0.4600356729495441, 0.44574853298028866, 0.48059575939109855, 0.5810989992374659, 0.654916800413814, 0.5826526096277027, 0.45971776064688696, 0.42798784401708234, 0.42414677103847537, 0.38942074596550785, 0.4793497912914194, 0.21087200098309017, 0.31399475658346543, 0.10871110328067188, 0.2427521763239184, 0.07993796660100394, 0.0892587953671197, 0.3676059089904494, 0.33530742155317395, 0.22981945414442925, 0.511248132531122, 0.6689828613685074, 0.5930677225891369, 0.6271940315183507, 0.7227810831250726, 0.695167311617276, 0.5432368541525363, 0.6093484029223425, 0.8220268912873171, 0.44559383699396315, 0.7600524876060542, 0.617519991246915, 0.5954249963163153, 0.8456646424744318, 0.5576035860355489, 0.638449358075461, 0.7510512972625302, 0.7840828170277258, 0.7737638059328068, 0.5821246009357576, 0.4755802045842098, 0.39171585313147483, 0.5184495967092745, 0.6284481791206517, 0.48887193025630715, 0.585179670594146, 0.5620131608409407]}