{"T": 170, "min_window": 25, "significance": 0.05, "n_simulations": 100, "seed": 42, "critical_values": [0.08013227800003844, 0.13438814685175954, 0.23715861454137088, 0.13511999153161858, 0.06208849102827889, 0.07797559208387048, -0.10520933633165011, 0.04046624431253485, 0.01473601875268354, -0.07647224856474448, 0.27760387372959083, 0.11027323782669922, 0.32744037458932423, 0.15814309743933425, 0.5578477468463292, 0.4547699747656861, 0.40016069633194534, 0.3258245066661863, 0.24021708888505758, 0.3852260143758769, 0.569248608356506, 0.8137473061480397, 0.5563304907361968, 0.18022172306579595, 0.20297937433095312, 0.3519327053383746, 0.2054209378735391, 0.02877302506264882, 0.1339568089075779, 0.027229750961118394, 0.2244803595499988, 0.26924695124754827, 0.22242471506093567, 0.17105231090747008, 0.23274842814825278, 0.1653971659488382, 0.37152972629865, 0.4208933184776762, 0.48575997502346874, 0.6487660373169941, 0.30818486200405426, 0.41126200932725837, 0.11341686918914183, 0.1329473767348745, 0.0647192696853456, 0.3095016552108868, 0.5343411708691169, 0.3439296851889453, 0.3561309942322638, 0.2997085056316307, 0.44493888608765636, 0.5142165862242664, 0.6647051907445227, 0.6937877012250846, 0.8202416289207597, 0.8247576270411564, 0.41064102266525093, 0.33884290844845205, 0.5814930162883304, 0.5496506421641537, 0.5914047527592963, 0.5389772006057504, 0.6479243166481793, 0.4602329748601065, 0.37760904795391265, 0.43178020180140986, 0.5655654816991479, 0.7823556857170267, 0.6573815494031323, 0.7928935960254695, 0.5603536693564253, 0.6174030804482203, 0.701415868963757, 0.4443878596264227, 0.5200930070327004, 0.620337709204908, 0.4344353058071339, 0.5074293277408395, 0.5429663654594574, 0.24751870440656293, 0.530316154671064, 0.5470845819329923, 0.634404305022502, 0.3601412172062962, 0.3977478703135568, 0.7486793324900355, 0.5020466880533121, 0.2635872882937228, 0.4247667950288198, 0.7059377435441728, 0.6438794578868978, 0.554878001922451, 0.5686844460765168, 0.5678925718412843, 0.5754252586550217, 0.5931395060883722, 0.5240649888183089, 0.5701974393861389, 0.5596226898093616, 0.5872936381803673, 0.5223194812017306, 0.5666247706386556, 0.5602732768641322, 0.4689089343079258, 0.5155987150101826, 0.6091377054183668, 0.6056334249781825, 0.8032004748183162, 0.5860591273451822, 0.6734628872761117, 0.5268926379694375, 0.6312322939798196, 0.5216656979510339, 0.4300653480479142, 0.44813213547403535, 0.4449256992287709, 0.43417332234022116, 0.43132726204266686, 0.4089547261570826, 0.398627384327243, 0.6208469480111022, 0.5432399953708814, 0.2790568359897133, 0.5624402124817834, 0.5803642991986995, 0.5688371832389627, 0.4524045282205259, 0.5544450900541144, 0.5586621222833666, 0.5126862129441374, 0.6806535349584496, 0.5318657423514931, 0.477848782952593, 0.3168693816740827, 0.6238406069282255, 0.5922316404824278, 0.6092933793784875, 0.806122791884717, 0.8075505196315286, 0.6138141226402706, 0.8287940630428573, 0.711454685620388, 0.7364581046394881, 0.4585189066901433, 0.5259878385502985, 0.3495453454017479]}