{"T": 171, "min_window": 25, "significance": 0.05, "n_simulations": 100, "seed": 42, "critical_values": [0.07165023865307858, 0.06173134011543514, 0.16371626365718817, 0.050392277702643, 0.17683028050207858, 0.31751596431481444, 0.1899465804294724, 0.1914007838879544, 0.09325726038860188, 0.12503562628047618, 0.09210781002420211, 0.1829666349720848, 0.31085983632493425, 0.423071573855638, 0.306487677562073, 0.2996804841929987, 0.16789122509884505, 0.4991562337085011, 0.7876052558275605, 0.39919694153316615, 0.21310844454139502, 0.21320418208198638, 0.3711804435877536, 0.17887285043241116, 0.41119416857616536, 0.3996948942442791, 0.3595994739561998, 0.30546419286065574, 0.36462841897111714, 0.5789437995873243, 0.49893573330381125, 0.5713550234439398, 0.4692097108096172, 0.4516434094668914, 0.5076168925592787, 0.4363555476857634, 0.36893892808759704, 0.40294371874781265, 0.37980539037161304, 0.41212926069804706, 0.47978139833337485, 0.27447024789538343, 0.4468238197178653, 0.34309851884094866, 0.49109678117195926, 0.544547310417838, 0.3511070495258337, 0.6147468245061006, 0.40467663621701633, 0.3602916879556894, 0.4281728731747214, 0.4261144354682712, 0.5127713002585734, 0.44888052620477875, 0.42770930410416547, 0.4971981049406252, 0.3211005590200265, 0.4120136055269155, 0.3257822737120571, 0.23275772619456703, 0.2175589283735996, 0.5519047212073178, 0.8335723383908002, 0.25086059387801446, 0.3852935288423696, 0.5531177375787455, 0.33520499857265684, 0.32028415383208575, 0.2538733875012387, 0.24006017369720584, 0.2612530160087834, 0.45055880725981473, 0.45635674913742397, 0.3288083129976663, 0.5114781446796888, 0.5548764183837505, 0.47988301720629056, 0.632646742419568, 0.5249949910697956, 0.37940813458280637, 0.547593289788488, 0.34747709959284606, 0.42045252353049123, 0.39121173982684665, 0.36435244089102925, 0.3364063250585039, 0.2853373564764349, 0.29155910550108416, 0.4179528359094937, 0.20915328917709847, 0.4509879613706289, 0.4309474889486227, 0.29740034388704195, 0.6039518948483815, 0.5725037610582163, 0.2422318795952956, 0.1837987853036674, 0.13315224676046897, 0.1799422417388508, 0.024173600055923027, 0.06943479180395241, 0.059559553030538066, 0.2273520956566621, 0.1829629889929669, 0.41621647960549285, 0.43193000593269026, 0.5904021662318276, 0.3414025555532357, 0.3800653844838852, 0.30031236332346434, 0.16225945056698668, 0.16395418328697725, 0.31282152950351405, 0.41962078288787014, 0.6487559878265451, 0.6337851508113918, 0.42618533433050776, 0.6401757177935481, 0.6303645585902066, 0.6228063211385199, 0.5578085090666545, 0.8159019338569606, 0.9005848167287331, 0.8409405419738564, 0.6481953424221849, 0.4526714413168697, 0.7422651437226667, 0.7495415325118483, 0.6097597729237841, 0.511749047170791, 0.48475192236238024, 0.6312014453671861, 0.6215795406358108, 0.5650562220862735, 0.5176010955695499, 0.5881990585164936, 0.6187159761127698, 0.5255595902754572, 0.6546118406514766, 0.45899706537365087, 0.580214025606805, 0.6490935845884447, 0.4457715707643752, 0.7418814402105274, 0.6694718439440299, 0.8593568219649029, 0.7832833642816843]}