{"T": 172, "min_window": 25, "significance": 0.05, "n_simulations": 100, "seed": 42, "critical_values": [0.08030206267631385, -0.10679865186462228, 0.13194010315334895, 0.02885551071833042, -0.003193655235670682, 0.024696173903430166, 0.32522482670428593, 0.336584224183171, 0.36254536536799864, 0.5252664377678465, 0.5390970317971441, 0.42079283577485244, 0.2750470464634835, 0.19979278147925797, 0.38038722020432464, 0.350346055211822, 0.2954474002614309, 0.2641993670590039, 0.21560484580674208, 0.4245333299526282, 0.3620719704422684, 0.2928588813138599, 0.2516005758699593, 0.31010857587359425, 0.2134089681248015, 0.29844254623334215, 0.15018388052378923, 0.10107293922648675, 0.1349026650554114, 0.256482631550127, 0.2864223058265881, 0.09393863455127899, 0.004787207170730208, 0.1774631575156771, -0.03829586454840394, -0.025722406767039345, 0.06297072794892984, -0.026744836475897288, -0.12297457596724991, 0.0785315225664413, 0.02933106058849422, 0.021417679378973754, 0.13879903363567891, 0.07564351597041714, 0.0877882571428162, -0.11020262824192617, 0.21300447625091862, 0.06499281852951386, 0.617956741034384, 0.5311714302056751, 0.5171476822289139, 0.5573119232083741, 0.6722613972722621, 0.731912501617954, 0.8146129683501568, 0.8205026325036655, 0.9638178460856228, 0.714070206388251, 0.8175813129351153, 0.783764268190642, 0.818155474792999, 0.7898351378545015, 0.6034671974701541, 0.7102578634417955, 0.633591648385591, 0.6585501692206112, 0.8795757349611463, 0.7288946815020289, 0.7236314634945578, 0.631336624722914, 0.5708579322692467, 0.5719469599781609, 0.7553229456719535, 0.4286639930131451, 0.6488539247858434, 0.25984274029707755, 0.42601215249041097, 0.48486683296879396, 0.3654696032812804, 0.5544922300033804, 0.5032546806098445, 0.6557127378734137, 0.5065231960048738, 0.6862455967887044, 0.8775042165093521, 0.8739452615024074, 0.6084042497345317, 0.6214075886272563, 0.4391535606191183, 0.359005780403414, 0.4158875847311031, 0.36256757396023015, 0.18274143893212805, 0.14075822001510105, 0.3049385454501387, 0.1534037568715723, 0.013451371801325952, 0.34387174776470325, 0.36376262677536236, 0.20873190125487295, 0.29239560971844397, 0.3398377668410808, 0.2857511550546804, 0.2682605007290267, 0.29250901428097786, 0.4244368072112256, 0.28944260760898655, 0.49601304499690135, 0.6388387766640988, 0.5749745661815189, 0.6895457480168156, 0.4721717102561574, 0.6707464776141537, 0.4412124632490213, 0.4812519062673795, 0.43064419127479764, 0.4262639285863017, 0.34869231271224993, 0.32476774044826173, 0.1165317132685522, 0.0665981305906676, 0.11020807278589662, 0.4727356501541952, 0.4457485119762889, 0.3907213060648089, 0.2796692902938394, 0.12762043713680907, 0.4129326860034242, 0.3635430261130262, 0.3960434906325761, 0.5296906522796899, 0.3564507995807204, 0.31261567278299485, 0.5635649746524681, 0.3545000752234772, 0.5420522971025313, 0.4205487940666603, 0.452407888762292, 0.39965121348186256, 0.6941497898579728, 0.49599675235918117, 0.404014343130572, 0.638766729389737, 0.7902385907059342, 0.5373047625254075, 0.28513983778038116, 0.2794727077611154, 0.5030207086485008]}