{"T": 173, "min_window": 25, "significance": 0.05, "n_simulations": 100, "seed": 42, "critical_values": [-0.3687266900368687, -0.03541498368913754, 0.014687745386641991, 0.05759768536707306, 0.17553148515648728, 0.12037423058591964, -0.023854181363207796, -0.06202770351273785, -0.014836012677994502, 0.0047257812128752, 0.006162206322166001, 0.14372655002329243, 0.1700383514095877, 0.16604958407509637, 0.3775417842361006, 0.2942046238906125, 0.6733860321034566, 0.5448865949733784, 0.41935119204230853, 0.28981274589827244, 0.2547117138739682, 0.26399688486202155, 0.3220822364881758, 0.21121760733427902, 0.38921907560442126, 0.5087719752290618, 0.34176239481222315, 0.41198178988123696, 0.4396166391444786, 0.52456441226816, 0.17181637805902994, 0.21985366786206945, 0.3163397512776965, 0.42000096136115184, 0.5709272568025222, 0.5089794605944954, 0.48319858300024776, 0.611520954705188, 0.5701482322222549, 0.6879692492346523, 0.6548955180670579, 0.5213023764212757, 0.5060458552582942, 0.5553716496701053, 0.7070069446699615, 0.596694137047259, 0.637736872045465, 0.405076096462596, 0.42519321039883634, 0.3469893262033397, 0.4959540681315841, 0.6204404277190412, 0.6414278414099593, 0.6894506669911181, 0.6349106097409971, 0.45429770440735245, 0.43669580141725195, 0.36640068004193554, 0.16647835790409923, -0.04218309755716137, 0.035687350999332804, 0.13598133296003787, 0.2533717646571339, 0.18648490245699975, 0.48523485264020827, 0.3752461495942081, 0.3463702798795695, 0.15662446723549664, 0.22786723766428918, 0.3117682433723922, 0.4165639617215413, 0.2532429400481753, 0.14255335209477682, 0.30178803386895825, 0.17604543412425164, 0.049438337461867904, 0.3019682555637737, 0.21491007397532302, 0.46811274367894673, 0.454339092337378, 0.3976986712118819, 0.46706309645023847, 0.5540806103586303, 0.46404995986442404, 0.39517516380630546, 0.24380331086495874, 0.3739289998645596, 0.240942020399105, 0.34653419282374476, 0.4334302123030618, 0.6415450343132472, 0.6118803200330486, 0.7099831055522405, 0.5560250765273436, 0.4247603506749811, 0.6030070473790592, 0.2964026953623042, 0.5815847741571312, 0.5269378900831316, 0.46623325231043256, 0.6105234107232904, 0.34206902015191654, 0.2974032118206204, 0.34753591665317723, 0.2885521117320995, 0.2586957925919587, 0.1700640482100507, 0.13587925673732912, 0.1178133193037005, 0.2911793512798426, 0.44473490892640566, 0.45161368908867916, 0.4983015290299352, 0.21819861394598336, 0.21370411815648802, 0.33305179782441696, 0.33202094309052754, 0.6493034838014413, 0.273225416864342, 0.408575488736213, 0.4252227478108409, 0.5546395895190053, 0.42976393606014035, 0.6653758554777852, 0.7594141216094743, 0.8110077570039972, 0.7215226772427669, 0.39338263508751536, 0.18541161657977961, 0.20060730522945883, 0.2635607437040802, 0.33075937661559124, 0.42791793693099767, 0.34654957864044234, 0.4725174895648117, 0.7173384495190055, 0.4451386772065474, 0.3678567826510392, 0.43236373271580486, 0.35471012463220447, 0.481369607802857, 0.3505417116608974, 0.3680063168948244, 0.4145845238037739, 0.598721268511683, 0.5570652695336336, 0.559013840847638, 0.4544051500562467, 0.6602640101363644]}