{"T": 174, "min_window": 25, "significance": 0.05, "n_simulations": 100, "seed": 42, "critical_values": [0.2584752309403651, 0.5437922133728312, 0.42431213571222787, 0.3509905832288726, 0.41812925969083087, 0.2758421561738393, 0.4577024990876257, 0.3486798431164198, 0.09613845048737726, 0.24617626838011838, 0.1493937947865957, 0.07616372017228158, 0.25223450337263065, 0.06486320102410134, 0.3819037173186648, 0.21696019080056556, 0.03630585403737688, -0.00859834310047068, 0.07337659589618792, 0.225862320351016, 0.22740328850814634, 0.2666211716139704, 0.31783930431644464, 0.35833610827811846, 0.22902893217661663, 0.2661454814230128, 0.1985287826712859, 0.16768964372847947, 0.3220425565719064, 0.04343823989972788, 0.12558754768380676, 0.12361983354844179, 0.31032984011088643, 0.22300575550588242, 0.27239141423870344, 0.12344787289268389, 0.1219488442313592, 0.027901755036789433, 0.14838079228208323, -0.043929996221692864, 0.09997148333909812, 0.15741990585664561, 0.28382480580497627, 0.1881152936630991, 0.17918180631948352, 0.3090528396958926, 0.29878251650240334, 0.5234876819851075, 0.3372621177037124, 0.2977967195908601, 0.115644784757663, 0.1746853513017241, 0.2022636177858196, 0.20701506349652765, 0.18611212742824032, 0.3675645576075894, 0.35503032696328035, 0.2605365437219771, 0.45599917712207616, 0.35928341450841517, 0.4819327487277966, 0.2969400126937934, 0.33990624841992123, 0.1438602599165998, 0.1737925752280395, 0.10243070462526349, 0.15420958568535273, 0.1725140855903331, 0.24855503460468953, 0.3164360588860546, 0.3989569928490167, 0.37045736543783137, 0.3410921276206782, 0.4906455629515467, 0.6316223336396298, 0.45240123412075306, 0.5240442279063138, 0.7523956725539923, 0.7143220045162046, 0.6384556784880605, 0.3597331323349306, 0.48720205025128627, 0.49726061524780607, 0.7780677796876968, 0.6230445872558831, 0.4517240730874122, 0.3026284269321784, 0.26297283885186673, 0.08347315281888393, 0.2680885704604447, 0.3196112819525695, 0.35075518112369697, 0.47300537866017334, 0.5502934758384117, 0.43913553394866467, 0.32723246873312706, 0.5552692403374209, 0.7893655403940418, 0.6576259533513269, 0.5339732743981022, 0.7002122704704217, 0.7267911480573962, 0.7573948122493905, 0.7024092193538967, 0.8021464256929274, 0.8257926693943964, 0.8316181349267724, 0.7895574176739524, 0.4552713132856901, 0.5649281462269837, 0.47416021631879696, 0.5990801502455273, 0.5371059297264456, 0.3877335288242073, 0.42590127061848887, 0.5799833397195863, 0.5567411010434559, 0.6586129017344955, 0.9702431321777101, 0.6135968662032072, 0.6472847456544595, 0.6943686142412364, 0.4158687223715767, 0.44584159886782443, 0.5714309224342589, 0.31114020920774216, 0.4325548534088563, 0.46891540969615664, 0.6077208419107968, 0.6869164931440255, 0.6184657521158564, 0.43625771668691915, 0.3718566843661618, 0.25290075245757915, 0.4150717680835734, 0.3513752726096629, 0.20478680570382987, 0.31367208109951084, 0.42422272477180034, 0.3796137012358061, 0.32566317331743055, 0.20712912925106122, 0.2964953056528704, 0.19309617806028712, 0.22322557887492764, 0.4401605329220948, 0.4242338292906267, 0.4430539183719221, 0.40193107209558954, 0.5984132894236761]}