{"T": 175, "min_window": 25, "significance": 0.05, "n_simulations": 100, "seed": 42, "critical_values": [-0.12682298184053617, -0.08101303015833153, 0.12332233777838097, 0.04781727703705714, -0.23401615125532585, 0.02070922436344159, 0.09333410374292526, -0.2536795969412923, -0.009652855288127395, -0.08427821667622924, -0.32517789016809057, -0.1638392452830286, -0.05603060796624096, 0.04703856328777515, -0.006847527780988934, 0.02616193228252508, -0.07376005758960301, -0.03951512243604331, 0.14507080063363872, -0.07531874033460209, -0.09455215492799336, -0.06793158730251884, 0.06406406320275927, -0.059393604216572936, 0.0032255870542353088, 0.04517713429077971, -0.0020906451404981603, 0.13701535985179672, 0.2052078868081646, 0.1591515646092637, 0.20788325779207256, 0.3260788757527997, 0.5549864194437052, 0.4243734019208441, 0.4923976713734955, 0.6620040918744214, 0.5591461181310257, 0.4012849499109607, 0.16497985233127405, 0.2256399546238969, 0.2666711145315826, 0.3393165442990764, 0.4462147508708413, 0.22006355477354644, 0.16513539701329694, 0.21944149494335224, 0.1908145923519766, 0.28067501901439795, 0.19816125382433802, 0.2436319850115831, 0.401221284034684, 0.44996443144780357, 0.39919595714569694, 0.5495849492503252, 0.5141949542200751, 0.37804267696690874, 0.6358093638392616, 0.7019638216331309, 0.656169743802293, 0.5129201507560823, 0.549703421261823, 0.45217020850264034, 0.8008948396923437, 0.575460840489685, 0.6924538050716342, 0.5931207109185027, 0.48644013115121354, 0.6235658060163, 0.6175285778140864, 0.5463072177028344, 0.509543038526544, 0.4265198561381353, 0.25497572358560533, 0.49943380985517555, 0.4074441701157817, 0.7183431399339612, 0.5941316679952902, 0.44991686078787435, 0.3048482724462047, 0.3786895388394022, 0.3099670081794956, 0.40091061215354185, 0.31795737651953504, 0.48576239580328523, 0.4563969319153523, 0.6662651210831966, 0.5562562554852278, 0.8107109017344072, 0.6239435236714069, 0.7308913218332229, 0.6095320618230146, 0.8243851858142478, 0.44750983532056815, 0.5360404908064497, 0.5250265821499491, 0.4740514777257972, 0.38306366110489454, 0.3972688529973472, 0.2605499295517385, 0.23643983977847904, 0.5261010559968862, 0.4187338711169725, 0.6598212042580012, 0.46616351821557855, 0.42041322922165275, 0.3784140040402227, 0.7009789471442729, 0.6039441725894673, 1.045069316098916, 0.6194223786849147, 0.5920846651937428, 0.712084336957243, 0.6270054079545463, 0.7438090216759281, 0.3991687453647381, 0.7195633935368331, 0.7184365388397329, 0.3817414549502815, 0.5444080881315458, 0.5271578099242492, 0.5013973327059082, 0.4236324393770048, 0.3666287009546371, 0.4270680833173825, 0.7226819760379303, 0.5912273242237276, 0.5846781352062342, 0.3577008829543152, 0.49319524327756165, 0.6075206882952601, 0.42781895441827783, 0.4197153905874645, 0.598355775982816, 0.5841580242025587, 0.36427352374926086, 0.3680018097893824, 0.6491603074698179, 0.4225605655350112, 0.5819558980571236, 0.48998672449195296, 0.5674918357529786, 0.5319516447012762, 0.5597905562861827, 0.6466745008474606, 0.5916008748110573, 0.6620440946649353, 0.7867774312071978, 0.7657098293319559, 0.4824232081387769, 0.6556018593248035, 0.659998923692436]}