{"T": 176, "min_window": 25, "significance": 0.05, "n_simulations": 100, "seed": 42, "critical_values": [-0.15328695214480878, -0.09920331300864911, 0.1936095093639231, 0.07143306912296749, -0.06497677848758675, -0.029978684632994718, -0.013563351525578568, -0.1212117898138423, -0.12283098503181593, -0.18548163348184724, -0.22539395798118705, -0.06295378901494549, -0.041323927675191954, 0.03830284057323377, -0.22654627645586453, -0.05038656062937465, -0.10141395991258269, -0.0811913530402984, -0.12256857330839721, 0.10050234209720581, 0.20910962770317887, 0.15565350645488885, 0.2850146633750675, 0.11338504738932166, 0.5929487726963713, 0.33694318675901264, 0.34849568193528885, 0.19055109432801748, 0.2504532916702804, 0.3114526503076326, 0.3499746272963597, 0.33616293556683063, 0.21519369002433916, 0.2549433280823022, 0.14674874668907004, 0.07917405041365962, 0.0003251845982942328, 0.04121797211089152, 0.17896897808910112, 0.3849755264920131, 0.4497116183415878, 0.4676813456261343, 0.307292263145486, 0.4240639345042334, 0.38617044827490626, 0.312201117972738, 0.44808346486562156, 0.3103166483005181, 0.7744987084282041, 0.31203582885630265, 0.5103649751507999, 0.5718982030737666, 0.5818911248904011, 0.4846090403936724, 0.4566295734790442, 0.5558825356617728, 0.5833683188768473, 0.5966001351870653, 0.5280410594993283, 0.5615730200004193, 0.46450334639618013, 0.7271353776695428, 0.47961965514862526, 0.6830148337756233, 0.5362736431934529, 0.4283672680605121, 0.5560427182757526, 0.6857377856122758, 0.6199043714603446, 0.6170070028429179, 0.47197266535193905, 0.47791031112511734, 0.4515404794337771, 0.42560164881694, 0.4510397582133611, 0.46803498704995034, 0.17862295367668204, 0.3796579600855489, 0.46768379230392065, 0.3178349579945393, 0.4391755964788355, 0.4238561259990161, 0.46411437797631105, 0.3927654179130442, 0.45485715144681577, 0.40092502472530817, 0.49770587103708835, 0.34285589458192667, 0.4082313462518179, 0.5566514070263027, 0.6490258165375813, 0.3314927762235082, 0.49662883685507575, 0.4297872279091057, 0.5426049398312668, 0.7011242610195694, 0.5921601071140226, 0.498399246012206, 0.6059507542611551, 0.49181475042487854, 0.4544639938945278, 0.4091831657498265, 0.5296406177064651, 0.38776965919048395, 0.6026307743950139, 0.5536670650850841, 0.7171460396372599, 0.46299170500821, 0.4060597565814288, 0.46719489527146735, 0.34592131084625743, 0.34292432246204235, 0.37428451570240007, 0.499790462984094, 0.5787308801824567, 0.6897013253338304, 0.7182658613978748, 0.7624748217492461, 0.6841722816983856, 0.7397465605281358, 0.6988622583917296, 0.7479711076215716, 0.8776150067000735, 0.7225878578444458, 0.4557347087032333, 0.587456842115877, 0.5339956076120275, 0.5125353740927245, 0.6820740481794615, 0.6116147965479412, 0.5626649367826808, 0.4962822967184382, 0.4487407715450802, 0.4236488863049469, 0.3530180699995744, 0.4267588560003295, 0.2854713335659055, 0.34600719878159497, 0.4483641213152956, 0.5555196890079599, 0.5113685378817991, 0.3475968342986797, 0.37701898761163505, 0.3783888024816565, 0.3610062309681673, 0.4277276274805476, 0.622313627974151, 0.594753631069547, 0.724268839479279, 0.7494118179517946, 0.7174651737249689, 0.556061716550004]}