{"T": 177, "min_window": 25, "significance": 0.05, "n_simulations": 100, "seed": 42, "critical_values": [-0.19178390612945967, -0.29895357512706494, -0.09142384126891633, -0.2897924530828464, -0.025043081054062524, -0.02537134252234307, 0.011553087679854603, -0.023614555640940275, -0.0917792973253783, -0.0038140386764768325, -0.1412122632060519, 0.17996783762962376, 0.02037549299152707, 0.13915606198934258, 0.3106040186595691, 0.21381392834016216, 0.10546873632700543, 0.2628840756153134, 0.1771714143597246, 0.3567501495278481, 0.46371991639785687, 0.6464555024170706, 0.3179199786190512, 0.6140618524235355, 0.5512169348828317, 0.5053386827741241, 0.59294953955995, 0.29660565939613137, 0.28926101553063854, 0.14621592974943523, 0.23159898116210828, 0.37459615755397546, 0.5388544130043578, 0.4572133307742858, 0.3200178524460704, 0.34450341982243793, 0.3860379771682713, 0.3582665294585363, 0.4356957569111383, 0.4069247467009966, 0.4042294786052519, 0.4241567232210813, 0.4814487201700738, 0.6928932150574071, 0.5892596330668023, 0.5447342615131497, 0.5982862859172995, 0.5085984279695309, 0.42147574374575725, 0.4116109986661313, 0.2771390908942018, 0.3490929597755281, 0.3662854603793467, 0.589661295405404, 0.3777939152355688, 0.2616344734833424, 0.4926501243144509, 0.40330362580711376, 0.515346605601931, 0.5609256585592362, 0.4232409709224643, 0.7380202472431047, 0.36145024996122405, 0.3598126064254084, 0.5252096692311201, 0.286506456839305, 0.439980475678835, 0.49363014805944055, 0.413450498196867, 0.3751078689772873, 0.39892119672903986, 0.3867016266428501, 0.4488121752988274, 0.7908680770598554, 0.7539962100424333, 0.5583036010142001, 0.5222629227636433, 0.3116040143647762, 0.5608208371212068, 0.4170964368765643, 0.5895609679105919, 0.6232780636633879, 0.7766176359918322, 0.8582858403852621, 0.7550160405526365, 0.6521470007863819, 0.4629950627078325, 0.5355537864162353, 0.5415547423720021, 0.4441043483156526, 0.44463182854985367, 0.604455558118906, 0.5129732845077631, 0.6338792730477474, 0.672747261712418, 0.4410801473554589, 0.30610170726793867, 0.5116795629403676, 0.557737436286969, 0.21163916538092573, 0.28006852842931834, 0.23665095805223066, 0.2131868191445198, 0.31841864031930156, 0.2910798548822867, 0.5388693780820175, 0.414667272202963, 0.3694908710781008, 0.5137879536861597, 0.42185305884252217, 0.242753806486158, 0.26084491684303734, 0.2557547228799106, 0.4780572749965119, 0.501869369886989, 0.6296382560065752, 0.6650313069753373, 0.5888874057374197, 0.573274804324298, 0.6491850484670056, 0.5736999791359543, 0.5216538170294734, 0.4605079146106612, 0.2860407407551974, 0.3358004848728463, 0.24174892380242852, 0.23559461608351412, 0.3904007338058342, 0.5010553657795345, 0.5522643447666064, 0.3423949025706419, 0.4619352463186687, 0.4834667308239174, 0.33183548432274657, 0.5098620352958595, 0.438991433593267, 0.7275894825255513, 0.7132178242457654, 0.7285804147065049, 0.7098752252489366, 0.5459623708216982, 0.6352990855113825, 0.4303815931699922, 0.5546575181283745, 0.5127737926476748, 0.45079462154278027, 0.4107710523797967, 0.4656884550258495, 0.5212026656637742, 0.46953334531656293, 0.4470868432468488, 0.5107257366939689, 0.3746351913493707]}