{"T": 178, "min_window": 25, "significance": 0.05, "n_simulations": 100, "seed": 42, "critical_values": [0.07777372855577858, 0.080852482822314, 0.05789356586569595, 0.027387834147383227, 0.09274128109524729, 0.09539696398717777, -0.11059202720360262, -0.15867988163634456, 0.08153250222604813, 0.1355926374448777, 0.464300193246576, 0.3760488756348441, 0.4417112746028712, 0.4982968070277921, 0.38641828980288045, 0.3912491271706333, 0.5201556245180583, 0.4290036050467008, 0.40041361351797583, 0.5742934565593603, 0.40861765290055635, 0.24722253313071788, 0.05668790981701232, 0.3721139863628604, 0.352136360063352, 0.42004232236119426, 0.3845944817369548, 0.20493574859346597, 0.4681083011900582, 0.6188318162378552, 0.7489952674860244, 0.38234909079939483, 0.4595388562484739, 0.5260077703053293, 0.3348734722212837, 0.32170493177752313, 0.3381348051978726, 0.439373965802869, 0.2883785190585858, 0.2926093631549693, 0.1827941016559172, 0.1987696301399958, 0.7133019566587966, 0.5946644496685407, 0.6406095217553521, 0.7015065805774167, 0.5068824919609219, 0.424413915802503, 0.5717385481141422, 0.40035541768053695, 0.5452172589443522, 0.48847873944784453, 0.5176314989070324, 0.5984155218700243, 0.5627172110343822, 0.5251542280128756, 0.5370539801644914, 0.3759944528930212, 0.5621214312995299, 0.6630256541779702, 0.526599992470773, 0.5223034441433859, 0.4737687420965746, 0.4587943823423006, 0.3493817591583971, 0.5238012385269859, 0.2683552739177449, 0.3488858759620198, 0.40548143958856503, 0.12371407897148755, 0.321659210601742, 0.5038548553158664, 0.5343565890302195, 0.282554084801266, 0.21979628169117355, 0.19174307146688013, 0.29295143999879547, 0.4472954215781444, 0.23672001440475685, 0.38640146150767546, 0.4830407135173458, 0.36015498810822744, 0.27962478959901815, 0.2933909139207702, 0.37149591712354474, 0.4678739771770623, 0.6686397079816853, 0.6114345992343141, 0.35075100272602433, 0.33790349062639347, 0.5912539569488748, 0.5315242427089114, 0.25229080498046536, 0.21994856083984804, 0.2386031924255583, 0.5899750112582762, 0.5075216253937608, 0.4826124531788081, 0.560800737931866, 0.44385395363876584, 0.47336698033634483, 0.6089712201949193, 0.3350775268062916, 0.24256917091864066, 0.41353264483158897, 0.47109433941886114, 0.33120776829758114, 0.2159266259185783, 0.16637128659354128, 0.16835520853358824, 0.3453071284474346, 0.3714901704094129, 0.42136376198520875, 0.6098172682413939, 0.594197292486509, 0.5165664177030538, 0.44098320260320034, 0.6847259566957211, 0.5781144386980983, 0.6973271543747452, 0.591764286695181, 0.5505616605790015, 0.4393040576114253, 0.7068541418945543, 0.5585450556507705, 0.4950639736166827, 0.2911839166352711, 0.12732394631644273, 0.25873205013359557, 0.2518355147159784, 0.15549938784290193, 0.3043035889789095, 0.30382202850780987, 0.3732474956198707, 0.47709980027750454, 0.4236710653234447, 0.56544082563759, 0.6986113810384333, 0.5886901580364653, 0.5153331122292973, 0.4627557428859358, 0.2802533655746638, 0.45542216972409477, 0.5983174548895999, 0.6033590068390098, 0.5086823013130582, 0.45127306081188623, 0.4213148685037099, 0.5318074461743897, 0.39655688848929066, 0.3451996872957327, 0.5268083979685183, 0.49968503283670224, 0.782516080890013]}