{"T": 179, "min_window": 25, "significance": 0.05, "n_simulations": 100, "seed": 42, "critical_values": [0.08042342349650485, 0.20072724386431173, 0.5258243802239404, 0.541422074101983, 0.19501779879689143, 0.24053511796497248, 0.1703846332387186, 0.1337865083282333, 0.5009876770955625, 0.49659282397365684, 0.7874391524608109, 0.6126805909711299, 0.49248223018580634, 0.07478596956683876, 0.2315559466023921, 0.10009295269420379, 0.2699432642198113, 0.20787554258693203, 0.08891299877213131, 0.11924700419737849, 0.2620711885143027, 0.2654211979794824, 0.3002995387022319, 0.035033842782976596, -0.004833893877640667, 0.20327951398836375, 0.21592009542563473, 0.22804888372761584, 0.1376658924234376, 0.11097963158598938, 0.03887661416098284, 0.27629615461798784, 0.2045260196290886, 0.0807638638510365, 0.2498099516050954, 0.12838491741787106, 0.09283421130956625, 0.1890626537714639, 0.40297223893545026, 0.34784839979335813, 0.37386483281766314, 0.4803043641526999, 0.7450226137789656, 0.5199252135377009, 0.4409100504157813, 0.6709435151040687, 0.5929442030764014, 0.334967345605932, 0.447134384146991, 0.4141864240204476, 0.3725598423436691, 0.190754115235896, 0.24086949617402678, 0.20859304098459902, 0.31597808482832274, 0.20086936621983106, 0.19036521212885826, 0.33855293184532526, 0.5555062181730385, 0.5471777474861603, 0.5140015104075574, 0.3826629647026481, 0.6113829470408402, 0.3668373365391914, 0.4185963618506823, 0.33301659913420784, 0.47579136713348325, 0.25424806736892, 0.42968274051087096, 0.3027557117051838, 0.22734139260712993, 0.3276560315668466, 0.25525760637446543, 0.2781971503498101, 0.3628907386162861, 0.5075174806758801, 0.18510347594195453, 0.3619369289595535, 0.24922201838943303, 0.340317906548858, 0.25631671090942926, 0.3006936451065269, 0.3092898288032864, 0.20949521685629574, 0.2156082163685343, 0.33220196704365745, 0.587110187609346, 0.2712334756360099, 0.38957035934594114, 0.2805197531003272, 0.24422566960313427, 0.5453973871790396, 0.24930827362589233, 0.4314757559742926, 0.37544944301987143, 0.3136662183171821, 0.3767316492779776, 0.37464694900821893, 0.3914114783357723, 0.6968363606436605, 0.44320376493082453, 0.5524534109077928, 0.4544928548750801, 0.4298417774064218, 0.722471152508296, 0.7491383058999099, 0.7236128320325107, 0.6500768670785398, 0.5196571676346684, 0.31392270779070397, 0.4080985257728246, 0.4639996866901571, 0.4546710185644167, 0.5313506253761848, 0.48667093110886395, 0.46310497668169043, 0.45261154797826614, 0.5575178809403268, 0.3686992409211783, 0.29254546572236984, 0.4540498236162872, 0.3639149195082202, 0.13813969569867823, 0.288948462205285, 0.3885870328468267, 0.5903315415709689, 0.5393446041837968, 0.5186488741210963, 0.40987278555982015, 0.40426659031496764, 0.40000526828806693, 0.284615568084007, 0.40790065856411556, 0.5778865969742812, 0.8123917125984736, 0.6112719831560924, 0.5432407932970273, 0.5488666523265856, 0.29662621838475667, 0.5224824432169669, 0.41741659491407973, 0.5178277728600231, 0.845054844611731, 0.8145465190760451, 0.6390080635080992, 0.7877190492469016, 0.535743871578743, 0.39454372239809754, 0.5550988202687348, 0.5801838873946019, 0.7640994234536266, 0.69452353410069, 0.7701710393409834, 0.7513690985554193, 0.8133981545406771]}