{"T": 180, "min_window": 25, "significance": 0.05, "n_simulations": 100, "seed": 42, "critical_values": [-0.18847596472356293, -0.03409633184428988, -0.18825361212177205, -0.27594243269321517, -0.14242724767536208, -0.08632671997399102, 0.07651076792164903, 0.06499281852951301, 0.20971003141547528, 0.2623803580761199, 0.23688667016503287, 0.17864315881143644, 0.17325872848481735, 0.30329433665391886, 0.3447153913927871, 0.27775132178285483, 0.32692909202617476, 0.2608949556747215, 0.45632117847948195, 0.2492500789672824, 0.4803739755923933, 0.22872000443441082, 0.18802939324956264, 0.1358364305814613, -0.008715990748940566, 0.13328230392453777, 0.13551673334608605, 0.14230360587964871, 0.12571853480636724, 0.13052854020059182, 0.16014441521882858, 0.2163976426145042, 0.4184415514975326, 0.40032568587420103, 0.48972568401667893, 0.359065535869462, 0.4464595427950085, 0.3629554819057747, 0.2990561294854393, 0.5479734525405185, 0.4804754466197791, 0.4610556896320619, 0.20312241545884602, 0.2803318025500197, 0.20510132487751248, 0.30799763720127116, 0.4265368111673023, 0.6344011327546379, 0.33391139201119097, 0.23045071499058398, 0.2162829217103329, 0.350018840836551, 0.1319712557242134, 0.0915934032596459, 0.24632335737290278, 0.29439948057277493, 0.425981476339948, 0.404676636217016, 0.3109876743173372, 0.36474472833360905, 0.5395603778841596, 0.4159096390748686, 0.5557317793433021, 0.5463014104737, 0.35134785448557093, 0.5251240855622417, 0.34681935677174125, 0.38291736191760106, 0.4207285627880274, 0.5096619632932268, 0.5002188829122667, 0.9573441727439392, 0.7666692922594633, 0.7354453086782533, 0.5279605293868544, 0.5229846217801983, 0.293153108747116, 0.031001008802136572, 0.46511518933669954, 0.386372340565275, 0.4333385430912668, 0.5308297054780017, 0.6679755258507311, 0.5960497432632811, 0.6148995560982974, 0.7498146287288036, 0.6734860259018715, 0.5432248789906094, 0.8441738697088368, 0.648467249901293, 0.6663649715117258, 0.6316666509265997, 0.736057494733902, 0.9019811410252047, 0.826662663432113, 0.803565907775864, 0.6521728521603, 0.6830488290683707, 0.5595185198012294, 0.8178560073097892, 0.8329697437631802, 0.7480455119867792, 0.6624004146201282, 0.5751306375463447, 0.7592297087800409, 0.5314743083433511, 0.5232616419321107, 0.3942083219306144, 0.5904678982368654, 0.7191770424857346, 0.6768285690447349, 0.4641861990023013, 0.48876107411438197, 0.4641885307155206, 0.6839017016034662, 0.5762038781431069, 0.4506593030612188, 0.4649437594428319, 0.5043537865501829, 0.3004065355475018, 0.26693841194784285, 0.2691809269864127, 0.24950282892374961, 0.2892837786428425, 0.5185763057170841, 0.47771958231121225, 0.5179052384829312, 0.6989153403735326, 0.4989957157895225, 0.6097337074992608, 0.5417854738353104, 0.8295192051624386, 0.7425982047800748, 0.6009020812153941, 0.4476452756714734, 0.46260447479086875, 0.45033169850847005, 0.36644441466896704, 0.3469106207341832, 0.4290072554911088, 0.6155021785250314, 0.5218458594266373, 0.4924693141132507, 0.3358449559829677, 0.6208638184160006, 0.6883608975535292, 0.6062754759465384, 0.7857475128867893, 0.544172900631361, 0.5599267385500665, 0.4857926049726613, 0.5004653877142433, 0.348901194762805, 0.2860515639833209, 0.48894785212790276, 0.43602383264790184]}