{"T": 181, "min_window": 26, "significance": 0.05, "n_simulations": 100, "seed": 42, "critical_values": [-0.20554596952403606, -0.3084009193420292, -0.20275900538619004, -0.05196683798684553, -0.1779656013782573, 0.03741726729863706, 0.20829065378223377, 0.15897028690897214, 0.3543859155555224, 0.3833576291898875, 0.19439755779546664, 0.31121146915027376, 0.2571003286628942, 0.37604331077419406, 0.22076750442870288, 0.3812020839875356, 0.20950840265829923, 0.2150396125292409, -0.030825814672550703, 0.32247649742154844, 0.39705301867978005, 0.6473542111227092, 0.42422978598621663, 0.5495687000907548, 0.43040130060496407, 0.5321724283960322, 0.46648035346213196, 0.3256493531877954, 0.4532169316617488, 0.4565906084752778, 0.2742124459602729, 0.15435837352420312, 0.12752532035640715, 0.28302572205346627, 0.21225140207878024, 0.08886236140556235, 0.09567122255758978, 0.008630400974985042, 0.2706838103173017, 0.008241483567607937, 0.05464882170459209, 0.3193133842311367, 0.2837694720050633, 0.36411684076315953, 0.32769486680562976, 0.5727783576672442, 0.46232159995691885, 0.3859655812486954, 0.5709679462401466, 0.5661266930768984, 0.39197177698576885, 0.6789500496101544, 0.5925245005825641, 0.6397383793578003, 0.5245995975915422, 0.6308537778187634, 0.7680393845560901, 0.526297452762817, 0.5842425072752759, 0.5937318958849485, 0.6319443019571865, 0.35039191159506955, 0.5826574125619823, 0.5395360479038263, 0.6272881214047694, 0.5236533475288122, 0.7301203664758253, 0.7882130416060538, 0.4367610748343746, 0.5935243862704062, 0.5426075013195054, 0.6191184441485856, 0.6142363176951785, 0.47393092555205146, 0.5050307371373004, 0.6567883483128667, 0.7356584660645473, 0.6456045787176805, 0.527103193111247, 0.5669462783439038, 0.5570543913907859, 0.360374488028431, 0.5136988694488911, 0.39581767161154935, 0.5606321013004825, 0.5383302228976974, 0.5563239369415169, 0.4629232869404757, 0.5505536995892939, 0.6724562986173213, 0.6317837681258193, 0.3865972122187475, 0.4478136862793562, 0.6068943747076104, 0.6155151348871765, 0.4104311247434658, 0.3098220740714703, 0.554969113918243, 0.3711755953934213, 0.18708625898917974, 0.17211795208791839, 0.16079410507603734, 0.009820173585356985, 0.14536665907297558, 0.1532518918052101, 0.24994035068824055, 0.2511845708629433, 0.617881951305343, 0.6041061478775773, 0.39302468500412174, 0.6520534224071851, 0.5140902680983152, 0.6375612566403521, 0.4478000092978845, 0.4127104422554971, 0.5639934449538591, 0.5725705372343268, 0.8464657607585743, 0.5040965756440731, 0.414709874237176, 0.43178196406828406, 0.4486865538929398, 0.4145626807977115, 0.43556093654009786, 0.33078545670936627, 0.3697938897243664, 0.42605112417324004, 0.5359745351855437, 0.43279015413187477, 0.36979718879349405, 0.32403615664448265, 0.33857068120335165, 0.376315432423791, 0.4492476041126836, 0.2479397581807722, 0.3156966901220536, 0.3613512701807284, 0.273898250089778, 0.40519822219173995, 0.38537336295106667, 0.6156408547825761, 0.5579677661609266, 0.6251869472564149, 0.5327446449840493, 0.49067257291538374, 0.6109915921006559, 0.5870446390472753, 0.3607812662489339, 0.4021462078087217, 0.5544403657218254, 0.7345753765062312, 0.5229893886903054, 0.7141336510645069, 0.5046865442359229, 0.4283663462953299, 0.4143003071443857]}