{"T": 182, "min_window": 26, "significance": 0.05, "n_simulations": 100, "seed": 42, "critical_values": [-0.07939517339191461, -0.2812880446526412, 0.017968474252211146, -0.15696121112627406, 0.192579417851882, 0.3187935782887208, 0.1679669583633945, 0.4485344712648716, 0.41651043014444045, 0.343257347049387, 0.46423209358258777, 0.10623815559464629, 0.09312236403155368, 0.18516846845669774, 0.13411468307714372, 0.14391488700981273, 0.13095889310180764, 0.10087355622995998, 0.044679839522373165, 0.13856057523988569, 0.08632140988775433, 0.18375093972816617, -0.02465487708652249, -0.0881380924964015, 0.07440121242003128, -0.010146289751327111, 0.05391850053771635, 0.21420124459507425, 0.23831779325588642, 0.35399784503957066, 0.3291632690810751, 0.3300878903353971, 0.3687074684232909, 0.4642697236960534, 0.5748406087109366, 0.45107230820452915, 0.6855722426066814, 0.74714908491705, 0.5493595917386163, 0.4842781211305755, 0.4660785213213994, 0.44713946257251286, 0.300750763396128, 0.25134375912857365, 0.42714614730376615, 0.3487472548403559, 0.4982041125040262, 0.4994760434581378, 0.47756447885269204, 0.36384193990451286, 0.36307139568259933, 0.3140106550911658, 0.32961242062991, 0.23817684529946773, 0.2886143694083288, 0.328065828874007, 0.3066129175007613, 0.5087262365490813, 0.6083666321423231, 0.3856793723045556, 0.4100949380323653, 0.22597394400729107, 0.4569991025401105, 0.4958030203570929, 0.5594190707119899, 0.6107784100663639, 0.42959062459846586, 0.5965255748296928, 0.513049043753629, 0.5626795398699111, 0.3819308721194877, 0.14237226638309658, 0.06261467030026266, 0.2914033375258298, 0.39767702567429475, 0.13561416791677938, 0.25899393031847184, 0.4069216285065886, 0.3409450280278389, 0.618365180846207, 0.3559550047041305, 0.37742581222278326, 0.40272724773300705, 0.22018275445550956, 0.35428383572105443, 0.10339953778998182, 0.3092459303947357, 0.2210342178936201, 0.36643708794079527, 0.8747915814256009, 0.4676642615134632, 0.5133813110592145, 0.5749198340120008, 0.20125680476054672, 0.28449928358037746, 0.29332069523595505, 0.35842998913080965, 0.35314450393276475, 0.30855994569968953, 0.25484989401024105, 0.2997150762016765, 0.3811688315410479, 0.3674319930399369, 0.38025827524811473, 0.3870975788097017, 0.33628529729312373, 0.3546161953481039, 0.3811451659028787, 0.4357259631226778, 0.4469072697697776, 0.24115659009808382, 0.33004042894011193, 0.2556397251115074, 0.4717605048421585, 0.5624444078382583, 0.48780737260868984, 0.6951109333608698, 0.4563445981645072, 0.5691671020653153, 0.6772892925488824, 0.48674271206160824, 0.55545734026112, 0.6233656644683148, 0.5262097565603787, 0.44106153289570793, 0.796780762882095, 0.6858712303159281, 0.66689392840624, 0.5910753251445882, 0.6654707979731612, 0.7781555770296202, 0.5899708372040915, 0.6343088778687039, 0.6751610756799582, 0.6030048814364039, 0.6655752668321198, 0.6292603062441045, 0.6198247367999569, 0.4988488569851713, 0.33779187088955875, 0.6614333957214344, 0.565291488302416, 0.747771615538871, 0.720342448839652, 0.706967811221956, 0.5949936656106374, 0.52855597265003, 0.6640530002224251, 0.6760785844822653, 0.7040957989652378, 0.43059886034039924, 0.5424534428739974, 0.499793119223164, 0.6670372399379126, 0.7476482296316598, 0.7230942558771898, 0.47822539208273634]}