{"T": 183, "min_window": 26, "significance": 0.05, "n_simulations": 100, "seed": 42, "critical_values": [-0.08773678568741253, 0.10870834734676339, 0.17089491759951164, 0.17290531666470701, 0.2566259190191474, 0.38212003936045175, 0.3835012074546306, 0.4990135468690126, 0.43169732886529094, 0.5489771114289058, 0.18599473501658226, 0.16611727265433804, 0.3142730452398148, 0.20605632618341657, 0.21338222312324592, 0.3576497313299386, 0.2583503156058494, 0.28781823810100277, 0.40194122871291954, 0.260331304399249, 0.5370630793882536, 0.1301144471676947, 0.24082913190800462, 0.2687793239508644, 0.5438926346543766, 0.5739597745931477, 0.18434109470298946, 0.3726229010476645, 0.48203455886287044, 0.5598507319548506, 0.6546146335422424, 0.2976020365068166, 0.4227978533815009, 0.4033040139651431, 0.41903595668624805, 0.5926682813296656, 0.3617480819337149, 0.43879697721795485, 0.28306109835905635, 0.3920659199767313, 0.39583429800249487, 0.42441051183634393, 0.2017578968014092, 0.2116698899629571, 0.3186795182037338, 0.3732618807845255, 0.2861686121940147, 0.49068499991708575, 0.40505100918568815, 0.33446345069159195, 0.5807731309761139, 0.3690467173525018, 0.39450319185769467, 0.3078260621929423, 0.17080285475572496, 0.29874257418115635, 0.20025650576509194, 0.2649509129198308, 0.567098465924003, 0.26015013890613625, 0.2864787383519188, 0.07795867793220483, 0.11262962682739147, 0.24436196860967188, 0.26559758108340104, 0.3439783019245976, 0.17387476745202265, 0.2790477603862907, 0.3370304006559123, 0.22912210124009116, 0.39685714859521376, 0.3130438015148324, 0.46745461332376376, 0.36427919430086725, 0.43996048926968884, 0.3813768912434033, 0.3700881633744575, 0.23286055239914855, 0.29609527023836363, 0.28890721259860497, 0.18439575316764772, 0.26128956210454923, 0.31631532587618244, 0.14306621593662963, 0.28321403098848924, 0.38854490278635856, 0.1596424928612745, 0.10396719380338633, 0.16728991876178192, 0.15186683515776503, 0.3976090820291449, 0.3665973213987733, 0.46339131284100604, 0.5263506604017439, 0.5024753778285918, 0.5119586542179171, 0.45368267005172896, 0.5504653835389385, 0.2322244355562262, 0.6355140734765262, 0.583429239436537, 0.4905483831323322, 0.7101128868999399, 0.6496782045297216, 0.4701174663128994, 0.4898097338807202, 0.5130283940937695, 0.449768075312714, 0.5239164530561804, 0.7014664948988026, 0.6620200708097882, 0.649880272651964, 0.46158919709018453, 0.6180886491608324, 0.7177720772397372, 0.7275707047356488, 0.916264644848924, 0.8279690787738325, 0.8747435381790271, 0.7985484618931042, 0.8107496491782976, 0.7092078593748966, 0.6993572386146297, 0.6725074857588188, 0.7867587309972162, 0.8446844571806001, 0.6162053741889281, 0.6018955848599311, 0.3812851598645253, 0.4412563658011164, 0.28413236061445757, 0.38540555377816677, 0.33877544541761134, 0.19690188911310383, 0.32076003015940485, 0.3702477693476685, 0.31176711892517905, 0.29562509728975306, 0.4829788366973878, 0.8029346346022176, 0.8097994378173928, 0.688008054146706, 0.514964888367798, 0.5165993332153684, 0.3389554255484693, 0.7198542397199172, 0.6157906702139128, 0.5797536162705925, 0.7455194208233228, 0.40155309289219365, 0.5628550963739757, 0.6744907154426005, 0.5943825385704344, 0.5609891092160977, 0.6135256703862954, 0.6207558917713628, 0.7355439083089412, 0.48455005988476996]}