{"T": 184, "min_window": 26, "significance": 0.05, "n_simulations": 100, "seed": 42, "critical_values": [0.07815641100795417, 0.34817832841904717, 0.4666186866743925, 0.3799191360680937, 0.1967308838294602, 0.12967722751526303, 0.19442885854236236, 0.12654958726950824, 0.19921092494692993, 0.225535984351691, 0.07641483318788342, 0.14380373785057374, 0.1981882276154752, 0.3763025312389702, 0.2170029313099426, 0.15110375815545102, -0.04848899111531514, 0.1422923739457317, 0.08558339197840013, 0.05065497691941562, 0.2485055356398744, 0.1567088722225901, 0.45330252221031664, 0.44674334320055714, 0.5413022607829426, 0.38945507808843544, 0.2621864283552492, 0.29954938127827646, 0.24707842555896758, 0.2594769979157828, 0.2969003082226564, 0.2661958250402893, 0.42947841608575155, 0.5957731148609579, 0.5771558738582382, 0.5936502693118506, 0.5442397499961924, 0.6781224836546587, 0.5116974049967244, 0.18785325880548673, 0.16286777586402149, 0.22452782545968802, 0.2719565516384222, 0.38414976315401084, 0.26155169118891664, 0.41563918601896077, 0.286313444678706, 0.2091210602918307, 0.24266888194233138, 0.296778365837995, 0.052750100417542085, 0.134308377434464, 0.06876937344088359, 0.1958484094891128, 0.24581999248336073, 0.04558587101194871, 0.12928367400557936, 0.43225374020521357, 0.2994586599148668, 0.3154343033112837, 0.3214645159814866, 0.5124348279825199, 0.3469070586018934, 0.5679731862852572, 0.3311631374633889, 0.32680363774889803, 0.3802613900260761, 0.3424501147054587, 0.38669792542275017, 0.20057366978648544, 0.26418534072967337, 0.4559274812414532, 0.30685033881559104, 0.28144486146875763, 0.15552105477602346, 0.1570233715143522, 0.5093705333495342, 0.6747704320730099, 0.7307655587025674, 0.42326967494476314, 0.21257202472450665, 0.5026153872685681, 0.5742130339150556, 0.5254847749073333, 0.22024937183617574, 0.22120702330258465, 0.026511227638562444, 0.1572165919321726, 0.1596206301999477, 0.03352151199761849, 0.06354280154220848, 0.30391450323578484, 0.4162144137090617, 0.42163854343577456, 0.3261756015301436, 0.4836519935742984, 0.48808375226469003, 0.7896314160462833, 0.5800788662081561, 0.343743334180414, 0.2720831047785377, 0.28575523137441927, 0.32321934189172696, 0.4628942181854783, 0.37799472362021674, 0.4858098691284434, 0.6832524959662896, 0.5551362681265182, 0.6653178415936197, 0.39259199163516134, 0.38619220112033253, 0.2792373090127316, 0.25479992663044154, 0.3209344980966776, 0.5792103259658068, 0.15054896766102024, 0.09481205745659185, 0.07467676996351266, 0.18245606497212746, 0.15226019561256854, 0.17171339061197807, 0.1889211409732088, 0.25625568427611967, 0.35729127094146973, 0.33923378328206044, 0.2652125201078531, 0.30118974737059684, 0.3832823896938209, 0.3185473382424712, 0.3766079778846086, 0.6568994263218535, 0.6863658263033643, 0.5924827720697416, 0.62495344180249, 0.7997016591967442, 0.42668887850153886, 0.5779451046902443, 0.6880118667688012, 0.7328011888097268, 0.8265862362359971, 1.1377388866759923, 0.9291617911441309, 0.7513092901729652, 0.5659484767942216, 0.605863327253317, 0.7035343878210262, 0.6030304099381423, 0.8158845801999339, 0.7222301493089112, 0.5133160380662307, 0.7066485058038857, 0.7947624433076986, 0.6383925243077452, 0.474870338857162, 0.560946880412049, 0.434098856869414, 0.43417133821032733, 0.49662248919431845, 0.3770760355412445]}