{"T": 185, "min_window": 26, "significance": 0.05, "n_simulations": 100, "seed": 42, "critical_values": [0.07424702776441684, 0.28582109653050763, 0.21754515334790722, 0.25238328426975576, 0.13509239219195118, 0.2785559130913623, 0.1341962688238445, 0.11922672793913244, 0.26591880919860794, 0.15995995446858277, 0.20823390732350558, 0.13832982564262158, 0.06330239763306061, 0.0975097736791586, 0.044921926738675975, -0.03380003121098905, 0.037055971438996145, 0.40001128504474004, 0.22411369283418503, 0.11856328411222232, 0.3357455811271027, 0.3012325008795263, 0.1463764977048461, 0.3008050693549127, 0.23609576570563526, 0.45748652649908866, 0.4256297509405021, 0.3129402640124504, 0.16110850606460608, 0.2167525989726664, 0.0064738694871998015, 0.1902711003048008, 0.23287385539013117, 0.25364391371501877, -0.062391659286833275, -0.08829739421177352, -0.01186093123833998, 0.0944242176359379, 0.33694895911466, 0.3059515723213562, 0.08335817990641223, 0.17884815724579636, 0.12957626066470956, 0.05231385193028858, 0.02280198674895026, 0.01919639620977054, -0.05881525202665388, 0.20689497667948525, 0.21655406331109223, 0.18998075877684326, 0.22622315577979368, 0.2836344114190221, 0.09222279788864701, 0.451112706960131, 0.15106479320603663, 0.0050864971709499735, 0.09123281159341151, 0.24116488330938668, 0.30578674150171176, 0.29623702839477406, 0.2891218402919073, 0.5576591569662953, 0.3897249379868111, 0.2530651403133711, 0.142631720201209, 0.10662580232039734, 0.06865892196720774, 0.10654379211842478, 0.1450932150445927, 0.0009764667966121346, 0.19868099464086747, 0.20740188313366878, 0.4051997913422377, 0.23452859106142143, 0.33887675106022963, 0.3999964954712711, 0.3407043564756007, 0.3582092478422575, 0.46669764722606955, 0.6091991246114464, 0.7408081734442807, 0.6485244766469977, 0.1946890952843045, 0.4161367111699622, 0.2552739381095175, 0.36309898587307354, 0.515747058534632, 0.48983772388439917, 0.569455860367848, 0.37342386059465876, 0.40802027716341965, 0.17433865532782084, 0.30906384826172756, 0.6205764109168307, 0.3491514256692404, 0.325561701139896, 0.7036994158947406, 0.8001997027517649, 0.3603555057480075, 0.5001867458545305, 0.43018210491775455, 0.2642192671147526, 0.2913409603723479, 0.3832742523098404, 0.4221762483621407, 0.3656394286017168, 0.4302681000594013, 0.27779757635384067, 0.6119382941695933, 0.4472051420208146, 0.5224820182026478, 0.4705517883280152, 0.6092330249958054, 0.4623355384270693, 0.3703124720006155, 0.5149225602591145, 0.6360237163908403, 0.5562150619830354, 0.6138070785780926, 0.5098762550907412, 0.4540347115975491, 0.4919479772303003, 0.6027439295784884, 0.6209369625119656, 0.7477109528405694, 0.6734136063787488, 0.6658201535906688, 0.7481274622798291, 0.5944446416266157, 0.5741852677852078, 0.5232182252279862, 0.444864660353767, 0.48511251406084954, 0.7189209855978715, 0.8197860293937171, 0.6312453831142526, 0.6790417362956912, 0.61016611741424, 0.7176395272841678, 0.9062458475340032, 0.8358800313632375, 0.898949756206395, 0.9796796710782639, 0.9994284795576976, 0.8047684633552603, 0.7940428262283636, 0.6528697001646556, 0.6391290066091355, 0.6832295943330808, 0.7857712978615808, 0.8764463997984911, 0.8089711975052711, 0.827773185573128, 0.8981994396015424, 0.7977010362367682, 0.8887526280348745, 0.7406793605693818, 0.8296409352727424, 0.8614858705407575, 0.706061492533082]}