{"T": 186, "min_window": 26, "significance": 0.05, "n_simulations": 100, "seed": 42, "critical_values": [-0.21044044960529223, -0.0001248367793396099, 0.05417607947928324, 0.27923508477496156, 0.20938541215455217, 0.3177576071243718, 0.31792020923439124, 0.05222525724026399, 0.19763077740178106, 0.2469256886188968, 0.02011675916501928, 0.03478416529093368, 0.2191092680912379, 0.21042432741461506, 0.015196872920901343, -0.07655572253845803, -0.06171426365756543, 0.07570733723362998, -0.0850238880558873, -0.0900755697724556, -0.21085727511565894, -0.21863875910343372, -0.23411209629259686, -0.13495743450558234, 0.08565299579554293, 0.21495516098349543, 0.22500441494838527, 0.16875181037708178, 0.3611699551299011, 0.2194078554423087, 0.3573918476798416, 0.5153190576831373, 0.3063868748806074, 0.31616179063605354, 0.350698278139501, 0.2850795489408131, 0.051256959676921676, 0.09338664372472046, 0.11290214512648315, 0.1371163081583466, -0.09262604105079583, 0.0665910155449431, 0.11506603427005065, -0.029964538243147962, 0.016938766023271858, -0.11565993519791838, 0.04992030392681233, -0.10113639114523823, 0.2346323168946029, 0.30559561047110595, 0.04351008052057867, 0.2016810741741039, 0.3293370499909189, 0.22838263356165295, 0.10798876654141036, 0.30801119296692786, 0.3243583100249283, 0.5209164173223942, 0.3937255171821141, 0.3477178859377214, 0.27868947890903734, 0.5655728614132234, 0.6233301455351422, 0.7430207169691104, 0.4265731882194347, 0.8090356334110327, 0.7332665704677427, 0.5811868259494491, 0.604796118261536, 0.6489854580423692, 0.6368167762760361, 0.6489651764472643, 0.5638606902796126, 0.6699204025520781, 0.5473291384637778, 0.5563077964435383, 0.6990422043616907, 0.6265414693367282, 0.5123254398976668, 0.5733864653195788, 0.6082663860379248, 0.6564970933842702, 0.8636651388308375, 0.7579760872145819, 0.8319173704319686, 0.6298504305499126, 0.6482996135279425, 0.531710649684578, 0.7043903174455883, 0.6833824300215269, 0.7082233350098098, 0.6024142607347823, 0.590787120444946, 0.7038455342731369, 0.7024815925750106, 0.8091520415609067, 0.7361770482165342, 0.7126007370420432, 0.7621153048826532, 0.5308997749474068, 0.49344410138883205, 0.5614657041756715, 0.7024789335681859, 1.0210415109797122, 0.6946881218902036, 0.9462978484656476, 0.7986669656227091, 0.8044174313104617, 0.6829953278788192, 0.6529535318673768, 0.8913638478190529, 0.6170813535555907, 0.603196460477388, 0.7512309546638455, 0.6340231125363827, 0.5630746054307461, 0.5173311927288232, 0.5127506920217108, 0.5211526135153312, 0.39074197661753957, 0.40275824781856523, 0.4453756162808576, 0.45264276226651373, 0.6157556528371918, 0.5298853059672949, 0.5951176956492786, 0.6225335345802594, 0.6413095364328268, 0.8050264321721537, 0.5622316063067789, 0.7919314889687278, 0.766193365411119, 0.7112115735862816, 0.4924251065614047, 0.5616083641521944, 0.4881013194681169, 0.419285651073522, 0.5944369141993036, 0.6825540402632686, 0.7417198465995379, 0.7027485681095459, 0.45792491259823914, 0.49697116835444427, 0.34829953779311984, 0.3882201134807382, 0.4167008915822122, 0.3653790113399905, 0.3248014182926215, 0.45864506274520234, 0.3324956869550008, 0.2906839597438222, 0.15982675554872422, 0.24785325057175417, 0.1247260560783067, 0.30146081071105535, 0.4014324782443433, 0.36695993073732863, 0.4027018107002681, 0.4538130478809516, 0.5869819951803701, 0.3341415869378617]}