{"T": 187, "min_window": 26, "significance": 0.05, "n_simulations": 100, "seed": 42, "critical_values": [0.036756974558853246, 0.053888989600027075, 0.32481455006604887, 0.21316334976488788, 0.0815685474950931, 0.12758617356007323, 0.010723785343073385, -0.10281382648628334, -0.00543691975849013, 0.285101713267925, 0.0935438182419921, 0.13307023445874536, 0.07013703987235666, 0.2823529896865716, 0.29173360950719956, 0.38677865334458855, 0.3042095304736029, 0.5443683215542136, 0.21971480838272578, 0.2268889460041087, 0.2655167643770261, 0.3757479017564048, 0.4229603654716816, 0.3813910088934377, 0.2945733131993092, 0.3013882943797297, 0.20548868052164723, -0.03187212906692052, -0.06732059794767227, 0.05218938834786167, -0.08254242855999132, 0.0926030760786189, 0.12117142667998283, 0.13240986233249893, 0.4492741717482656, 0.1929077242754563, 0.35212377422987007, 0.3901579195823872, 0.3868395108591852, 0.25245441171487937, 0.15988883340140142, 0.23223417032792817, 0.37753330764046206, 0.5345609834839163, 0.4177853353355056, 0.5361674011132131, 0.40390233064217423, 0.521936206949403, 0.4929355231280162, 0.6783464272423666, 0.5830061448697065, 0.44051753992755704, 0.7419264599007498, 0.6102687263822669, 0.8795857606813441, 0.6399454661784552, 0.7059920330757414, 0.5133922896365996, 0.5178578322852263, 0.6055413982658951, 0.4584105583016904, 0.6135560035070142, 0.4609690512151741, 0.3713202153698017, 0.6460886078179983, 0.6242645394103737, 0.6463704588661546, 0.5798666439295419, 0.7063840794493026, 0.7850152861879299, 0.8040023879221391, 0.8137965417211954, 0.6585860082736014, 0.48341189302303056, 0.6299533138710565, 0.4510830067961144, 0.2695174874453425, 0.3571891207875522, 0.3428696248835697, 0.3221285479360482, 0.42099124363131224, 0.3164287115299789, 0.43059509310361854, 0.490858261286603, 0.5766759351978618, 0.4651005682289571, 0.4629577547309406, 0.5148679241159811, 0.42754198392585674, 0.3933415691540717, 0.32840843034479794, 0.3844515789499218, 0.3000824895993938, 0.22384722430393242, 0.3174484308218353, 0.2670456613035554, 0.3432720128494144, 0.41856507749792976, 0.408541713936897, 0.2869257983622532, 0.29701317035167324, 0.4715394971260586, 0.42700446408195264, 0.4832752988767921, 0.5027246178497444, 0.6756292709422715, 0.48880589545825537, 0.5197736651301956, 0.4968655747564713, 0.292199488099385, 0.47181873235078853, 0.5834497551404252, 0.3313062777684549, 0.3478192037325956, 0.30562578771722493, 0.3833275097825003, 0.41334554569213466, 0.4401097802709808, 0.6244314096120781, 0.3592118400970049, 0.46946196465078144, 0.4486187372261854, 0.49737253419479804, 0.5000486985846831, 0.5633205044886597, 0.43879021621562275, 0.7488480071662937, 0.5525253039990184, 0.4567614379459457, 0.6682033133503126, 0.7541898646963604, 0.7496064166548899, 0.5330530740817969, 0.5015967669728117, 0.4899811950032344, 0.40384605212895314, 0.6231317618878657, 0.6136200273562038, 0.9440154180503523, 0.7346826167263726, 0.6055315868980631, 0.41359262274607206, 0.3741748874760572, 0.2955551852362152, 0.10752673633608095, 0.17572499849937268, 0.16832307701927735, 0.4497447120937315, 0.5477252254557423, 0.4858362123491549, 0.5495687858251807, 0.5966050097526249, 0.36108642958775017, 0.27278176332137943, 0.2139829027794824, 0.24592994811058239, 0.34900682527990995, 0.5835993864042238, 0.6770383904846351, 0.6595124368146461, 0.6708303445110768, 0.5914158683532573]}