{"T": 188, "min_window": 26, "significance": 0.05, "n_simulations": 100, "seed": 42, "critical_values": [0.4885275430687735, 0.13541474823345379, 0.3629863942434465, 0.24364355917597333, 0.23486607381797203, 0.3245310638562196, 0.3166728150537485, 0.04630878802709816, 0.2588005115795767, 0.38003860483069885, 0.2938769405747257, 0.24985226522747095, 0.1983501881580657, 0.20554163678215742, 0.22014017137769212, -0.01819661737159454, 0.18305965611729763, 0.2390859794169406, 0.2683462275747626, 0.22376463273704195, 0.2919462107921091, 0.1876875474976156, 0.29284625740324177, 0.24011756469638731, 0.6091478547336715, 0.46445195518115734, 0.5526537008273421, 0.41478352489055426, 0.36405487373586815, 0.3590542986072213, 0.32400087988536813, 0.5868327175843043, 0.7338754742170671, 0.6166787164307413, 0.622019292980842, 0.40206687929902307, 0.426233074385013, 0.48984388120512556, 0.37303184592516553, 0.34026961116740356, 0.2656977040999165, 0.35606653622587453, 0.2271499139482095, 0.4814868795651881, 0.27847065992004183, 0.4874175361067569, 0.24938766448928465, 0.4642203031175447, 0.47895330697536215, 0.3788676316223157, 0.41066102536924964, 0.23909596285250898, 0.1067321490836959, 0.18455414432228484, 0.3603930799035487, 0.38729641833678763, 0.12721195902705992, 0.10536445855298249, 0.2803492900532483, 0.15214477223413192, 0.12662354131309883, 0.21649056229256966, 0.2560224204542631, 0.14409093734410783, 0.17091853637686777, 0.11645543042438643, 0.4125410676783279, 0.10889537462431345, 0.06826755237370895, 0.04256970197127029, 0.2541136435572723, 0.24321439488604255, 0.116877392475675, 0.37866533076836406, 0.26860382014672757, 0.397736874285602, 0.5929796834979687, 0.5508611151408856, 0.4940788322263963, 0.5084779138992928, 0.5035190031417058, 0.5089986815289939, 0.5992799553230753, 0.6522452329749362, 0.6150760215423061, 0.5326467592759526, 0.35447541457916365, 0.2605966436450994, 0.3468823600100147, 0.37937831309939957, 0.37201502478027965, 0.3935775160080707, 0.27592167896952874, 0.41186090970606165, 0.5139760379998979, 0.5392297608289315, 0.4320559966324387, 0.64896113991204, 0.7151575052457306, 0.36575091042929914, 0.5531038009141143, 0.6637049149765828, 0.7747723834038449, 0.7740394752742281, 0.5102294337565241, 0.5742883110489874, 0.4883945004092516, 0.35412563152295634, 0.5631236626931734, 0.45344962286036616, 0.7202214588018057, 0.5940016755011858, 0.7273162243026691, 0.41267730015956405, 0.5625624401638823, 0.6132267152263704, 0.602943261404799, 0.806240967657912, 0.4854082861027192, 0.7209682576069587, 0.5695898880348917, 0.620053459090107, 0.5619930697588532, 0.5608322826058275, 0.5522571851730925, 0.6166815491661513, 0.5677167633546539, 0.4452845454013262, 0.5138313560757806, 0.8161340408365874, 0.6408787952282287, 0.8096850659914467, 0.8845121032604477, 0.6380559323716205, 0.6780597316433221, 0.7377113820616474, 0.8159297033377754, 0.7151361553792372, 0.728822065672123, 0.7670287203841969, 0.7003305132072805, 0.8039970707264058, 0.8158352857242918, 0.8187795819357466, 0.7116240123006707, 0.7746923217109837, 0.7074281955740896, 0.5868120780472417, 0.5115350132123705, 0.417999945900982, 0.5766108875619034, 0.5882670472630933, 0.5305743484823019, 0.4269979073859552, 0.334186912633486, 0.47937589201417286, 0.35316597673204014, 0.549998910695077, 0.27593885898056375, 0.3815641114005937, 0.19040693083811416, 0.2766577105362375, 0.10683205655631468]}