{"T": 189, "min_window": 26, "significance": 0.05, "n_simulations": 100, "seed": 42, "critical_values": [0.20686617591340425, 0.2866090059075452, 0.13542424979438084, 0.16506142299608612, 0.047000234130588917, 0.22775518948470042, 0.3471037415215063, 0.25021917065194965, 0.049846030232990134, 0.16822775680793706, 0.25205250008261487, 0.15486709476154414, 0.21141671822017585, 0.2999452276225924, 0.1467819588308805, 0.18024420851131914, -0.021589036305068664, 0.2236903256799244, 0.11236670568482851, 0.2135188375557447, 0.29283446548349396, 0.32568685425530175, 0.5653241534551676, 0.2702106336922941, 0.19237790966349558, 0.4653240340463132, 0.6975415360904281, 0.6345576216834187, 0.40830081345014246, 0.34723274935423454, 0.4817138425852726, 0.6165043803630283, 0.6111040596886089, 0.08992463720298952, 0.1936698281301189, 0.3051073110485624, 0.4433326306022829, 0.3389138351038473, 0.4211821470475572, 0.37156425640964763, 0.8116731797350037, 0.6517506705572511, 0.6176469889095418, 0.5542074977463234, 0.64177523664964, 0.6084994383558388, 0.4094564848183988, 0.35778475187769, 0.3063770878041257, 0.1667401244886944, 0.22667908969927567, 0.30316597813507495, 0.20460499300621932, 0.3140769791426957, 0.48901995087300715, 0.5914093455680721, 0.6670795185054587, 0.5770488996467423, 0.42006660009192615, 0.5168106533277419, 0.48045703245589677, 0.45207970488805066, 0.6073286849244439, 0.7040395610912722, 0.5059920493879715, 0.567874319525966, 0.3922659227480877, 0.5817387039247683, 0.4729378792297301, 0.44773195152951933, 0.7022748030425985, 0.46662550764603106, 0.37665869517266876, 0.22739960780962654, 0.37856089657181946, 0.397141521816523, 0.4416695143775576, 0.2598174107677249, 0.28195626381784034, 0.3376207088537419, 0.5489551387442254, 0.4732615559109167, 0.32083707263826644, 0.23896885759300646, 0.27715869534045884, 0.1813731354677899, 0.2614336516626431, 0.19790583710854082, 0.15535197020969285, 0.2594996854279187, 0.17666217381956084, 0.18857599434686168, 0.1438375143527457, 0.3088680549890213, 0.31795166943792913, 0.1941922418160806, 0.20887388105246915, 0.07917015385316956, 0.17765602465585542, 0.24144120543296044, 0.33880587675867563, 0.34563738448139886, 0.45741513889878893, 0.3747683281932927, 0.40637852819535325, 0.49208547229914673, 0.49055960922405834, 0.45321740390997656, 0.5972861449978542, 0.7154375398681453, 0.6204957630613683, 0.32441535131434346, 0.36652519581322396, 0.3566998257812928, 0.46529279661873785, 0.44761974581735803, 0.6420316709313924, 0.5254280369793625, 0.7899110273358192, 0.5371688034469442, 0.6747739479878236, 0.7478642662901666, 0.5579671292788484, 0.6829545674717687, 0.6036481395778668, 0.7417622681396121, 0.7085327560429049, 0.7347316930071043, 0.6282651362503618, 0.7843516199308631, 0.6900489527908988, 0.524338203869672, 0.4087952071982453, 0.6113074585724191, 0.5883685525654342, 0.49271145638921715, 0.39548493603997426, 0.4290289464922022, 0.5144678781087326, 0.4576322780397516, 0.5856780113342919, 0.32378408956515514, 0.3237872802604332, 0.34749643264668717, 0.6179694345530553, 0.37057531106046937, 0.2335943888583542, 0.26696571754190257, 0.5324182223924199, 0.6503500857927118, 0.5182237484973293, 0.526837915008172, 0.48073772418111255, 0.5853201465341562, 0.2964662993468366, 0.3157171038758728, 0.3274466118156526, 0.2533357753406785, 0.4228296469817953, 0.5800840674781959, 0.6876651397566186, 0.4025052969031703, 0.6729537846237447, 0.5209043515238805]}