{"T": 190, "min_window": 26, "significance": 0.05, "n_simulations": 100, "seed": 42, "critical_values": [-0.003321389748663057, 0.07205208428281225, 0.04768914550038577, 0.37816055221896594, 0.31158348613361186, 0.21411435007331045, 0.49681556215159445, 0.18895527846047597, 0.42453780552805204, 0.3249799508129373, 0.32064969793211073, 0.08168821775309457, 0.0683202095068787, 0.08114947177359663, 0.11944902050754604, 0.1719315406400555, 0.07604241140317529, 0.1451334244097761, 0.28758464060126154, 0.3273179622238108, 0.3578655398599073, 0.21469417968208068, 0.18824824050118008, 0.3178659599749812, 0.029945448965868416, -0.10483665162537585, 0.041299816292048576, 0.06500433772528252, 0.1859950090689094, 0.18213512316594488, 0.2657852929718195, -0.02957331444627674, 0.1107224551489192, -0.007485515410592727, -0.07349542090586407, 0.11143538719334652, 0.22447483938031626, 0.37579271800576824, 0.3990186089112435, 0.0901345434832273, 0.29075069658868696, 0.3757193900139215, 0.28543589699205674, 0.21296232431795953, 0.12177698154863693, 0.2075395184327378, 0.1077423601319579, 0.12557635913805398, -0.05349721798345983, 0.11464012340472307, 0.3383774677796362, 0.333584957104325, 0.24730590945227693, 0.39759594775473595, 0.6140774120561011, 0.5186243426743429, 0.5121582349348323, 0.5202944008834761, 0.33527654413667957, 0.38210817590673846, 0.5256416226058627, 0.4405704990590301, 0.2567755231835352, 0.23340514435284765, 0.3409731264292732, 0.48232658066659506, 0.5359522572997316, 0.5500288637155931, 0.38394217758155424, 0.40412480513204346, 0.2912244882421006, 0.23287084191445134, 0.23261322705620047, 0.32429492610560695, 0.4953090453081104, 0.16592637298856697, 0.006019749791734001, 0.14124974213665933, 0.16962907753965248, 0.04944841495812291, 0.18165094478656993, 0.13368498664204506, 0.32693927678668727, 0.139765192831437, 0.41926809278516086, 0.4494823236420182, 0.30866934501252474, 0.4002654776596748, 0.3410710932867015, 0.2678707328844343, 0.4057705126211229, 0.6972865691020564, 0.6405468384206431, 0.4936672955225934, 0.5821461380671265, 0.3995846458089598, 0.2917029438239666, 0.37423910976374863, 0.7339084253367331, 0.727472130865158, 0.6365482195935366, 0.5908106244215484, 0.5751342736920608, 0.68262489930828, 0.5012515385675603, 0.5179171203574192, 0.6774663581565715, 0.45974299125674306, 0.7209258646346821, 0.6295898898324725, 0.4401231903119874, 0.5785080273699552, 0.5281503035859357, 0.32329533208242883, 0.328255131694983, 0.4536884076393298, 0.41284105971627033, 0.4869701536081286, 0.5950880562799188, 0.24395853418331867, 0.4212660451204964, 0.540971736744726, 0.39432984114056263, 0.33629750357722393, 0.3202126142766983, 0.3431563209706114, 0.5368195016726663, 0.47264035031100365, 0.6914060202702345, 0.6189106737187947, 0.5853303248970906, 0.776770447739284, 0.7359354122504291, 0.6309062041525102, 0.6816967631254789, 0.3933836415096375, 0.5031414474110127, 0.5732354875731756, 0.3966456608263203, 0.5267969043226155, 0.5364980062651228, 0.6475154437193855, 0.727010960867159, 0.7188357888213149, 0.8997352204588139, 0.9046134352039183, 0.7985475133585824, 0.7638671034611193, 0.860462297999653, 0.6849090781182708, 0.6013494253692118, 0.5542036281043017, 0.3726145487871799, 0.7088412418387702, 0.5716936700088954, 0.7579081575612414, 0.5757812413255322, 0.5927417496072807, 0.46692577975050453, 0.5125941702859754, 0.5573014491407514, 0.7357085620978463, 0.6476597077703274, 0.8943894638424101, 0.7891349963038037]}