{"T": 191, "min_window": 26, "significance": 0.05, "n_simulations": 100, "seed": 42, "critical_values": [0.042070401471305065, 0.026059276992229926, -0.04190515739414078, 0.08344548034782906, 0.15596363290707943, 0.054217643754108355, 0.015344648817455337, 0.1419205376501466, 0.30265577898811125, 0.20826309737394683, 0.08327975873387831, -0.14751075722869572, 0.3113617325803122, 0.3948236649360818, 0.38611963800660465, 0.2860476061998639, 0.29659721078834794, 0.1674163571174281, -0.07796776926442618, 0.07659838154345738, 0.22726747053998358, 0.3309475571071843, 0.2941185788313837, 0.07627227968885027, 0.015429557289589725, 0.26680226360320997, 0.21871780846183533, 0.3967376061438784, 0.15253619010570182, 0.21461708537456545, 0.16691605549538882, 0.22157098517885696, 0.2715848252934138, 0.256880204345483, 0.3107452484314629, 0.3853547983097132, 0.22676887024292175, 0.18824632573446573, 0.29603363240648123, 0.08886320451103658, 0.12192508251852766, 0.30265189326230235, 0.12693920928920607, 0.2797204141228986, 0.3901207740078172, 0.42541424103072994, 0.22519589435413628, 0.3955066425727281, 0.44939842661666835, 0.5350648813913892, 0.549244741860346, 0.5387103787158536, 0.3721938178092888, 0.41146691225808446, 0.30755451603069267, 0.28412687666510933, 0.39021667078421146, 0.46160730257749577, 0.3269523626092743, 0.40673385545315766, 0.2398837618625618, 0.3016352186509719, 0.3418014398293752, 0.2985370244423752, 0.33937237151384886, 0.3471407282221875, 0.4878246419048932, 0.7758923564049135, 0.45216807900866757, 0.45426193753058797, 0.5552734932401324, 0.4182677416685069, 0.4804399339158479, 0.31864737478330124, 0.4017765643123695, 0.32398767347378915, 0.4771793776638302, 0.3403169776268805, 0.3399556457749709, 0.41349068317500337, 0.3708763013330914, 0.4374128262652726, 0.3249200143500393, 0.3738144385613619, 0.588418095206217, 0.5317941723701664, 0.3778737032566072, 0.42581914461376963, 0.36151504204136986, 0.37311369500454505, 0.38106814116746807, 0.6465862100036257, 0.7152908097220864, 0.463151111865646, 0.39752870998473194, 0.5246915609668895, 0.6437011833753634, 0.5875798512397955, 0.785568663784638, 0.5489937261671837, 0.6897544184223332, 0.8072210316798635, 0.5930059996448899, 0.6978796724356378, 0.4784421602232471, 0.5675741691553571, 0.5084997455383721, 0.7906883016568462, 0.7580377803781115, 0.6886761063173666, 0.7026596512767765, 0.6432333379298563, 0.7366128008001294, 0.8044696576383358, 0.6927379254038756, 0.6520015051996755, 0.42427829713841153, 0.6040701317059766, 0.4080181940430587, 0.4705647231477925, 0.44328015430597856, 0.4689837275757758, 0.40139459395422156, 0.5054428564233842, 0.5961576161166964, 0.5847918589260998, 0.5045662729767312, 0.6750398375327035, 0.7541865429439559, 0.9701958532961904, 0.9404278968987301, 0.6697544006111804, 0.6711624069369948, 0.70911600674167, 0.6687032075853885, 0.6690404520920357, 0.7434098989073334, 0.716276925958879, 0.6864726541255083, 0.8440919551489883, 0.6864173071682854, 0.7037591609467942, 0.8796858735653014, 0.5899373111596595, 0.67960169164266, 0.648762306610823, 0.41943983335472923, 0.44660753081256693, 0.6612094782522141, 0.6076030462220668, 0.7851606242859858, 0.6746653917615905, 0.757447823928249, 0.5003703240590145, 0.7660170074332678, 0.5092271853592519, 0.7591257201629579, 0.5366354831780281, 0.5840411845744368, 0.6408996886214482, 0.5638784245384219, 0.5414009938851775, 0.6421833102996045, 0.6010411073684022, 0.5237341528781432, 0.34366410017594184]}