{"T": 193, "min_window": 26, "significance": 0.05, "n_simulations": 100, "seed": 42, "critical_values": [-0.01603225421044554, -0.020204567096269176, 0.018082383573818004, 0.20035444810950281, 0.19547335207966945, 0.2403314600919622, -0.08413656288345893, 0.007363917548569207, -0.12226450845718269, 0.09966323949405793, 0.03843587770684165, 0.04771829694073593, 0.07100965368545607, 0.14836089165853775, 0.03777821639308835, 0.11631844720168212, 0.13884946177092858, 0.25791315654280683, 0.00864188644687983, 0.16251767956951088, 0.2311114187183042, 0.22056727171064502, 0.3996289124342949, 0.4050652125009798, 0.29695732050097645, 0.25536221234142004, 0.22635827975228698, 0.13800669007849437, 0.29074111818334936, 0.2759647294556613, 0.18013720670527458, 0.1331360234325578, 0.09775145583390492, -0.07131637147795347, 0.16076942028138144, 0.21049369144118213, 0.4566033713459528, 0.43146554429891143, 0.46355205100996877, 0.28295603527566127, 0.2908169264299341, 0.5334899597824861, 0.3681742741689283, 0.4208139053976486, 0.22736624814111478, 0.3272511932175364, 0.23571959924677938, 0.20742836123419306, 0.3854824216052417, 0.16696832407038778, 0.2382247177101787, 0.2390615582123204, 0.1617981717607657, 0.2279031987313901, 0.11616954048105335, 0.1913743508874055, 0.4296614474412741, 0.5442023765057252, 0.49853117925952484, 0.7215472252006256, 0.7414651929317453, 0.9130884213833689, 0.7180461795992927, 0.3119227531656533, 0.566034308872456, 0.7582437327040862, 0.6744744504295792, 0.6150563865996376, 0.6484413653163851, 0.7176726547576978, 0.5712602046908005, 0.7211592521290618, 0.7240400460181103, 0.8630796657739647, 0.4079789831171192, 0.5077341049459569, 0.5746568129250224, 0.6646090310993977, 0.7481310195036739, 0.5085617517435655, 0.45261763927937804, 0.5854753176089882, 0.5466150392297777, 0.45753105916801623, 0.5309759504162819, 0.4738476517202527, 0.5516541834907412, 0.42495428830747645, 0.5795028251481155, 0.49267196006986536, 0.6864069383755388, 0.5313455377975218, 0.5933709946995052, 0.707901393409007, 0.5860870441440874, 0.7952071910866156, 0.8753847187303321, 0.7698331195561974, 0.8781134047061021, 0.6662763827638246, 0.48613542040758223, 0.4472572319159735, 0.3907838388579666, 0.4537082919904776, 0.28422746763114015, 0.4271916147386125, 0.3512606144315921, 0.42720292101723445, 0.5025635837356753, 0.5215880432185063, 0.34116768878287784, 0.3561703727364376, 0.7800478390974104, 0.7756003905923298, 0.4572268569559613, 0.532552798281156, 0.7125853422513089, 0.5190596159615339, 0.5978201577510082, 0.6635733245942356, 0.5349544446999952, 0.6178175279962554, 0.7441248894027598, 0.6209315237949367, 0.7514899155419977, 0.6403427112672905, 0.7800581532440758, 0.6876389689289573, 0.6116848487127935, 0.7110290122604024, 0.6242865401078654, 0.6822579444170148, 0.5199740108187689, 0.6413434158625109, 0.7184927877874485, 0.7085837686658579, 0.7321657332623476, 0.6684303904979406, 0.6774676425829285, 0.5898427791084747, 0.5240788551506073, 0.7334766722547414, 0.7870777942223981, 0.740746858133273, 0.678036696877482, 0.5684569123684365, 0.7911046509694831, 0.7264272339238261, 0.7602882541617902, 0.428360310328459, 0.3961519354638489, 0.48702873472042685, 0.3640342030849193, 0.46598557933531537, 0.5229706237501545, 0.3491809620933678, 0.42248598543917143, 0.487594359140045, 0.5519112174729496, 0.38446017072207933, 0.46425757244570315, 0.4802861499575353, 0.4430195696015925, 0.4488186999149456, 0.6005281328885755, 0.47650904530669735, 0.17713600052902914, 0.3090171801897373]}