{"T": 195, "min_window": 27, "significance": 0.05, "n_simulations": 100, "seed": 42, "critical_values": [-0.05010057217696573, -0.00977874031391504, 0.17329320875257184, -0.09868203208809699, -0.1355008065583589, 0.03608352483209248, 0.055165992787839534, 0.1792219231459998, 0.1648320723897006, 0.28976638263328286, 0.17125520534035704, 0.14456695382720988, 0.2723442157860069, 0.03564588420959288, -0.07536619476343474, -0.12186498104170124, -0.06660693759320091, 0.049837589989257094, 0.0474353287360896, 0.10010537821431593, 0.14908568946085948, 0.15053657396403078, 0.47878340271870107, 0.5355213783587205, 0.6842172164836856, 0.5504349560362785, 0.17823167990664554, 0.2575717729489955, 0.24292722833709302, 0.1918626299683287, 0.5816683529054845, 0.23968191097958033, 0.45879715754579814, 0.2486374983208454, 0.24645259829130697, 0.48627731167689414, 0.2423927143763017, 0.18324612745077928, 0.11936088015973921, 0.3211519352297013, 0.3413253894110901, 0.2927648490638632, 0.16382003656459987, 0.1359546952879676, 0.1011994648483648, 0.07924073643424444, -0.004455336035343475, 0.1204617898583634, 0.23069819408667178, 0.297267421124418, 0.2933454924111936, 0.23590755936455998, 0.13678080832973802, 0.18192871717328576, 0.2649864219212279, 0.3002509639432177, 0.48780319241927006, 0.40413164244202193, 0.14118033891764215, 0.1887275070294196, 0.00011675141313296708, 0.09734329320334828, 0.2688989442983783, 0.22772332509980495, -0.005082926827714665, 0.0968550038442612, 0.24080829166397819, 0.40186968008754853, 0.3179058636400563, 0.40256771120177126, 0.2896668001847545, 0.37854228798752987, 0.3552816613485791, 0.3850951953473285, 0.46641390133243454, 0.5122053020387084, 0.4673739353852299, 0.42469070125407204, 0.3749333527141685, 0.36337070758825984, 0.4913482364163242, 0.31127930089600103, 0.4409509626029754, 0.42185305884252183, 0.19718156384799276, 0.006341535719090413, 0.10307739369976365, 0.13074076683859742, 0.14962173489670194, 0.28004068562162227, 0.4197581158147136, 0.5542365386071857, 0.6454216242139708, 0.5249273812638278, 0.5476223939935567, 0.5265436365631988, 0.4341744669630043, 0.466890419485682, 0.4481373531338449, 0.5088517701678242, 0.5738592297557901, 0.7023769271467828, 0.40814870056090424, 0.45183625407740996, 0.39245018711997165, 0.3173900410353178, 0.2116989159706708, 0.3468872969784981, 0.523910060435203, 0.43031941729415624, 0.44985031465070596, 0.33546856834648286, 0.24193479314460742, 0.39519678270353703, 0.38845480304855595, 0.4687678627879661, 0.44752298390040424, 0.549097366605848, 0.3926409333527852, 0.3233354153379252, 0.36200073562529755, 0.560809346226952, 0.3163840859424501, 0.5649586099713169, 0.4155731067296618, 0.4516107790706987, 0.5351185305140264, 0.3364890284705779, 0.5931133587345286, 0.6136341309737462, 0.4641825883900435, 0.4268285768604798, 0.4923984454799172, 0.5606128237334885, 0.5220175504404173, 0.6896107515998161, 0.36015331892169206, 0.4774793076143808, 0.6324851345112629, 0.5430842006764752, 0.720300523472962, 0.6281111689944369, 0.6160001242205446, 0.6782220419889999, 0.463462584386471, 0.34920392462903793, 0.36614875898085786, 0.32714846628804156, 0.2156110630430126, 0.18196997165054923, 0.5252813347296931, 0.3074039414900322, 0.4981134835398979, 0.5286692818869106, 0.3951707738840789, 0.44462954447578, 0.4472220638945624, 0.7132539799124457, 0.5081262439586322, 0.5668671577076598, 0.43186451517605606, 0.7741132105664337, 0.6339388757572767, 0.42731880328856664, 0.40041926113975984, 0.46896278416629733, 0.48705358703449375, 0.5866605843037288, 0.6486559043722286]}