{"T": 210, "min_window": 28, "significance": 0.05, "n_simulations": 100, "seed": 42, "critical_values": [0.38685535659089254, 0.32660086817687006, 0.19702342645049167, 0.19003108190123466, -0.0242873863160396, 0.16208158323943647, -0.018760212120877678, -0.1401735103761215, 0.08527887204004349, -0.16654479437843128, 0.01628824321669854, 0.2516782098711214, 0.29971794795379153, 0.17177397625734891, 0.07974521542728737, 0.21543391113312954, 0.3757556901893312, 0.1389973210387745, -0.022186027527322395, 0.20392613718167715, 0.20795902524009063, 0.2982681112612549, 0.09051180283181241, -0.08621759929375925, -0.010814300469288898, -0.02517441465056312, 0.022127800010003636, -0.04201485272743705, -0.14269512197685863, 0.03735835040682301, 0.16301511622451972, -0.02794439990993589, 0.3614965803558927, 0.5316932547301977, 0.26248917862407156, 0.30019960869755785, 0.3876454845959134, 0.4588308019904588, 0.5736259871277447, 0.29746691880029513, 0.1933236430947829, 0.1537832471854874, 0.05078800576440286, 0.17502072797434357, -0.051021863529333744, 0.18827548146418716, 0.4040700609372177, 0.350030613762498, 0.22867841186309545, 0.2272210026732667, 0.3715816887987265, 0.3014844233533597, 0.18205399503845116, 0.18055088847342687, 0.4190656862486157, 0.42195514069697254, 0.3323270035816428, 0.36407626052580433, 0.4627503891338908, 0.6491889386552475, 0.5550717127186968, 0.7172605407589456, 0.5242913387082138, 0.47594101784097165, 0.6020482720760407, 0.5491739392104649, 0.6105791872083296, 0.5222560573581133, 0.46659446502660523, 0.32801126517300544, 0.34323958849044445, 0.45101474725934915, 0.5229846217801983, 0.48328741344156145, 0.6312233102147573, 0.48428912430718035, 0.6725074857588186, 0.6418121843968622, 0.5251096171989518, 0.40830911521336555, 0.37672600841980064, 0.334627885454142, 0.4960751709907607, 0.4158510567633672, 0.5252002543727541, 0.45013310931504463, 0.41407846115559543, 0.38175657222113024, 0.12006118738242406, 0.2165287881927935, 0.18059514508040359, 0.2826335104590064, 0.37243315205056626, 0.2655444338942442, 0.40635714316149724, 0.30917024745529303, 0.16207198086594068, 0.2573236063433295, 0.4620404372168648, 0.2679838085121063, 0.2587376409221929, 0.147062904846568, 0.17269690493830442, 0.4099597782387146, 0.5827223440171831, 0.3743884935545284, 0.3316796298623789, 0.5235449969329785, 0.4432034645486989, 0.4317654109287002, 0.27240032879721165, 0.1488160568641562, 0.2448871303462422, 0.22110488033112077, 0.26460551937403726, 0.2528787370948856, 0.22721605720931404, 0.18706205205957144, -5.38785873295152e-05, 0.1331572563467934, 0.13684533881972066, 0.28058310293573585, 0.16000258543097057, 0.18723415061154733, 0.2344843021295276, 0.3479422304685122, 0.24184552372852577, 0.24294260619987357, 0.40567440088191775, 0.6424965147104188, 0.38258531953423197, 0.3968512788114195, 0.18515257348667508, 0.24602648306216168, 0.30773510095353135, 0.11839072431738576, 0.17489897116273817, -0.01795810566817992, 0.02495629993180179, 0.1783041830751348, 0.18668711739285096, 0.24247467859385727, 0.38970620821377844, 0.27626865706303505, 0.462797324349266, 0.40502909799818076, 0.3798787816904471, 0.1933125535249313, 0.09489829139536662, 0.24680499090998825, 0.23276129029778586, 0.4612617002124977, 0.6113074585724164, 0.7546286276948045, 0.8287311879938869, 0.864259653373754, 0.9237591876168791, 1.072162843403862, 0.8900429008781978, 0.8061807137660587, 0.7010320114469183, 0.7592297087800405, 0.5452500439823437, 0.5056004522730504, 0.5809082958021019, 0.4622216788939471, 0.5842367385529339, 0.659425689814193, 0.5880013329850179, 0.6244208910816962, 0.5072597575464531, 0.7174954666046257, 0.6042539021041464, 0.6385233623526363, 0.3825896183405898, 0.5565713400553595, 0.35200085024318156, 0.3821190215500623, 0.4892298287121286, 0.4512198052803547, 0.26040274574218103, 0.31559728629303574, 0.33245438982850095]}