{"T": 211, "min_window": 28, "significance": 0.05, "n_simulations": 100, "seed": 42, "critical_values": [-0.16375597039674197, -0.2806695088793178, -0.16136314259548212, -0.173448037864589, -0.26714560504819945, 0.0315659598247173, -0.07602973733213056, -0.08991468440342573, -0.0046708619593880335, 0.033894944356030667, -0.05395274303026432, -0.07635174076410652, -0.07626918031651053, -0.06521745489443813, 0.14508205843294508, 0.0613757432520527, 0.2165434309557222, 0.141767663152121, 0.2668844122413144, 0.3743687687889157, 0.07224173764641156, 0.06769548968506651, -0.06831210040149348, 0.12436738120939486, 0.32888718517414794, 0.4711434049415872, 0.5090524370650388, 0.19419866121383036, 0.029682456848535224, 0.42856402850835934, 0.3073793887770375, 0.2993925395847945, 0.0709998505281803, 0.012123356559634176, 0.06558121688718478, 0.2622839545759527, 0.2303188598060285, 0.28917298284937853, 0.05795168028306491, 0.15236195338189576, 0.3330809741269956, 0.26030300928662026, -0.012944507444925707, 0.20613407505546216, 0.22127288881792548, 0.12085265522133526, 0.029137006184907218, 0.13623211423217488, 0.4030165312438855, 0.32439545445676254, 0.40462207828978985, 0.484662048787926, 0.29285519846351016, 0.4219366895518885, 0.6021988787746227, 0.3122648628150169, 0.2404363813750025, 0.17879743058964187, 0.37562817864046594, 0.4075609234419741, 0.20680636819354659, 0.43320839116553794, 0.49217392323728515, 0.17867410142958118, 0.32714207778950016, 0.4453227518797741, 0.3668926575887668, 0.21098502290686136, 0.12254734864499546, 0.2803821813981523, 0.14625875375482011, 0.1766304942080573, 0.254825998958918, -0.007642560756821543, 0.12122570167014811, 0.15935982624501016, 0.2048299981354825, 0.1859924095004919, 0.09848727814724151, 0.18252071699338648, 0.3951068607874186, 0.5559110436677303, 0.5349281302934108, 0.3855893688979589, 0.42998523633416735, 0.5529315613248523, 0.5559993952814182, 0.46634788072685573, 0.3777257291250468, 0.6980896340268505, 0.5846745096698478, 0.6288698293528485, 0.4519733570795246, 0.3021228721881104, 0.27379169523929486, 0.2198716798746404, 0.33672417182519826, 0.25070532912115256, 0.3978436276176316, 0.48810978380383785, 0.3702768259170018, 0.3282158488269731, 0.7102207087831636, 0.5828061862638282, 0.4809529251222452, 0.4263108518058095, 0.5965799184437135, 0.5935159791252366, 0.4823013217228514, 0.2362428245542551, 0.3128189536342078, 0.3264485678965834, 0.4520974859001, 0.38542798332929784, 0.24198455239646063, 0.2174824261435892, 0.5003611683710926, 0.7501815951766349, 0.7383686360429759, 0.6436037483743818, 0.4892797558527301, 0.6612212208381668, 0.6189750623638417, 0.6352423716779451, 0.4274778315225922, 0.43639377330407436, 0.4756674258687987, 0.6248160896054892, 0.6715801110850405, 0.5952751885340668, 0.7804832110492754, 0.6742726429187119, 0.46983712967049485, 0.5433579961797786, 0.524691295206354, 0.4176973612160282, 0.30344004581217016, 0.32532856704662017, 0.45484342665646976, 0.5037612156257754, 0.5463826726882112, 0.5675789038781233, 0.42957857207836514, 0.5915140194269067, 0.7626577009726478, 0.5772500752178653, 0.49915716215758626, 0.48966364013734953, 0.44809732473355085, 0.4385255217079759, 0.6042645512965317, 0.49921729354077476, 0.7752056165212541, 0.7164766945388377, 0.5900079151418128, 0.6323455780969781, 0.5724323812940746, 0.7145689493774795, 0.5378637799966529, 0.46701086257080715, 0.5748112500871653, 0.5718367254312294, 0.597054964650482, 0.5638625848774639, 0.5171104821372102, 0.786346840141657, 0.8139219694279601, 0.6484331342340668, 0.6115955227359743, 0.46704095488672986, 0.4382154080676276, 0.749530211856319, 0.7754670706259444, 0.8142803337611099, 0.8259910928391445, 0.909691933009499, 0.8051150883254863, 0.7517184089730073, 0.8259986431373257, 0.84574651129363, 0.7160732279367816, 0.7903807092558125, 0.7426343762728421, 0.8033992214982635]}