{"T": 212, "min_window": 28, "significance": 0.05, "n_simulations": 100, "seed": 42, "critical_values": [-0.3232082302800494, -0.25347633244027323, -0.02475803525756736, 0.3200892998456601, 0.1343577434874891, 0.1953987190938251, -0.040409940976611235, 0.08265206227146474, 0.2530052970799634, 0.24545100549239002, 0.3754540136318839, 0.37949029118198435, 0.260075299579664, 0.23406801430437585, 0.08431310536456976, 0.10862757982723426, 0.17452038541715137, 0.22091648159976165, 0.0978167437454062, 0.1925334347268322, 0.16798996788529, 0.6003244200569711, 0.3605075496937741, 0.21284039471990251, 0.16663560742488973, 0.31862831754146476, 0.627832989199605, 0.49912748833630444, 0.5193929346836718, 0.41757593164629264, 0.3913668019103388, 0.5233036913323103, 0.43065476366497357, 0.5208846243429532, 0.43900309757023437, 0.6450400111138291, 0.6132553297141127, 0.5841803557928978, 0.5361541706938961, 0.4548459319152241, 0.39245200367976874, 0.4382535368651032, 0.39916851590433183, 0.37725944900592223, 0.3702328164679564, 0.42312902346412445, 0.371531919758354, 0.3661506655062591, 0.18071038545941076, 0.24067487047576422, 0.14637197058934148, 0.05518538352424105, 0.03757675824720138, 0.2130444656178507, 0.301594172941756, 0.2527993458663232, 0.08425045294737979, 0.27497625717837654, 0.058465892454037126, 0.2681765635764691, 0.35828276739401915, 0.5605225867527371, 0.4183168218059543, 0.48436594201629646, 0.2614880850629015, 0.44888185535296565, 0.3193283491892678, 0.647767619923806, 0.5236929219310494, 0.5611272854508219, 0.7003941895654682, 0.5156199758523687, 0.15876211131011256, 0.3361241004454635, 0.5497014986761526, 0.5342222288889289, 0.5350330509842492, 0.4902537872719913, 0.544772543291156, 0.6598547811240917, 0.5814199015009822, 0.42631266615080093, 0.5654851630283151, 0.45215875711553677, 0.7213812604075307, 0.26411793993859184, 0.41913388395622486, 0.3274419736141708, 0.31160144096616316, 0.5139397478685661, 0.536098301510636, 0.4510269998672203, 0.6332918010127404, 0.4708132460913494, 0.47295023932260827, 0.4685906821216133, 0.3636941291358616, 0.7760533915898151, 0.419696344012829, 0.5790122787973708, 0.6016119895533193, 0.639512848293343, 0.7701376735907103, 0.5142203376083145, 0.606225434967823, 0.5914807696506518, 0.5871216629469644, 0.6390154949328662, 0.5059033203268755, 0.39563313035388087, 0.43950992242306713, 0.3441781321157824, 0.4265315941737825, 0.3988740273570797, 0.32637184879768394, 0.2628285971202728, 0.353859766953365, 0.2822196237047026, 0.2545843720221134, 0.26593568643573307, 0.4357651692438988, 0.4548132901094416, 0.4354004013860762, 0.38599278542453996, 0.4275820111669818, 0.4788363028156602, 0.6066501414217044, 0.43499057265537533, 0.49622786458061735, 0.5696687873169255, 0.5744539423141115, 0.6520277148317252, 0.6902073270895831, 0.6633152065071468, 0.7867226396625119, 0.7065721009580391, 0.6255564327761454, 0.6776584667083432, 0.6072551138166601, 0.7975836749062228, 0.7667270464005405, 0.7841959253867647, 0.510236060969088, 0.5137735057354532, 0.27977604322584854, 0.45224296858136254, 0.36022683933879335, 0.6270821119878496, 0.6002821679695386, 0.47935920862901676, 0.3542249051187519, 0.3746948424694934, 0.5770377600507131, 0.515519694028318, 0.6033563909133294, 0.5641996291850803, 0.6613006056004397, 0.5268642288271206, 0.3901651442884509, 0.5497446120980085, 0.789474696213671, 0.5504870055849374, 0.5831894533100996, 0.5487379972108312, 0.7476192335599644, 0.6807577605148949, 0.6108170492273911, 0.6638885654733144, 0.5360152851057315, 0.4560398494647603, 0.6343123296751957, 0.5005339849387447, 0.6820164740907647, 0.5004370365039057, 0.4743566044532842, 0.5619212225066703, 0.5404207863861058, 0.5241786255130071, 0.6337708016389214, 0.598611621483193, 0.3567999901171146, 0.35492238554462907, 0.5349223175794915, 0.4229970445616155, 0.38997871375791937]}