{"T": 213, "min_window": 28, "significance": 0.05, "n_simulations": 100, "seed": 42, "critical_values": [0.052943234461974124, 0.3073313838915548, 0.1965253168890203, 0.24997818967103422, -0.025113233089348624, 0.01612245646669869, 0.20638713344599635, -0.00806104939365819, -0.10783398848875565, -0.009097212886246236, 0.07450572989502399, 0.251288705323296, 0.20139555446298407, -0.001317359671650609, 0.10041815027698621, 0.2672040144832134, 0.7573285781987571, 0.38904100844755257, 0.6302712914178282, 0.7886309322765505, 0.42710355354815255, 0.3791239550233252, 0.5441725623968999, 0.4013510063427556, 0.633389356057285, 0.49537435614379255, 0.44266211968778324, 0.44234616616495964, 0.5964366284925494, 0.5903825483220145, 0.4941183702531279, 0.44283523898973315, 0.41957717946804635, 0.5573551611554197, 0.253168050228946, 0.3913588036819739, 0.3536329155795867, 0.2884575150351561, 0.3536404666879403, 0.3003453970402315, 0.5133441196777062, 0.29700053642136115, 0.24932715470898223, 0.40202083719209175, 0.5933813111196228, 0.42418471389820134, 0.2641297056549013, 0.37857576845976926, 0.37875508048148915, 0.4928727597152583, 0.5280098624308053, 0.48313381911585385, 0.5116503775388836, 0.5605781951734483, 0.5346381943430472, 0.4499342149137022, 0.434928294584263, 0.23866967618491955, 0.6395013991332155, 0.5237153483969418, 0.7121804207941067, 0.39675928445911646, 0.5536499353167261, 0.38563589837563567, 0.4959716009979179, 0.6104112452657795, 0.19984710033622757, 0.2810979528275187, 0.22289947314240036, 0.24639890743471693, 0.47365039972256384, 0.550037731865961, 0.5905900977504535, 0.6373543271191765, 0.5138859621410485, 0.46578577466880305, 0.4201313205842978, 0.6301289730518431, 0.5285730377062204, 0.569612254493937, 0.715331107266681, 0.5526717344531632, 0.2715848163464379, 0.5696655606674882, 0.48621631306483315, 0.4833554239780603, 0.5849533254500057, 0.5205554376231754, 0.6251931633251439, 0.46924283755865787, 0.4454483616929671, 0.5063579978992145, 0.7002103698364232, 0.4201214036492463, 0.3641441325454913, 0.35425570678950236, 0.2775120488177541, 0.3414702637916565, 0.3282705586555498, 0.21003857492752115, 0.1666751957070921, 0.1488813048253341, 0.2701976027390326, 0.2852867553638151, 0.26544543902077894, 0.10491783364054538, 0.09790579629483494, 0.09816159439820214, 0.1337751858774773, 0.21009587980409572, 0.19325311070927345, 0.1724751021008253, 0.324358536920162, 0.42306209845766884, 0.4608559754360746, 0.4613027648705605, 0.41855827637248755, 0.5518349980457534, 0.42907494354166104, 0.3885719875963719, 0.33855433864506945, 0.537548069109862, 0.3389584442147285, 0.32851421476271214, 0.521258136959242, 0.5107855991336324, 0.5313388779040521, 0.5217059475588797, 0.5904220691240065, 0.5439601867575625, 0.48019183308712743, 0.35018845479521993, 0.261745641568826, 0.4326151935728614, 0.5860691195261987, 0.6515303783278051, 0.48228046963882504, 0.4504466953264815, 0.5558054725261207, 0.5768277680657322, 0.3344597625030192, 0.3477981058999573, 0.4549639921865437, 0.4097797806031133, 0.4728752168619919, 0.4907454079268342, 0.5721936971189423, 0.5194874707712481, 0.5827487469380902, 0.568789036915592, 0.41672165196572875, 0.4056153910327456, 0.6102578278588133, 0.6530526768477591, 0.7271912895158482, 0.6786200615481892, 0.6712755965354293, 0.5846204197627127, 0.7940920508388939, 0.9094656906223078, 0.9053717264351344, 0.5054806493631093, 0.5168517949609941, 0.3534537303834858, 0.46587323138821346, 0.617720995829212, 0.6759112738335558, 0.5430283136063965, 0.706091573266391, 0.510806170732588, 0.33440589964840484, 0.4938320515270592, 0.3913176041061037, 0.40982069614906297, 0.3101122004858679, 0.2777009422349749, 0.3484727431383695, 0.49910154987272254, 0.34058543021482723, 0.3426487483198717, 0.2850357634606446, 0.4957412037712633, 0.3839578665112692, 0.3767628022291128, 0.40159572391648396, 0.47237394295010543]}