{"T": 214, "min_window": 28, "significance": 0.05, "n_simulations": 100, "seed": 42, "critical_values": [-0.1427129493670726, -0.06160354003262265, 0.14991065349733543, 0.1528369068523288, 0.017134737003428116, -0.0653990798311206, 0.014248033352530918, 0.1563182930241776, -0.07595820970920558, -0.11009422368492149, 0.06689649509372564, 0.30497467766172437, 0.03591311960945984, -0.0072233880500338155, 0.2536929467393347, 0.05574616009314796, 0.046210863102712905, 0.09941932258599964, 0.2564025482973857, 0.09422865832544591, 0.4277332168313808, 0.3548744675239298, 0.25042994867203655, -0.004783410401110626, 0.05715570657737461, 0.16599340700033793, 0.15773837440455168, 0.44425271887876794, 0.3597228294108602, 0.10569264991462844, 0.11201560020913699, 0.007705244567232242, 0.1080003121878437, 0.1532931319359711, -0.0638740330283798, 0.18049614556697746, 0.060575994406418796, 0.06221629312917956, 0.1953525017227604, 0.4808421065120744, 0.4559506398055474, 0.32439474943048396, 0.28557075679065075, 0.2918151724057055, 0.3737981236725561, 0.2738895435388651, 0.23616460690519037, 0.3131859548620584, 0.16622580740217507, 0.032956301716790766, 0.2665289172858533, 0.5460641055300596, 0.43074068813795435, 0.3194192647688948, 0.47980857364307117, 0.3858590525096895, 0.24315333140177273, 0.21021620039281821, 0.3888286473365152, 0.32111978098684424, 0.31117712829808386, 0.35137291143075366, 0.555580846994761, 0.6507494300993489, 0.643660181507067, 0.6254335248587883, 0.5671375445036871, 0.4194644407718439, 0.48927635209795084, 0.45328033792471306, 0.556737937009406, 0.7186997563527283, 0.7013524934391989, 0.7127511806273785, 0.5656922320363337, 0.8225875290500366, 0.6232982555882315, 0.5387231224414577, 0.5989244829255855, 0.7144392407685036, 0.5730793849926741, 0.48474738525524785, 0.7094453666899619, 0.6185549293626001, 0.6201215258260674, 0.4777964917119437, 0.3379339964796128, 0.24249357283433412, 0.23996044265454392, 0.3198785339340752, 0.3554482671717426, 0.27967295563878997, 0.21994958974598097, 0.13619113841166766, 0.31953229934965105, 0.36809800512871266, 0.409325123592058, 0.30679321315085006, 0.3313007102515612, 0.25691715576439483, 0.20908815252792642, 0.20307105097988268, 0.23342391666972864, 0.6609541712442936, 0.40407698941238096, 0.38124350659952116, 0.3907680564735182, 0.34584080561119807, 0.35694489567527693, 0.37186306755784193, 0.4421353550919806, 0.31343039402860534, 0.3491912065818632, 0.3837157519823473, 0.35196792662103, 0.41300256617317854, 0.3348795583308351, 0.7609726766484217, 0.7921083748932565, 0.35418751360128103, 0.4134315962205421, 0.5667128470465822, 0.4987621294670241, 0.5190172129491468, 0.5279878364961738, 0.5841741157101562, 0.795542362660876, 0.5952231598169688, 0.3895221722814961, 0.5480655030933178, 0.34887566153486604, 0.4692911734055436, 0.49451027915315016, 0.448461139324453, 0.23523460326515114, 0.4545041586133678, 0.5286604180869036, 0.4108235786745312, 0.5297416976048335, 0.43088023576032475, 0.5148498443756836, 0.6518912408478741, 0.7455760126501259, 0.8109803114840725, 0.6852743033602067, 0.7422438283429549, 0.7908912263991322, 0.8356148027520527, 0.8777116809184018, 0.9741683717007584, 0.6334636242212723, 0.5441921798508118, 0.3863149754572883, 0.422729186988163, 0.47110145477385323, 0.47681599577213457, 0.7058754078746113, 0.5867608201109398, 0.48535579597950795, 0.44364072848552, 0.4730581760124084, 0.4017107767922054, 0.5365856071157477, 0.3677489452413941, 0.33583671529365267, 0.24590280922231533, 0.23975460174419902, 0.285793459736031, 0.3289930317921962, 0.5244761493439132, 0.4182567441317907, 0.341505464151287, 0.42012991249089354, 0.3640083300825138, 0.27180986852133787, 0.30752492208426896, 0.18398032379149257, 0.3679366323539565, 0.4633883495218361, 0.5892047194728365, 0.41541210537758516, 0.5890713164320622, 0.6109483949040788, 0.3572596592496534, 0.45202224063125024, 0.5614871228999916, 0.578722538998842]}