{"T": 215, "min_window": 28, "significance": 0.05, "n_simulations": 100, "seed": 42, "critical_values": [-0.03837831375748406, 0.09357527768728714, 0.1493625132452907, 0.08286037677044275, 0.23616657806826055, 0.3014080093472544, 0.15758314955773284, 0.21146997833923525, 0.23844619343663412, 0.6556973285952495, 0.5619254872638965, 0.7131718728282966, 0.5953244643882963, 0.5927277367015394, 0.37009320711982885, 0.17753636520617458, 0.4289696838634779, 0.3515594200519803, 0.26260383345741284, 0.3245804495967961, 0.19178683678012232, 0.4132047519786304, 0.37439455495206037, 0.1761596239405319, 0.1402866053530207, 0.12927938664447944, 0.35440771813433986, 0.4247345869551251, 0.31250726297337555, 0.3044229263590005, 0.3389581741895656, 0.37335048033507345, 0.26715432541378203, 0.28247744535700176, 0.290535414432638, 0.2073154421013592, 0.3675554434450521, 0.20747300106055194, 0.08804962994019257, 0.5426254630936425, 0.22826734527541057, 0.49742618071329525, 0.24421248912067234, 0.31676283287820534, 0.13415198687938829, 0.35000174269741197, 0.3016656806380878, 0.1473601158209942, 0.2879639639269862, 0.2484474038278139, 0.09789430271175893, 0.3323847288114715, 0.2939119345646397, 0.13612944172342206, 0.3270620651255589, 0.32143547526767907, 0.298725648517551, 0.28808043710046727, 0.4095534605255237, 0.4434585055145058, 0.6863628647111086, 0.8963460949793286, 0.9443677993212805, 0.5921744465861852, 0.48883628109034, 0.5102376435047205, 0.34226761077854284, 0.24276954336773982, 0.27476405309690066, 0.4239027059347469, 0.38180077529736817, 0.5011468968753588, 0.380169419243201, 0.31872658632919637, 0.5282987527840021, 0.40132154242356616, 0.3487707249054954, 0.438347130133611, 0.451083763556035, 0.5635809188444187, 0.39904949382794785, 0.47747568213237646, 0.27091649456964073, 0.32147673555678896, 0.5011521913095967, 0.41936510886761263, 0.28352136172942694, 0.3665743775229972, 0.3483134936624225, 0.2534872454617127, 0.2745807896791017, 0.3664298132197057, 0.3137708614968899, 0.4677477285670937, 0.15643219536526365, 0.40865138090774433, 0.5183733221365378, 0.5045201765378035, 0.3903162394424437, 0.3044092153062278, 0.5900397242523926, 0.690716914484258, 0.6934149468899791, 0.5586768492895201, 0.7334108224753169, 0.5846194438736789, 0.469245032306034, 0.600099026103397, 0.7041351903244379, 0.6530634229303203, 0.38268095007620073, 0.4991784704169159, 0.6291313437640319, 0.4262639285863017, 0.30518461817407383, 0.2597741420653189, 0.1278394883244128, 0.22869583179164754, 0.2753047219049058, 0.4703016091619446, 0.33990206532245915, 0.23543935700842783, 0.18887906333519333, 0.35171295603021585, 0.42656134172975085, 0.6187121826421117, 0.4084389726768203, 0.6117854799936178, 0.4690805120602413, 0.3950844909525823, 0.417293446487903, 0.4860358947369997, 0.533978684221951, 0.5811598696352225, 0.6248586043153113, 0.5859031902007225, 0.731912501617954, 0.7178367137521705, 0.7509893669970236, 0.6752875094346845, 0.6022041377483253, 0.6739714927504762, 0.5353447036328114, 0.45400783944261786, 0.5285098293971128, 0.47675127436193393, 0.5329396831780281, 0.507483058468782, 0.42049980149806354, 0.5598076414764184, 0.577640001607493, 0.34820958436654914, 0.6578022986246621, 0.703606329314327, 0.45171374235181155, 0.40373247718983146, 0.37243913925717703, 0.1903459575999273, 0.24053108665160078, 0.29130279043904767, 0.3340454899707921, 0.2821868590155998, 0.5920815600475854, 0.4615409462626462, 0.47452809575044275, 0.3594308384685495, 0.6322967457206897, 0.7325799744851229, 0.5173496898522221, 0.48027837728223, 0.2850486606398933, 0.4171427372827432, 0.07274328762185818, 0.21266183054411997, 0.1837698378013008, 0.5040668868390932, 0.3212322237962118, 0.5038858688204942, 0.6355430824597984, 0.5825859750210262, 0.6949756510705171, 0.5253681800619203, 0.3545510787385063, 0.451038424456377, 0.6228563703669082, 0.5528834569104205, 0.697439201669459, 0.6360705418565682]}