{"T": 216, "min_window": 28, "significance": 0.05, "n_simulations": 100, "seed": 42, "critical_values": [0.04592189196998681, -0.07473034090792598, -0.12223291399833125, -0.24338908580150995, -0.15817346368692137, -0.21755299317242266, -0.06912368434384564, -0.07278721932726806, -0.11664048862900822, -0.17865369170591824, -0.03677807839610138, 0.18192303431329224, 0.042167249660688425, 0.2044458950109952, 0.23432808343993186, 0.4214752499075253, 0.019618438694375746, 0.1891890319796445, 0.32722813958826114, 0.32005512176996315, 0.23782595326622033, 0.18287250761191437, 0.14760090366347312, 0.3129904794429501, 0.2363456189091105, 0.18335260856973465, 0.2789835254657276, 0.08878611125520046, 0.06632854570297422, 0.08197497085487086, -0.042261123446526154, 0.054620939627326295, 0.2462465368927966, 0.11323854991688075, 0.27918061844788933, 0.27859150582354447, 0.30025533570157587, 0.08823991910129875, 0.030923985483985193, -0.09285372152350169, 0.04956820448316546, -0.11333045884651738, 0.04813872720773698, -0.026791819829181183, -0.08499825406218148, -0.08571061288829702, -0.07502976364185694, 0.0778232311780482, 0.018265824422962568, 0.30315257335121154, 0.24836492519040232, -0.026553045045807265, 0.0908844969122229, 0.3875224245365054, 0.16843891206422393, 0.1320229837695245, 0.28019237535249014, -0.017794261121275613, -0.09267669203911688, -0.0827691140433528, -0.03815143238753004, 0.14625021132651841, 0.11243104386813575, 0.2230622696353375, 0.16736793085509827, 0.41335063986171244, 0.40124455837167916, 0.5069575654387088, 0.38689183024466556, 0.29386590832798637, 0.35883574287749576, 0.3525147612184398, 0.10813023858170734, 0.07992303161842829, 0.5700113963636828, 0.46511518933669954, 0.6774527315611315, 0.48575188877835834, 0.36370147084764676, 0.4949368733260561, 0.5710605838271147, 0.2807040768518251, 0.4985053073533972, 0.5870143912587016, 0.7615586161701563, 0.8239141723617491, 0.5830878227153304, 0.5568455159507093, 0.5335997753798326, 0.44087089238726984, 0.22014290105005982, 0.37010362595028967, 0.7052886810984219, 0.7748291897025027, 0.4236878085795352, 0.6323889032327215, 0.6931182309505337, 0.6516621655564347, 0.5308714696315096, 0.5558522906764498, 0.36295775544425324, 0.4674819775701887, 0.4272708717270603, 0.5745634308849352, 0.7041055874622351, 0.597739672395789, 0.6374997022313778, 0.45226737372173176, 0.5636553841290676, 0.38824883165123314, 0.24092318256781645, 0.5165319085398453, 0.37324896133048807, 0.45122909113458415, 0.5139088131153068, 0.5121118464782711, 0.530794519596201, 0.4014839815177104, 0.6743187243780326, 0.8035923980030819, 0.3044531276613536, 0.4863649822130399, 0.6484672499012932, 0.760320367490916, 0.7252168716110298, 0.4812003111884898, 0.3401089847713318, 0.4014017949190741, 0.5794902205247288, 0.3813574386371768, 0.41789199711570574, 0.6595073774444271, 0.455494044549851, 0.5348034370819161, 0.48411158752416555, 0.5627946651655125, 0.5791696412758148, 0.6669398678374109, 0.5313229160971266, 0.39212661850469877, 0.32602985758801417, 0.33432320302415763, 0.45085867389290785, 0.36436150942147155, 0.5208290264694269, 0.36599691335918183, 0.3629734392117006, 0.3540134535658442, 0.3590331297593331, 0.35293034337692863, 0.4475939336379027, 0.5448825829509899, 0.46687834437759507, 0.3985409100349876, 0.45243104145588997, 0.48271552115681815, 0.4600806030160883, 0.533112456419722, 0.5313695236745071, 0.5810290918242038, 0.4888303395710445, 0.49416909301556, 0.6039374947521055, 0.7113924113676628, 0.7107291967927802, 0.7210064361984007, 0.6153023262108356, 0.5905249799187706, 0.6068231236578592, 0.6839332169859316, 0.35394470036032527, 0.4636839096324303, 0.3923381168992195, 0.5834605263364646, 0.6245943098432678, 0.7497453620763657, 0.6198847742121583, 0.5650554220212997, 0.4983525624016829, 0.5936573783548551, 0.5577307261597948, 0.5322759242905419, 0.3729607063048784, 0.45786591953903977, 0.5494560921825573, 0.7406047474208352, 0.5115753827689691, 0.6743964138034784, 0.6371011279743526]}