{"T": 217, "min_window": 28, "significance": 0.05, "n_simulations": 100, "seed": 42, "critical_values": [-0.09332107965745812, 0.16064086217878698, 0.21438336851891057, 0.049843871781872495, 0.32699725284029013, 0.25554048693636305, 0.28600047252740207, 0.3488432076023263, 0.2896581801313337, 0.31587655431160383, 0.23560579589888397, 0.06202976086041856, 0.16934179362153967, -0.03071969465420516, -0.05317443889453231, 0.12671323889516403, 0.12718197524712727, 0.05168551543463742, 0.26562467663596573, 0.19595758757299628, 0.0989624909430145, 0.16602278406318782, 0.16095783287807763, 0.2389435567607417, 0.2672208563508236, 0.2886514362716367, 0.18032466540537728, 0.24322244654744052, 0.30829076326980426, 0.5010418214798495, 0.30956639333381547, 0.3754918327935708, 0.6791758809394873, 0.5084297147660313, 0.15048703192979915, 0.2876854844371948, 0.10568283151658232, 0.24609536241211372, 0.3914133633710699, 0.44652322441741604, 0.4094030739283278, 0.5865586691397165, 0.27480671079750507, 0.27402059041553206, 0.6203592242139001, 0.4997266090757274, 0.22574461458576087, 0.15904797618952687, 0.23525465760571032, 0.24122369939249647, 0.07574550926727744, 0.07195988517212049, 0.02778521694587495, 0.18316378781378181, 0.26799442831162507, 0.22442635667410113, 0.2754023014853141, 0.3284205338755429, 0.16897244148416402, 0.2476279827097618, 0.34189664693518185, 0.4340257884547434, 0.4161055230512649, 0.3263659016882396, 0.2802256965870204, 0.31295082892391957, 0.3440161447662449, 0.27924020699627733, 0.3715020711795112, 0.4291307813027207, 0.5560614185541585, 0.45028637605021116, 0.5928888802746772, 0.48169213119080295, 0.7501251290421812, 0.6426126200198867, 0.394143547360868, 0.5034867558335518, 0.21978991148877064, 0.3497443862060192, 0.3309248859375314, 0.3770431568113808, 0.32272125655042366, 0.2837275887064283, 0.18649959852064746, 0.25337107900965566, 0.2645413562003077, 0.20166894470824354, 0.1623953939504937, 0.30538578484087625, 0.4831152263472129, 0.5272945025016528, 0.6762732835488315, 0.3663702761972248, 0.28457449996591255, 0.2903218956545544, 0.25535535293732226, 0.25196099057079546, 0.5774228179164197, 0.4986542859063531, 0.414146727667121, 0.508609729274014, 0.45205220569398535, 0.3359219720092975, 0.39101636753640473, 0.3769183961917673, 0.485578306036948, 0.3992176216007968, 0.4426832328637504, 0.5845701918948122, 0.608219298637145, 0.6169964340503563, 0.5843539741866972, 0.4723194203761692, 0.5164777678983216, 0.4882290037514572, 0.30138917627119255, 0.5770096219055081, 0.5880945351303268, 0.7121007369253798, 0.2231660292107262, 0.4373559638094816, 0.6080378339904731, 0.5951309150625139, 0.713424822422984, 0.6077928567210277, 0.6320393683555148, 0.6383638904631681, 0.7416868387777557, 0.7060835813520194, 0.7444831103736725, 0.6391265786897272, 0.529445856785722, 0.5220177498713833, 0.6332834852043097, 0.6582304572628674, 0.5431140666979978, 0.5306850163998229, 0.569182859438649, 0.5828513833088949, 0.5248616529624841, 0.39322550340611856, 0.5015989673928447, 0.46500528166119487, 0.48317316376283775, 0.3520040920122228, 0.5446906822264018, 0.4239041198759772, 0.5699001406962038, 0.4108700963400074, 0.4153271843526136, 0.33419075692670247, 0.5176679186486003, 0.5463858776188991, 0.5551116392980141, 0.5518633419319886, 0.6914206267830196, 0.48889152590497365, 0.5396330396711881, 0.4519178450973558, 0.4916703354382137, 0.6094942896080553, 0.42088179466944114, 0.5071716044648639, 0.42551927044407795, 0.4311358353466846, 0.48107635000808796, 0.533189337370934, 0.6991373851176189, 0.6691230216054734, 0.5875673006682153, 0.6376366699595025, 0.6515351404829844, 0.747317727746136, 0.6908805914595367, 0.5599131152591884, 0.5566441284716898, 0.5874698603502619, 0.6178267748509373, 0.7312367318877183, 0.4813395903191311, 0.39516475830567493, 0.37468810568360267, 0.5240259215219006, 0.4505862639715358, 0.2740166540418614, 0.27328728733385815, 0.5771965716813886, 0.5692685324796269, 0.37663571129964873]}