{"T": 218, "min_window": 28, "significance": 0.05, "n_simulations": 100, "seed": 42, "critical_values": [-0.41810178164880873, -0.1609321888810016, -0.15659812141655965, -0.42111979111775716, -0.1866161742690214, -0.0012112093622073244, 0.10604452067767471, 0.0839027499044949, -0.24017339251576628, -0.15347549182184855, -0.05619049993066628, -0.16504251800136766, -0.059158319366905604, 0.07689980468328506, 0.07664203715882695, 0.019755424625326912, 0.05420610728537146, 0.2230201077524976, 0.057335976652417825, 0.2617063304242885, 0.4284548669652903, 0.40220180285062196, 0.26990051692877637, 0.18836530741756016, 0.3088008946897318, 0.33142390175009423, 0.5563943123838981, 0.4209229967106152, 0.48370515074426607, 0.4832657829973801, 0.5828204515387888, 0.6082056437927977, 0.48631759318607337, 0.31921131226775373, 0.5151245596287778, 0.33599165108113227, 0.19639589998312051, 0.18850246333073883, 0.16501763649904225, 0.29742420205176834, 0.4506205048598533, 0.17988334729564087, 0.17937103210425895, 0.13420791305830437, 0.13278537624316372, 0.1812382470929241, 0.4659312635441565, 0.36898487763032883, 0.3184080046763273, 0.24235516145194047, 0.41309246721527915, 0.39280502607293954, 0.2897971533326736, 0.3515826892512291, 0.4664883433804376, 0.319915561741199, 0.29770234232784265, 0.20668274868035338, 0.1094370095008252, 0.15335941983662113, 0.19667749118950942, 0.19028269700098704, 0.1765742810322317, 0.4463238057259318, 0.5546494843108188, 0.5404472055177706, 0.5725023974976089, 0.3937371179429014, 0.5268836279679626, 0.659380933492254, 0.6023029710963144, 0.874896195400269, 0.5788409389798337, 0.6683964372506223, 0.7511921650354227, 0.5535633919487917, 0.5557950355350503, 0.3184878310544623, 0.5183958283553556, 0.2939206989329311, 0.2243306306753163, 0.3498082889522279, 0.3646618613825607, 0.41763673894572784, 0.45159609854640753, 0.4406806365423254, 0.5024492288959037, 0.51501586611349, 0.574289408280651, 0.5990179397654999, 0.599058555511725, 0.5740666854500115, 0.3734519736173422, 0.4728057628942359, 0.25795039530569164, 0.23234872755890013, 0.3746930527630746, 0.36544286664620906, 0.3649687276464799, 0.6013190271926606, 0.5906494149757978, 0.4971195611968504, 0.3711497352436602, 0.37928928068486745, 0.35335119884199273, 0.6053740855944469, 0.5079226536578967, 0.47103427687260585, 0.47228757797434284, 0.6607788466324541, 0.5152323795688364, 0.4305816682240978, 0.7592458788533317, 0.8665818098619155, 0.6403599250397357, 0.46497780042317105, 0.7091010579833851, 0.4098228663617574, 0.7441569980825841, 0.5551159565410138, 0.228486265656017, 0.3452176116657643, 0.4826048364557868, 0.3888725955979231, 0.30946881157687783, 0.47699033090299414, 0.48328466883046634, 0.6381882538357634, 0.4958109366518737, 0.6612659483107642, 0.39476170586585646, 0.44300109094294743, 0.5213554508470459, 0.6487400004727015, 0.46906895693625794, 0.4938804430375042, 0.372127485977679, 0.35787357123834174, 0.6322320426190158, 0.6618578196211329, 0.5029689631765888, 0.43082514949273365, 0.49446534212775856, 0.5339402397276987, 0.704213312580343, 0.8226993029129087, 0.41663027456985763, 0.6745674984880737, 0.6332854732196332, 0.4037273801980387, 0.5383478556435666, 0.6155010193871905, 0.6233095785087905, 0.4764124815714882, 0.6078399401851519, 0.375200995858003, 0.39227225469285865, 0.2942146581411255, 0.2129497676113556, 0.223704958235255, 0.26549434080618184, 0.5333745866229844, 0.4125475760105897, 0.38417641948335607, 0.6530404351191372, 0.5212814770447237, 0.8004878100735234, 0.47023651417996415, 0.5984635727884706, 0.5536949001543938, 0.5465424905312726, 0.5063238562280035, 0.684000579721402, 0.697083891974112, 0.8135887368153009, 0.6739279088372873, 0.7352759811477688, 0.5569389558656233, 0.5216723284431297, 0.4522072107569463, 0.5285934494572648, 0.5111527527818749, 0.5800362701702166, 0.6892675910420042, 0.5186758584656157, 0.5178345195237268, 0.5264844986009897, 0.6361146367871187, 0.8326145312312602, 0.7436554482148655, 0.6201882078892025]}