{"T": 219, "min_window": 28, "significance": 0.05, "n_simulations": 100, "seed": 42, "critical_values": [-0.3145700413862059, 0.1729719036194103, 0.19628500302058174, -0.05450503644789857, -0.17610472686664877, -0.09176321698759636, -0.08780026408647922, -0.1167918681044477, 0.04417890682194854, -0.13339584821271608, -0.06986155186795964, -0.058454669249329794, 0.12460583436615282, 0.13290812826145534, 0.12567248528845526, 0.23413487112284967, 0.21241156832584068, 0.23029766249311112, 0.15521264385780623, 0.33353999543745955, 0.4139656886710766, 0.10605099504320555, 0.1660791333045272, 0.07606005541203738, 0.1460058738027647, 0.14312331003915293, 0.16537831523100868, 0.5178995322748334, 0.05883689048238419, 0.16333743027563669, 0.1479901053696438, 0.15725350815629136, 0.4227226440167249, 0.07027720792877566, 0.20407973894289594, 0.35545425691226473, 0.0756769484406737, 0.24551699605345112, 0.10329933720263416, -0.042143779172845966, -0.1063908243602619, -0.10628927210763599, 0.07029359910874833, 0.05485081803243039, 0.07856277222697677, 0.1819500936608361, 0.14230085954737848, 0.2006073012180497, 0.3269791046201161, 0.28988325291160577, 0.3095966181898705, 0.5861790195965639, 0.5661705295361666, 0.5386026136847945, 0.4959536638246262, 0.6490800570738471, 0.6202171941579471, 0.5488557382740012, 0.27918312718687827, 0.23689749909696828, 0.36900512122874324, 0.44048749416502064, 0.4460978260319205, 0.4438999735577046, 0.6760916816559649, 0.567997126318679, 0.6166055390818228, 0.5471285719584615, 0.7848949653805417, 0.8773956130162652, 0.8214491972603156, 0.6662662001540519, 0.8091285355993376, 0.45825534617772, 0.5942712365609852, 0.5950487255961582, 0.7302447891133992, 0.5637282597702423, 0.6141564913001932, 0.576964690106262, 0.5931687627888177, 0.5842297096191688, 0.6816389066854387, 0.48012302464401624, 0.556793738264049, 0.5022861683670475, 0.585235317583913, 0.523664269061858, 0.5922331115619498, 0.5588488878289177, 0.5880135260529524, 0.7135865077700354, 0.47824408944800595, 0.5715941171479351, 0.6052761889384692, 0.5616786079176183, 0.729042720595881, 0.5348123550222562, 0.5878012220588299, 0.4357453766604862, 0.4785274257482835, 0.4684310247710367, 0.5048966410956659, 0.6696954010372108, 0.4222067465239028, 0.4992337632811194, 0.5083187971354169, 0.43515907467112463, 0.5574316881747599, 0.5183444520208483, 0.36128298338127474, 0.43076424700170035, 0.39413165039814185, 0.5170331985934314, 0.4464269112382002, 0.4018392509950831, 0.5978067967566224, 0.6306945046842742, 0.7557146103027634, 0.3987596233320718, 0.4490897694905292, 0.5418224231624525, 0.5512912417704249, 0.6342433635252512, 0.5334871096458937, 0.4037922401571351, 0.3705044916381228, 0.24551265235230518, 0.5100630987875796, 0.46601722787012395, 0.6108393271050685, 0.359544254251443, 0.3021825421520826, 0.3494111755848674, 0.42454846643433114, 0.3444989899405746, 0.6089828217459582, 0.41888686823768606, 0.6754040462173019, 0.4965969002019744, 0.5651254741050451, 0.3721336322433212, 0.38909972230680717, 0.39920560392925086, 0.34072352312767057, 0.38990132136314803, 0.26557378821003585, 0.3742912961109367, 0.4582206423950083, 0.4205636948020738, 0.593314840306484, 0.42476526065325404, 0.5898673055954641, 0.37794380479876793, 0.36251453022787405, 0.2861044675744234, 0.33348888525699794, 0.27630377293770275, 0.4461190539887571, 0.6821888955834955, 0.5848159857026951, 0.6004634618032874, 0.6016203537720086, 0.57676645968846, 0.4915684746873595, 0.42500072762800745, 0.16720668858748497, 0.33397662023189667, 0.45511565729489384, 0.4887666047027921, 0.612171530597899, 0.5533183946062737, 0.28393626102589037, 0.3581533053597269, 0.5457193978474479, 0.3843564839707597, 0.4315433809691028, 0.48892204013722074, 0.49761575810269787, 0.5771623654186675, 0.6571025464468898, 0.6884948819427751, 0.6728394968618173, 0.6364309862866078, 0.7422953243409172, 0.7765663112052473, 0.6044502566184605, 0.4810009357650506, 0.5112669067869438, 0.4102023302061847, 0.42512265751793266, 0.44527629382692613]}