{"T": 220, "min_window": 28, "significance": 0.05, "n_simulations": 100, "seed": 42, "critical_values": [-0.0016129151099493304, 0.14634419533225795, 0.09914795882792099, 0.3231166279586143, 0.38251037045810726, 0.3643022685176268, 0.4348934436039368, 0.3250824854297415, 0.21813089257022422, 0.11701486312077082, 0.2446553834505031, 0.3700312406809245, 0.3460945031124272, 0.16368120264503147, 0.17217556112848448, -0.020874794476743154, 0.08157301398510619, 0.15111926872586331, 0.214376129507316, -0.014979872979157274, -0.05057131512367588, -0.008436544816284369, 0.01611633311889197, 0.053054683565074125, 0.0447250937966804, 0.13593147692987434, 0.062093727342301244, 0.09041867691204634, 0.20365146522516941, 0.1447701027846101, 0.34893292700246065, 0.12375167163436084, 0.3556480738603706, 0.289603040124957, 0.2764812310959571, 0.5860591273451821, 0.5971240789486435, 0.8199924379675808, 0.4673384623207028, 0.40740602045801766, 0.29558355163797123, 0.4557138948392302, 0.3851320632153846, 0.5919750540410313, 0.47247357069718643, 0.31225619533482957, 0.280877025441764, 0.5013473503274564, 0.5834811031009595, 0.44579783285898433, 0.40944621011438154, 0.22618176980971122, 0.38421308074261856, 0.4068988845561333, 0.3068270562889912, 0.26267708877575807, 0.6177581582641853, 0.584202753862374, 0.5684307519271288, 0.6471395089841997, 0.6798853314476277, 0.5182233626096459, 0.40435851025114955, 0.5141586309917124, 0.5463417729627079, 0.7329393306073669, 0.7760068155083579, 0.9763698012709576, 0.8047214160336145, 0.7807375760296512, 0.9440154180503533, 0.7338270995175376, 0.6361882312354408, 0.4831200732587189, 0.6763293304433977, 0.5660620685560296, 0.6747678626491034, 0.47408079303711, 0.3654535480454144, 0.38393183489306365, 0.25809220888310874, 0.36159164305582986, 0.47315250656957875, 0.4018917071392582, 0.7038584000573983, 0.5089749757393105, 0.47080188472978546, 0.45013656716917355, 0.3440324950031102, 0.3504424966384838, 0.408532820915554, 0.4206899836980186, 0.3682074937137353, 0.3883686544475984, 0.30867851791126494, 0.34812916599521954, 0.3218372613670409, 0.2989718480790915, 0.41913876033327174, 0.588573241233101, 0.3825853195342321, 0.20554724873804794, 0.19728107321687938, 0.2497213627440324, 0.3562079069976087, 0.6002305353783698, 0.3685952524975061, 0.41818757775991516, 0.33189376085078304, 0.37440159366829606, 0.510367835898402, 0.5485963106410177, 0.4236573486093651, 0.24937637209617214, 0.41253196284204696, 0.22291132654468443, 0.4001817860680488, 0.4605529333223683, 0.5139416595404857, 0.5821180095390062, 0.4000721849188095, 0.4590833605183469, 0.43182557564057805, 0.49265405977497595, 0.6280388946276814, 0.5322036649327069, 0.7292744639237716, 0.4594145881406249, 0.4280186736712706, 0.40392138001337796, 0.3977796295562177, 0.6700100989119369, 0.49757652845829164, 0.6713821246954527, 0.4307532653090618, 0.6893500371819465, 0.6696913310599234, 0.5111740558160436, 0.3615087114527855, 0.45401476917072825, 0.3783888024816565, 0.30819585517341075, 0.2782999594813563, 0.5279154215210449, 0.5218554433677315, 0.36035152825799355, 0.39100120890172324, 0.3639284985355211, 0.273363847509136, 0.5338185656587845, 0.27722327131166813, 0.6478849191328659, 0.5315757396496809, 0.5633906247636108, 0.6320751683677358, 0.6487740503254741, 0.6655895481252054, 0.5933442922451818, 0.6302847212095792, 0.543143610834435, 0.734248171433582, 0.7918169904754261, 0.8686846901795818, 0.6467005440411407, 0.5578719505961929, 0.49633445371563806, 0.34873029350082224, 0.4551750188722256, 0.4641971946638148, 0.40328866006159164, 0.3989752410990213, 0.49008115008828695, 0.45672857412850704, 0.4111690472920296, 0.50363833083986, 0.5280918249026626, 0.30668266296169694, 0.3754688199104919, 0.3257852232037756, 0.34298757352688347, 0.3145681353832666, 0.5186371960344907, 0.11010366876849201, 0.28678733017984304, 0.23806488456445513, 0.31561367683504227, 0.4339806279332671, 0.3675806374979482, 0.4762156450311822, 0.3159314832695168, 0.2176878517032602, 0.36890612703415687, 0.2868824324982768]}