{"T": 221, "min_window": 28, "significance": 0.05, "n_simulations": 100, "seed": 42, "critical_values": [-0.03300686707500421, 0.17394595038284388, 0.2034331892011202, 0.11829256992153506, -0.04353566854533921, -0.054753680924720625, -0.009560380241661288, 0.11469639877200112, 0.02376752378009245, 0.008026563568699992, 0.049206933472428285, 0.13739308688942523, 0.22146969953420628, 0.27680220907395225, 0.20155360773012732, 0.10838831515006257, 0.20217479295011703, 0.37096880601861293, 0.29097487378107345, 0.08221494264835075, 0.137048971055797, 0.4491462842335337, 0.3960032776962428, 0.21858855481581027, 0.2125386037522404, 0.5268359049269465, 0.5143644624349841, 0.5017785499034183, 0.4548174856025335, 0.3177868635013114, 0.41149619681394517, 0.4050043965676081, 0.3519921689187181, 0.4008087997236903, 0.49279322694620803, 0.8107876241424233, 0.5780058568798616, 0.2618987248340541, 0.1326276414397306, 0.017401796544952296, -0.008327510903992051, 0.0030661704713419113, 0.15722645803921517, 0.11935236160750314, 0.16048526355288023, 0.25786817669091405, 0.2429430153880345, 0.2446145798818838, 0.1983673007731697, 0.3119070332647471, 0.4721746924234142, 0.5176720752214131, 0.6678787978241714, 0.6764605040177728, 0.6636588141689161, 0.47230377273527796, 0.7292654284452328, 0.4797867321214762, 0.4710044456474088, 0.26294268480240834, 0.39578031599899444, 0.3437521578738731, 0.5274985118737411, 0.6303973008318041, 0.5835522295995421, 0.5492402418387979, 0.4642574992901091, 0.5394082850135344, 0.37106912671645786, 0.3882691900761922, 0.25841711268474366, 0.4456817955059278, 0.5155911527916294, 0.5145846630330864, 0.45909073464483985, 0.3962059262993819, 0.3490333758935235, 0.25438883990285865, 0.17437175656819495, 0.23643015656883234, 0.41011040182076974, 0.43500439541584635, 0.3918080553238163, 0.3149731855408398, 0.31500146534569134, 0.3990596180089461, 0.5349946324443948, 0.3940181189547765, 0.31033168997501, 0.31321948949179124, 0.22804227802511648, 0.33329346342214045, 0.2877993358939441, 0.3630385791633843, 0.3601007862693469, 0.25400291904892225, 0.18708395257621388, 0.14213652052990067, 0.35576115499536504, 0.3176498750612095, 0.6551677006160246, 0.4560012188028231, 0.20360339815316394, 0.3524012648136833, 0.47699908042760175, 0.4623099259646077, 0.3631369246616619, 0.418467268526956, 0.34753515385807626, 0.10400006233738496, 0.22907420324461394, 0.23302309190068354, 0.2837704085505771, 0.4831949770099147, 0.5262792683481926, 0.6474357777665006, 0.5753691868034431, 0.6715341764932685, 0.6785527088451823, 0.7204548262356324, 0.8500067901970341, 0.605454409192781, 0.489035057096314, 0.5884010598819007, 0.5485212036158218, 0.47541257070027815, 0.4581471016891211, 0.22227294298646877, 0.44161509486841494, 0.4027320310794143, 0.5212774266355583, 0.5301070187991311, 0.6734214899529649, 0.6220298041978167, 0.5429633488190146, 0.798167227420732, 0.9003572338340138, 0.8063413235798653, 0.6542811876430281, 0.7030058963080088, 0.60376030140301, 0.5759054199920591, 0.55163784155054, 0.42870033447723566, 0.6083452608849891, 0.4904608630346401, 0.6064248861007233, 0.39288740074940165, 0.4369135940410208, 0.3161425704575582, 0.20024378987673055, 0.2889799583892104, 0.22908904454543333, 0.398817526481736, 0.35551677017431693, 0.38281773502642363, 0.4096830394155833, 0.4493141024015761, 0.6402130440559293, 0.5137253534342978, 0.5362299676350873, 0.43838910155787075, 0.5438679262762621, 0.34677299591340044, 0.5600998824259896, 0.854676187732803, 0.6066006826664812, 0.47838573438835746, 0.5770498162143414, 0.47148929357979585, 0.37580701897454244, 0.39360302993624613, 0.3768299878979143, 0.21691819058758213, 0.23918300143339202, 0.27190346626888817, 0.47591410379880017, 0.6095201139002434, 0.3643967887708169, 0.5586492558750783, 0.40123853426438466, 0.35090215428379895, 0.2680903540148616, 0.2834284983587524, 0.3231111167778891, 0.3404272593471393, 0.3547933243118057, 0.5347591732146979, 0.47692313780589196, 0.5794786686094565, 0.5290144163813693, 0.5583763816626047, 0.44269188914013413, 0.256214704304967]}