{"T": 222, "min_window": 29, "significance": 0.05, "n_simulations": 100, "seed": 42, "critical_values": [0.05809709108552316, 0.06795959234318599, 0.06589808464192987, -0.038831844844363445, 0.08329812705526901, 0.3793314871529498, 0.19050715352250477, 0.2532103728737268, 0.22001777162639227, 0.09961966098914883, 0.2442587010643309, 0.05114049605697811, 0.31678903105499767, 0.35271163271094846, 0.17046282611612817, 0.3459868847473211, 0.44676485155067863, 0.2636378082506984, 0.5184293542253454, 0.1918363116150704, 0.14455962376503476, 0.2789658323197895, 0.2349894462838784, 0.15120068319936936, 0.1369713496747388, -0.04320911131476078, 0.008805574795476754, 0.048440809527260216, 0.12527253243191053, 0.1772385511003314, 0.3449265745653567, 0.536695921961767, 0.5523128119164662, 0.2692880636474216, 0.4673727410743284, 0.4692906173788137, 0.42558477343421514, 0.558006521198397, 0.32052741995213796, 0.3028281924140305, 0.2707379796587734, -0.05552480584453979, 0.4670591200714445, 0.5799406177420626, 0.43371926614000594, 0.5067599250856925, 0.2927044255918401, 0.3062583072608046, 0.2589898400360993, 0.19211032249638393, 0.2551847228175316, 0.26040964513438075, 0.29257302102708604, 0.008710443505638732, 0.08071107805398516, 0.10653119399136739, 0.15332299082372394, 0.24212230228972395, 0.3772839211790143, 0.5299406454126834, 0.4512577122340074, 0.47265654275173824, 0.27051215705650444, 0.4616049045567999, 0.37421103190102034, 0.6138625829430338, 0.4853323731500702, 0.34541250988859645, 0.4345030731835329, 0.5529234262438244, 0.5354895813120479, 0.6386764745382143, 0.5878159894092652, 0.5367758136081433, 0.36014439127861375, 0.5953522495929935, 0.5444344334847383, 0.5567289815449028, 0.4549129298284773, 0.31157359196761053, 0.3373672522867777, 0.3156653003300743, 0.36309898587307354, 0.49893079522433054, 0.313065005019778, 0.27483676717379163, 0.30035130874792576, 0.20396683520639516, 0.13771058879924455, 0.28653653802029305, 0.2858788785083118, 0.3596371003385824, 0.3739276199364429, 0.371416319492166, 0.5338525907600833, 0.4270069043061255, 0.5669325458437793, 0.42766157950133804, 0.47551532763993587, 0.5377277871822373, 0.5854768011208679, 0.5375624626855731, 0.5649495217322767, 0.6395405547269549, 0.6789585892956843, 0.6948663194953587, 0.5876408770277151, 0.5167259141536029, 0.6422749895192306, 0.6988779207932199, 0.5538168930341697, 0.3677415195802777, 0.3486218113121135, 0.3542008127101134, 0.46240145648708686, 0.5601486892192955, 0.622431086128529, 0.7010320114469188, 0.6152343679892909, 0.7073080179950668, 0.6041800516347527, 0.5308448593814389, 0.5619375523839291, 0.4866512968495201, 0.5930741632707079, 0.5471626393902986, 0.4438984049711289, 0.4056494955716774, 0.5100085140167181, 0.6089237318381504, 0.441762531287779, 0.2663492340451379, 0.35382442475683995, 0.37532237889965386, 0.2420749631709004, 0.15393106582495303, 0.353088506204295, 0.581375120490386, 0.5514897686206323, 0.4802846834560122, 0.6020677958435827, 0.5442796998907111, 0.365165737446906, 0.2825411047332673, 0.15440142534166426, 0.23698068015403678, 0.3628024173496434, 0.5089351837689925, 0.511631648015387, 0.5395874970812307, 0.6840992119809473, 0.5865466125302193, 0.3996817112733995, 0.22288657450330332, 0.04615798741749687, 0.07803559058269184, 0.17251948312048695, 0.15636634023127113, 0.19306250300130115, 0.17407379606900636, 0.2763243117055484, 0.23676020893217398, 0.3117539413010162, 0.07963895023434756, 0.33016543839997753, 0.27285283766129503, 0.18062539108410547, 0.2637018162013061, 0.3590043911925144, 0.43571551158297817, 0.3997869349229091, 0.36142508346723234, 0.2585285590502427, 0.3395525262204496, 0.26178889573776987, 0.15960845931961423, 0.12230400084494136, 0.23405434624601915, 0.3716648033098133, 0.29382018612505917, 0.2094592707777972, 0.2438460013202169, 0.31813625992869193, 0.2423181380094268, 0.403363115619496, 0.37304079913737087, 0.4643721054185659, 0.5654311069995721, 0.7140108749749482, 0.5332736469563307, 0.29416545343821093, 0.4439380597345028, 0.4471620927677103, 0.3743205668742156]}