{"T": 223, "min_window": 29, "significance": 0.05, "n_simulations": 100, "seed": 42, "critical_values": [-0.16886204357020237, 0.021196805766017797, 0.33953094406952655, 0.2655966330519893, -0.017523425142586296, 0.23143088054774466, 0.317629929216103, 0.3654301835523339, 0.29583641296760527, 0.2559937047493249, 0.28915643931035484, 0.22882740782119992, -0.04901955156484238, 0.08081161404557069, 0.07197063273118588, -0.09657292130121023, 0.03527891855948791, 0.27058738232640156, 0.4139567408632345, -0.0038796834928763605, -0.1291421466171884, 0.0841558046583675, 0.13564454988837213, 0.03140932370355951, 0.13568665414020545, 0.3255087510684829, 0.25503213669721364, 0.15765845241452733, 0.17733161037106768, 0.2660260691457847, 0.1743314176408433, 0.3223385491818205, 0.29318544438217325, 0.3038455830967323, 0.3819522858161395, 0.09570135219436397, 0.27518093756674805, 0.2662118181885826, 0.2290659873022578, 0.5138146953102731, 0.625466355483485, 0.3779307876894551, 0.293301018318124, 0.37558991338656883, 0.37408788623386213, 0.4679104963004331, 0.5075296639101505, 0.5065300390255657, 0.38186666771446925, 0.4274484471281263, 0.5878856150801991, 0.6022971678711219, 0.574364908419498, 0.5475670685313477, 0.5622104998196255, 0.664923025462889, 0.7355022009295519, 0.5736367382908552, 0.7097300196400887, 0.7093206739422759, 0.5945058389040723, 0.5102369412346698, 0.6121608068979059, 0.700730386286724, 0.4894953591377764, 0.5876980427377558, 0.6318444716186085, 0.567756778489642, 0.4164179198937015, 0.43513862866351094, 0.3730472241996459, 0.4619871287305276, 0.3539324073799131, 0.28242523320787055, 0.4493246226734773, 0.5375153033270553, 0.4850343015431418, 0.36290003645134916, 0.3683751762014818, 0.3433381542814834, 0.3679192704906788, 0.20650333903179163, 0.06126356303223736, 0.20345196950565328, 0.25716442833581027, 0.36513503869054387, 0.23600122075749935, 0.07675415934864688, 0.2660284106428373, 0.41408443864528854, 0.4149249722045774, 0.36831984019452985, 0.5111644830346955, 0.4795469154667145, 0.5063810940421608, 0.5076049622604819, 0.46272684378771783, 0.29137619134573167, 0.4485864609197532, 0.48532148775005435, 0.4128500627374094, 0.6113843390460708, 0.24886180469181082, 0.3269350309583182, 0.26942842586295473, 0.3648181447598328, 0.3349708724983996, 0.37638291064068696, 0.3200421937749551, 0.38012690929646076, 0.5998266583671904, 0.24222484920351087, 0.13729481188137407, 0.17413999064986282, 0.029906742245294767, 0.14161096445472837, 0.20207672491880374, 0.16373308221601787, 0.1793356167857827, 0.22420981270204757, 0.13497929623869895, 0.330344220760246, 0.26729894438341323, 0.40189635287743647, 0.08631801804421385, 0.32543093685507657, 0.3404421259256873, 0.16926077126182099, 0.188862874292087, 0.34575845107087805, 0.3175293933716431, 0.39232010414558033, 0.2156993878979006, 0.19673829169920098, 0.3166332130076124, 0.4701249759784239, 0.277414524019987, 0.65692846257944, 0.7269392145276085, 0.3654706063390931, 0.47100870063735595, 0.39113953390226763, 0.48928993193367476, 0.45382211038445713, 0.38790941460409023, 0.34225565664282476, 0.26254911109560664, 0.20967490144996045, 0.25647595439427734, 0.27801872626933477, 0.33542885488049645, 0.3947184963370605, 0.25961060087530374, 0.44509932382554085, 0.5116796412151795, 0.6228207376286738, 0.5056176513875925, 0.3801692170782906, 0.3720948066046798, 0.34990595852278966, 0.5336744536848179, 0.4210592931585191, 0.4793718911791804, 0.5982679812907507, 0.44720832154524054, 0.36940637616633853, 0.7631581563635745, 0.5876099635210161, 0.6985920484067758, 0.5995332801965805, 0.5918441362611282, 0.6684817891521354, 0.5941883086676804, 0.6832461340591359, 0.627134012451496, 0.5044726226839635, 0.591861528053237, 0.8133972280922901, 0.8334557076593446, 0.7180840358567465, 0.825686942760464, 0.5691421174183261, 0.7983461237507972, 0.7433440161637876, 0.5586956502047872, 0.7758832399131593, 0.814688251647332, 0.8075354074361191, 0.5352969611263921, 0.659686577193639, 0.33551900506185534, 0.44185592492009573, 0.5331052742959493, 0.3815850275013089, 0.42011991271498955]}