{"T": 224, "min_window": 29, "significance": 0.05, "n_simulations": 100, "seed": 42, "critical_values": [-0.23276915014495847, 0.19663534046176967, -0.045331556252706434, -0.015462318332264292, -0.11972562522160858, -0.21344742828861535, -0.1945682638508252, -0.15955911224535252, -0.11823677632793836, -0.09656405106604969, -0.2170512552163224, -0.11719829937828623, -0.1193753712567237, -0.16268304419470728, -0.03447478722443541, 0.14587769821102287, 0.0744993173082956, 0.21547047649186604, 0.3209938937890052, 0.023269046246914265, 0.014408082904029252, 0.20456636628550137, 0.06790418812795654, 0.20539017268679377, 0.21599546941512932, 0.30215963801168266, 0.19352291578246392, 0.2809997250289104, 0.2368659756078234, 0.25512044304959286, 0.19273299742612796, 0.08477733321383185, 0.4141361836428505, 0.2789495918190979, 0.31186044967657717, 0.3387821823170629, 0.1403642058739552, 0.1371928037239214, 0.3239479246905946, 0.1629481715307893, 0.20563221829747275, 0.45718055225941207, 0.2745916454615712, 0.6772390741509702, 0.6484427047496566, 0.4202095165492685, 0.5416953441146913, 0.42422211773528246, 0.6517813158046414, 0.2521436253162286, 0.3064352783173656, 0.28713160945126787, 0.24958660050309417, 0.4136443384196998, 0.3437441194982989, 0.3628104777565893, 0.20506426324256424, 0.37840498120280014, 0.3761786863510174, 0.2305640988061715, 0.20219625588533255, 0.30989731856026237, 0.36783927868875177, 0.48283569229576556, 0.31616646442688123, 0.38980377422475904, 0.6279190915081622, 0.44687287443626245, 0.40322984705291787, 0.5804765044902018, 0.6332905253504257, 0.7292916106814256, 0.5043851612030444, 0.43025630937132775, 0.5329531987479277, 0.6012966082296587, 0.7473685693731267, 0.6090034125575852, 0.6350629809700149, 0.6190680356597933, 0.6174053862844209, 0.8474183711571546, 0.5718535167128707, 0.7521346016127927, 0.5665588501910025, 0.5763426286145589, 0.8308242754942903, 0.6180785723359349, 0.76715652931902, 0.5360673957276029, 0.701950262778224, 0.5142462613502424, 0.3746185924326387, 0.2105265560750454, 0.1788729433014431, 0.2722043061251017, 0.13947951194146166, 0.1897032022736091, 0.26874177786036985, 0.3033468405243782, 0.27394594579430476, 0.235889352695111, 0.2557749107406268, 0.3629924770642642, 0.4058129733705597, 0.2771591401676231, 0.3220651719121034, 0.35884119798067526, 0.4157772664730177, 0.38000879448048946, 0.4671292946717243, 0.40986183537063403, 0.2330416802769374, 0.3360048149333784, 0.2280126759366361, 0.29386273065534363, 0.272749103440157, 0.14464681011430086, 0.09889567918836144, 0.07292050455625455, 0.05206986415160001, -0.013621961411866198, 0.19465674341938718, 0.2366028609942966, 0.3288591220953399, 0.3321434389377657, 0.3252800366107677, 0.5034201560375781, 0.5512796684302739, 0.7904138920014204, 0.6641984802105328, 0.7543361031043578, 0.6674420253087863, 0.4121222249771225, 0.41460156306264284, 0.3733101462414454, 0.27096108626259163, 0.30431677794807716, 0.3198147921277149, 0.47235653723758664, 0.2892737985706322, 0.29376507289261805, 0.5219297227879349, 0.5774198055920451, 0.3190935464154729, 0.39468624377744926, 0.36865265185551616, 0.4279637643565511, 0.7184757629119481, 0.5644498615701583, 0.5833695902508939, 0.2998731808489189, 0.4927986072703587, 0.4847808562194485, 0.4311647324933049, 0.5592760451042919, 0.4485351624930532, 0.4518571861010872, 0.4725799063257006, 0.48220373685083046, 0.5356702776189842, 0.3363492444502289, 0.34722139775367533, 0.48927984450066864, 0.454349307471715, 0.4811518366684917, 0.4249183586849354, 0.3314792559947331, 0.5154140570438591, 0.5007281533648419, 0.4978452736014203, 0.34573900600251173, 0.4451159352626926, 0.6821446466356651, 0.6936872642529723, 0.7155508866613786, 0.6180320922817768, 0.6491200220137092, 0.7402298690155297, 0.7460507525976817, 0.7354349867642442, 0.6246362232974417, 0.6640471203186313, 0.6543589571878444, 0.57986335051297, 0.6338427098868261, 0.48961962769216094, 0.6108304604883713, 0.5210365939470928, 0.4075600762067162, 0.5020254306838724, 0.6248066029271123, 0.8020444801056558, 0.6929954409560802, 0.5282633749379056, 0.48371628936296074]}