{"T": 225, "min_window": 29, "significance": 0.05, "n_simulations": 100, "seed": 42, "critical_values": [0.31155773620428845, 0.1394523962177175, 0.24208198524509916, 0.22779365909251456, 0.04535161417724184, 0.29275786707023016, 0.26034406542968574, 0.37096154965346984, 0.281735841869323, 0.31526114501543373, 0.25800484846414473, 0.21815259221733357, 0.03098402565532509, -0.0724621239062316, 0.0538032658814547, 0.23651679500850167, 0.13649878533823273, 0.22942069184876426, -0.11698292416194993, -0.06202781864175585, 0.02236680275621346, 0.009947294041960913, 0.06262829200271203, 0.028259152385517648, -0.24349492476178233, -0.08311168577400546, 0.05121406301153142, 0.1143278869694139, -0.011681096545353575, 0.041829869879888765, 0.24911094876371265, 0.23661681403316545, 0.2742763454287856, 0.36031807457752885, 0.28474181425740686, 0.1604667509512852, 0.31656619813094816, 0.18345520161634682, 0.08766258878429417, 0.11926523934548719, 0.343268449508547, 0.09668124821916069, 0.1516477151069433, 0.10794640330920778, 0.05228721629978861, 0.24940314423609966, 0.2133036420037243, 0.08712915058702662, 0.3438847974561146, 0.232504897215535, 0.29530066220794693, 0.3974459802532673, 0.3165765513089669, 0.41004399157003896, 0.30523344473260683, 0.2869402150104069, 0.27689571056224, 0.2090765099169708, 0.3563663882155991, 0.201997010970341, 0.4318734743769215, 0.3685552301431236, 0.2668722771975964, 0.4660103658511876, 0.3213238862899649, 0.3083467284627606, 0.3258298823416001, 0.39093086203021166, 0.3564054907190874, 0.2557767225263039, 0.3369082092143362, 0.42204361884050645, 0.1551882060913934, 0.35030309448398406, 0.2170157661605983, 0.26364604110523143, 0.35848375808744337, 0.34646671947628677, 0.5363680810303482, 0.5720360005929354, 0.49949640035728876, 0.458374682570018, 0.34750992506519224, 0.413906492119921, 0.627261531460494, 0.36845593907845675, 0.42234190978231784, 0.40037876317551935, 0.3730626867470055, 0.5423866428123258, 0.6448136969169148, 0.699343647128913, 0.4056921850731449, 0.3041769139800146, 0.2748899034119781, 0.24651312871958656, 0.40614659209956394, 0.5933135827360618, 0.3757836532235153, 0.3356523709589649, 0.4448502230312099, 0.2865481174208128, 0.35213629748346853, 0.23298862810896123, 0.4206519250514168, 0.27320275168787017, 0.470428433366741, 0.3104133836358892, 0.2812328323755296, 0.1927799701348654, 0.30301379195440553, 0.4412794149415882, 0.5630675069215132, 0.6705724948527216, 0.5444080881315458, 0.38634229193094377, 0.27034811483859356, 0.2001266915253172, 0.38416004034356377, 0.5085060750257372, 0.7671471130636474, 0.7537721928694757, 0.5427601719055719, 0.45352546402177174, 0.3997304873392843, 0.6068560462087863, 0.4295204313137719, 0.4724902699934925, 0.4081931826927284, 0.5891062112011292, 0.5490973666058551, 0.5939324734701539, 0.6387383833248721, 0.46496902046077415, 0.31365516781672764, 0.5862921639689982, 0.5569298246454084, 0.5012269828209839, 0.5207900495838812, 0.4192740733608868, 0.41760739641361655, 0.44171229405031687, 0.37219473450710533, 0.4074595152616531, 0.297479390651481, 0.3160536959714284, 0.7740114870207769, 0.453636235975099, 0.44629108297845055, 0.4987920072877273, 0.5028606623522804, 0.3280409948461826, 0.3579853711993375, 0.3019867835963315, 0.584573913206175, 0.5957067731076335, 0.6714690165503953, 0.6140451824602369, 0.6313363838327638, 0.7496526821370505, 0.589845652323637, 0.5416156571959246, 0.5061486040477825, 0.5887236897237733, 0.5550451055031452, 0.570857303837699, 0.48936992210961583, 0.4419304911890377, 0.5111447995697317, 0.34326809778736955, 0.5256969974565056, 0.529835408626721, 0.44774406416237633, 0.22014841157522855, 0.4010332988393404, 0.3473945500449981, 0.30052365585135343, 0.3100360734115576, 0.3225698012634908, 0.31369803949146263, 0.2944478110102673, 0.4723320609354228, 0.3656212855619275, 0.4575582507835458, 0.6241986138229453, 0.6525824758128713, 0.6925235288465157, 0.5483915407597034, 0.43607008150353943, 0.6338560696318695, 0.6931882596116269, 0.5247386338282678, 0.48761598048642374, 0.6990085580775953, 0.7573683992484435, 0.35167965366530607, 0.5732018590343042]}