{"T": 226, "min_window": 29, "significance": 0.05, "n_simulations": 100, "seed": 42, "critical_values": [-0.4113523027766536, -0.09456885183332006, -0.03434288966531843, 0.10745939358530539, -0.09684187364357295, -0.21628472684126332, 0.06335035344416529, -0.08721699758714518, -0.21356490293790706, -0.1480315534799966, -0.3175671450383653, -0.03522532197914527, -0.07639567355276008, -0.04218742531183804, 0.11217059295100396, -0.16013604977465248, -0.08789551892356669, 0.1667547817982095, 0.13580025783515023, -0.019903830461248384, 0.08596262077777767, 0.15106104923842356, -0.0791463028314979, -0.1441388666110794, 0.07972017693703816, -0.021096840509342775, 0.22851227019792153, 0.15050789622648048, 0.20126515420408675, 0.2516096867829617, 0.4504375715107789, 0.32814569514473757, 0.5520692603743926, 0.3958935416525316, 0.30944522531367186, 0.3938319429116387, 0.48102700419513117, 0.427804679178552, 0.5099441235822741, 0.5066091461189111, 0.44350389629361225, 0.48054528345520336, 0.5848828832771432, 0.32889268436744157, 0.32311328317983606, 0.32954632028470593, 0.34089908942074193, 0.30274292975293865, 0.2233500750272087, 0.18774773026352656, 0.20686634714817043, 0.3621365851670867, 0.378520096796473, 0.34103425636809753, 0.5739843822440807, 0.38835830708463653, 0.21700704543672927, 0.21331563993042746, 0.23099438792354607, 0.4700099310244221, 0.3000540076789035, 0.30215600490826666, 0.34716916655222424, 0.31699305786924753, 0.559852290814158, 0.4463385526413687, 0.29547793712104414, 0.30240528216410417, 0.1514012373853279, 0.39316324873183883, 0.2513184182217597, 0.3199008659125824, 0.1416385083830212, 0.30082662701039065, 0.2878272498690189, 0.41017842515585073, 0.31615158641660884, 0.25281146968553403, 0.29384938080250406, 0.2426968172255231, 0.4198814388340164, 0.46128360949866143, 0.5266405843708799, 0.22869294607479304, 0.16049543970320448, 0.26917708520497335, 0.4214991963430689, 0.40261187775162877, 0.4127680307055362, 0.593934768480861, 0.4761033341628464, 0.5940214305528903, 0.27929422873531456, 0.6102023141201686, 0.12231781457547879, 0.25270401343942767, 0.3097861823789263, 0.4140428974086858, 0.633230488192081, 0.7461887440273104, 0.5188042688268935, 0.5100711313563352, 0.646515438253914, 0.6800565113902213, 0.6684308985621855, 0.5986887292271755, 0.8428847919419337, 0.7431545569841521, 0.7028691099191868, 0.8185916126711805, 0.6686675581114541, 0.6124820554886369, 0.7980542932363027, 0.6340750791989003, 0.7074726232845229, 0.57414183872309, 0.7173617759107002, 0.505977014465259, 0.5157777177131504, 0.710049362901896, 0.5366492221642071, 0.7733366878573106, 0.8277818351844148, 0.8765280481378045, 1.0000297061536876, 0.8531611888096047, 0.8911820237364627, 0.5785918538621986, 0.4559588425099914, 0.4140624970574473, 0.43899868683548576, 0.18529468142964053, 0.5424747748302465, 0.43596175360182216, 0.39187121344626685, 0.34574893682110686, 0.3801488666007128, 0.39962763587367983, 0.33687984099436497, 0.36008123590576363, 0.2669711042541633, 0.4136414361691968, 0.41732574671108824, 0.27807204697789745, 0.4768740874752091, 0.4381355544992697, 0.3100408728423431, 0.6294738532638914, 0.28030528428617996, 0.20405834098819045, 0.3215530711391776, 0.2915147472183187, 0.37481055428741306, 0.19915276607170332, 0.22369771816835307, 0.24650674563905442, 0.2972764525629572, 0.44930771728539004, 0.3115617264981758, 0.4223388508913705, 0.4572560961256286, 0.2446496645756128, 0.3195081105992189, 0.3691869601469719, 0.7684350155616761, 0.7503286628799668, 0.6209631021233094, 0.6360127135911322, 0.5616858435355776, 0.4159108235442139, 0.6192348191569748, 0.6001334760703427, 0.4150521483613458, 0.42606436711635537, 0.4492914161475515, 0.47728301387798266, 0.5201097458569465, 0.4206195333605643, 0.5678460295040629, 0.4969746593189467, 0.5232245310509581, 0.6980670904632924, 0.5907929694133347, 0.5649249249157253, 0.3900039690513621, 0.5158553851702563, 0.7228956306105034, 0.5461642719373517, 0.6271237168749579, 0.7818060414775988, 0.8091490879113138, 0.8418689012466384, 0.6906457453628123, 0.7504637489090681, 0.6196519348125128, 0.7938982260839941, 0.5270140601188725, 0.6598078243859169]}