{"T": 227, "min_window": 29, "significance": 0.05, "n_simulations": 100, "seed": 42, "critical_values": [-0.36110223336741154, -0.4560154210452896, -0.2814073493142735, -0.36349043778729473, -0.21196664754537112, -0.3259014635277383, -0.44878011870264123, -0.13000272122966455, -0.06556051826581998, 0.14612461702802992, 0.24589193284704258, 0.22342947089249396, -0.04788126297249479, -0.17161805741397254, -0.1700286546391627, -0.012853746813418726, 0.10467010237609953, 0.08806318249227423, 0.17724892291049107, 0.10426781721610032, 0.07141954258875523, 0.13711457988766496, 0.026673989310312073, 0.18748339843959103, 0.34816612323225443, 0.6699076727869737, 0.5564624515445152, 0.29390411347005213, 0.2999276071796813, 0.47878088560475435, 0.4616489294493315, 0.64911928496448, 0.4781052591566517, 0.4487609809403116, 0.508714545145514, 0.6804090650040269, 0.5805974930116902, 0.5443109311220873, 0.6264555675375472, 0.6901611980967564, 0.7472880016272845, 0.705683704082153, 0.6894968478522701, 0.4847344824575229, 0.4810732739526977, 0.3394092375162709, 0.40376821567583027, 0.3439899771828577, 0.5117937422298631, 0.5526667862266292, 0.44882205679628073, 0.2349686787195414, 0.27189782756748065, 0.25340055284930446, 0.6268050537566399, 0.5686171614730572, 0.48749128462857133, 0.41641709031618135, 0.5442471923624737, 0.5081002735456809, 0.5116773460979036, 0.5132137835756807, 0.32948181593129444, 0.46828232806393705, 0.4849850701421705, 0.5638229764840099, 0.5639600654286869, 0.3187805992910434, 0.5010623351267189, 0.438317089329176, 0.30873469872321924, 0.4803559163170855, 0.21339337164135222, 0.2060422310065422, 0.18040578533887447, 0.307066865228406, 0.36894191835367146, 0.25576185531157064, 0.027628042610122264, 0.25242702077884244, 0.25989113679229575, 0.13902769455523703, 0.14665003757476303, 0.1200444517956438, 0.26063661677112776, 0.20340479192909797, 0.14158193305522682, 0.14104164352571452, 0.37797088955041946, 0.37322008396724465, 0.3217848247781383, 0.41221209235391937, 0.4782225228674913, 0.532726722433238, 0.5940390702727858, 0.663151360307486, 0.5119047606282694, 0.6527099740549331, 0.7702451614470399, 1.011974422500675, 0.9106938726780522, 0.6853089048880332, 0.6066410255579416, 0.7425429956918028, 0.4767613324902284, 0.6625931614797418, 0.39139104840652844, 0.4824651920806267, 0.3601340566442713, 0.39567954023183627, 0.5569832656652492, 0.45513205586382804, 0.4565146282973401, 0.38483209226521276, 0.4322228497946279, 0.242753898149686, 0.348875893147597, 0.31328523047569995, 0.3782601591671824, 0.3956245032400822, 0.46150582425104636, 0.5689979122641031, 0.5121016852728998, 0.7137749661374496, 0.6929046951703399, 0.6142770542252701, 0.5206788116322034, 0.5922410398459681, 0.6658280226273736, 0.5097548929915708, 0.36401326154440733, 0.3386689404229092, 0.6125186476371077, 0.6880461033384776, 0.5115971021338774, 0.4334676805282486, 0.4067965370825046, 0.3712959243761153, 0.2990283775110505, 0.33125738146363787, 0.4241037513491508, 0.3803477342254211, 0.400416969009698, 0.4057640692970779, 0.3910507361065988, 0.5936822518809298, 0.5105997986854696, 0.38927576355818405, 0.3386466096284624, 0.5389785377264925, 0.4700434805737338, 0.469544994977178, 0.6968729787678455, 0.6413009308364096, 0.40313731883684295, 0.23291378442323818, 0.31020135570046714, 0.3968908722087561, 0.4893044201264308, 0.3978295945685333, 0.6260829328718923, 0.6080804327284027, 0.47060749350864894, 0.4158695373008491, 0.4757353147849027, 0.365390015238009, 0.5344176743166319, 0.3439285154953894, 0.5979702194533446, 0.5812290862273544, 0.7177536813366104, 0.6309074678767088, 0.5977492407407489, 0.673869111821348, 0.6576985984002534, 0.8272017768869261, 0.7005711174836017, 0.5976839340679122, 0.6988052347571634, 0.5747590087550606, 0.6876827270279775, 0.7719034726531628, 0.8308346162264145, 0.6648920009183996, 0.713643516291299, 0.5885898793319172, 0.8143208458895399, 0.9465563060011776, 0.6842019628582904, 0.5578025440270283, 0.7161768455246663, 0.622228677348284, 0.5903825208753106, 0.6883976704732687, 0.44525715660227033, 0.49868854601941776, 0.600493753336312, 0.5930150114343253, 0.5531914679586623]}