{"T": 228, "min_window": 29, "significance": 0.05, "n_simulations": 100, "seed": 42, "critical_values": [0.06220577216467729, 0.19702342645049167, 0.019704038745759375, -0.05463537201661066, 0.05565871107954621, 0.14028822736517108, 0.08526870987223215, 0.10343640540817636, 0.1896808386505866, 0.06521122468453856, -0.027822100231564166, 0.21906731812091532, 0.10582339274303729, 0.15120504042833388, 0.05546910586115648, 0.19487790961747387, 0.36761764552357873, 0.2689777357149353, 0.3301291222061173, 0.3330485978444149, 0.36972917650544906, 0.43561620030399467, 0.25621686663610826, 0.4108133073993145, 0.4778563428171757, 0.5333009645934949, 0.38821900918128127, 0.5069364738099167, 0.34096164793315503, 0.2091645190145808, 0.4427154624471141, 0.24164566606486873, 0.2831217164773698, 0.2392843071244336, 0.14576821082481003, 0.13934117832632428, 0.4482004892488673, 0.4322758989362554, 0.48780334487083143, 0.1691287452884128, 0.401356458093471, 0.23079438927029425, 0.21033193347543835, 0.3349276586759054, 0.12124037387184071, 0.25430307332111257, 0.129085357174809, 0.28577512807280897, 0.38769362344036695, 0.09065232388414529, -0.02117083603502279, 0.16822483319978979, -0.014655188383221628, -0.056191674162335364, 0.10850177002798551, 0.3307494232714806, 0.2675389143618466, 0.4326516261262783, 0.5343192490061446, 0.584042850725521, 0.5242510019399113, 0.6184662585882591, 0.6860483226461704, 0.4520421102832243, 0.32180132209570056, 0.3564054907190872, 0.3021433688025831, 0.3600320822731977, 0.15058362624386887, 0.11896896544220072, 0.25627950179357845, 0.5742875708700822, 0.48286291665691183, 0.4345321302455249, 0.4184436229433844, 0.3690591313212216, 0.5120015126472449, 0.291038506047806, 0.4451366156942381, 0.3350923049573312, 0.32020068931855394, 0.3164213990552108, 0.44139434565875035, 0.5478060733033955, 0.32888569606148393, 0.1350941970088077, 0.41596685880518663, 0.5730133281652529, 0.5563662499688492, 0.461435883552515, 0.5471413747731115, 0.6103491347942204, 0.7567518853272688, 0.741769984992241, 0.5925159982167947, 0.4446787418214331, 0.3996500839566102, 0.421885967785778, 0.4655212160813144, 0.48364079225903567, 0.5511982732166617, 0.5420824986410783, 0.6310696742333228, 0.5898488880338887, 0.5119148328004736, 0.4506565842962763, 0.39198726315649546, 0.423399881150417, 0.5778994201136285, 0.507001417119484, 0.4346694592289103, 0.3276711388382732, 0.4387716180952617, 0.2945648768040341, 0.5078184649029704, 0.3668792708869887, 0.220242790572775, 0.3208881152267701, 0.476682321659311, 0.3186451991891733, 0.27640132135916606, 0.15035061836800254, 0.1424944911128151, 0.1838738115590855, 0.1809215998456369, 0.23287842776362316, 0.48464963693493596, 0.59325535054229, 0.6274920972428624, 0.5105774598280084, 0.41499203175375887, 0.3322548450531957, 0.3978131650894353, 0.5288186290785603, 0.5828718655735333, 0.3823146571366695, 0.5263567222384581, 0.5113778111949626, 0.3669894757689556, 0.3461052023455103, 0.6694987526742238, 0.8617722470794141, 0.6254400110958256, 0.5280885414783806, 0.6588144422818022, 0.5601633796723007, 0.47781939575570764, 0.572902233535515, 0.5679518009594302, 0.1331767467872409, 0.16481818569321083, 0.5749550398252695, 0.5548575540296612, 0.5003147090562154, 0.35785641045697403, 0.3541818804424902, 0.5773911964572894, 0.6675234167664026, 0.5864458523043425, 0.47870406384554803, 0.6581453403478926, 0.5924634415633341, 0.6362955672080695, 0.7395832440910659, 0.7905244965423882, 0.7918722445005734, 0.6930521529157009, 0.6416053465577278, 0.6737827660871984, 0.5918711362136803, 0.5602311065137286, 0.6043596066953126, 0.5747849005913026, 0.5770406516218557, 0.5683429921956448, 0.6342482338941856, 0.691437841178574, 0.6752623902057601, 0.639089575262655, 0.8426249464410523, 0.5348823766166783, 0.679572495817582, 0.8088395698556059, 0.7862382667808167, 0.6794570264674233, 0.6021574535519977, 0.735098662198551, 0.5775305901053861, 0.5449794912279773, 0.6871193506905179, 0.671192224025278, 0.6053909559743521, 0.4834170446163569, 0.4845642838358928, 0.515542135972235, 0.5179640232495898, 0.7595727289325246, 0.6144703709709165, 0.8165212465940735, 0.8015059851294114]}