{"T": 229, "min_window": 29, "significance": 0.05, "n_simulations": 100, "seed": 42, "critical_values": [-0.29901384416563953, -0.14542190849288236, 0.12332878800142079, -0.36153221884746395, -0.336296233721022, -0.0853602891127559, -0.1631394247265291, -0.08169240194024446, -0.08629182706554324, 0.06930683952958949, 0.23130226117542363, 0.09466837550039076, 0.08752221256548422, 0.16812543435177732, 0.12588795866552663, 0.006101557867938494, 0.13563305500775413, 0.213210291142221, 0.3195713518452891, 0.23649646294858162, 0.3123464366547781, 0.4021698870366234, 0.40531082232627197, 0.25416413626455137, 0.39018871241345465, 0.14085524908933583, 0.14862620651604036, 0.23029040480497764, 0.20901951047410092, 0.19001035153141815, 0.15675486326765642, 0.3270242360695065, 0.5765798632702377, 0.44696905422278127, 0.4246134304495496, 0.4431015413217565, 0.5410410476680731, 0.38840591725959994, 0.3394248089881874, 0.2758561970754251, 0.37929172322429555, 0.4001582718295199, 0.40029190446581586, 0.394419228326926, 0.11820080093222461, 0.33214640408467766, 0.4459542206075386, 0.46975660345592873, 0.23693122769580022, 0.028298244426402115, -0.014713171059606348, 0.17665331981860521, 0.2988103460350732, 0.2522733685842341, 0.27529790318461406, 0.2086923945756876, 0.41467985835798427, 0.42421522642727655, 0.45708662800977945, 0.46364194124425645, 0.4183399023817732, 0.5113051325352838, 0.3239631034025066, 0.3167805655540304, 0.20286440939783723, 0.2637448904228136, 0.49917674533629797, 0.3426889134144372, 0.587501612375821, 0.4814555324899024, 0.5837799593012185, 0.5264570580552234, 0.44400480701361766, 0.5677727031154421, 0.3504631362109209, 0.3030652953420942, 0.49463712026096335, 0.5768530149590689, 0.657962871092566, 0.7522364502293236, 0.6282381423611, 0.7447739045645331, 0.511169651515438, 0.2778825288997617, 0.26466067484763495, 0.37329942599572535, 0.3530012115159181, 0.33657650602799, 0.270412687757988, 0.17479157401799283, 0.2121920035177054, 0.24260556822248086, 0.31370253956308897, 0.30942329244571226, 0.33544637573307223, 0.341568771496823, 0.44253992849726176, 0.3706894996486661, 0.5008134327295355, 0.4495423753296541, 0.3467985731241952, 0.6254994186857346, 0.39218505979577395, 0.49185062509127164, 0.25814421997417736, 0.23804216961199268, 0.5765346967308392, 0.41557945127932117, 0.29055629058894733, 0.33986719359474155, 0.4093207272123754, 0.7151466404347653, 0.41735631253589023, 0.40641536631917335, 0.3132670056481956, 0.6115190301607167, 0.5253003083839056, 0.5565512879569039, 0.3401818273062972, 0.4436952718667065, 0.3992262927270672, 0.45696193253463574, 0.5129829310424343, 0.5801752268233206, 0.5344258121767343, 0.7103320425549902, 0.7052837227205436, 0.814691023973754, 0.7145919400589092, 0.6549406774520791, 0.6180295428680003, 0.6834768348775407, 0.4010746194850576, 0.4519155393634762, 0.5034448466566107, 0.5913105156274945, 0.5416350830558607, 0.35387648767398483, 0.6453660877629082, 0.6371990290125596, 0.37334960426918407, 0.4266213217619439, 0.32639185120727193, 0.2667498920627808, 0.40203065573906044, 0.45806284226180455, 0.5250006887463439, 0.5759347047771599, 0.7152689865619372, 0.6031879854388379, 0.8642243446292905, 0.9193797501345594, 0.782194924619444, 0.6225343793353536, 0.6745622154480028, 0.6233303674545145, 0.7014217897342545, 0.7453738172170145, 0.7633436204078299, 0.5746594959152097, 0.49720350789802775, 0.4419920898687556, 0.5383770968166677, 0.4497029747864081, 0.6127625284776529, 0.5037317399379407, 0.4518772690476797, 0.46688296683366215, 0.5566421895921458, 0.4481601988364053, 0.4289821581723081, 0.648588824981986, 0.5903469771223967, 0.5827711259841438, 0.6886223691445106, 0.5055132375334543, 0.6021620019366384, 0.5622385607529743, 0.6912874517415124, 0.6701050028164344, 0.6825180605406473, 0.8039910542404008, 0.45376487512888236, 0.5562339384302041, 0.5070217866438489, 0.5444778730874993, 0.6821504833426545, 0.7810325778285604, 0.5796826838585434, 0.5434776414679572, 0.6774486479241588, 0.7479800524744609, 0.8010982256464585, 0.7081898291411659, 0.5790883333380443, 0.8200535621123508, 0.6355107686654455, 0.7303996959772718, 0.7078560325154029, 0.6191132256159348, 0.5940630940283266]}