{"T": 230, "min_window": 29, "significance": 0.05, "n_simulations": 100, "seed": 42, "critical_values": [0.13279803028078074, -0.1853817486582113, -0.09622025970135738, 0.29973426208069176, 0.21864559457273683, 0.5280607158499067, 0.3256148701268233, 0.27045059234481306, 0.25631729843215983, 0.3877453288388617, 0.3461190906716801, 0.4981966822256372, 0.3670264076228036, 0.35409370229214476, 0.3219432758377156, 0.21700274907818842, 0.3153876904408821, 0.2534589782405214, 0.09016420093495982, 0.29428988284620516, 0.14837097132793095, 0.14148699920786414, 0.32349067201105497, 0.16025176678717756, 0.1832136577910868, 0.2869174534128978, 0.256091568481626, 0.201757440736215, 0.35531626458323734, 0.2493970100276582, 0.14886112522419426, 0.08144301774232705, 0.14428073340404327, 0.24301412804799782, 0.37490671381649815, 0.40892667400699323, 0.29815984197511686, 0.22529156226574307, 0.25631552921330014, 0.1379356266359588, 0.14192188693576774, 0.20856699262482775, 0.05560125614061203, 0.21873689965094503, 0.3634017587080608, 0.3405232008450821, 0.3297825978301651, 0.12850596026539432, 0.27705138539636603, 0.3750462104825912, 0.4832101606709712, 0.4618893422935928, 0.27604422022979436, 0.4890871307870414, 0.6223804449261274, 0.37732878338329545, 0.4888193172479294, 0.47221595047768294, 0.44651417785905956, 0.297780547170016, 0.3098995189446835, 0.4217852987023113, 0.30935570936439655, 0.4152544455278677, 0.32726395709077655, 0.5103071554615061, 0.17559919948019667, 0.3053467192894698, 0.07752678858197477, 0.2555659919792793, 0.27176368447617383, 0.32836959152191375, 0.3232421426766307, 0.28739081883557455, 0.32849232146631574, 0.5318111209308515, 0.6315136057433715, 0.5756842245318042, 0.5595479149036353, 0.599843477297366, 0.6735003702290765, 0.7348603260418385, 0.2617056469382328, 0.23815400859219615, 0.31184872217333626, 0.38782749882173545, 0.17586134098342443, 0.3168736605239836, 0.31621412396032084, 0.32364928356791645, 0.5142737515553601, 0.5770777462682443, 0.8674352730210924, 0.7821351162369914, 0.6626844187079258, 0.67513704686432, 0.5103844349411925, 0.4881435474189751, 0.5537172009151486, 0.33007276069411745, 0.5674771911942965, 0.4198627891209872, 0.4858098691284434, 0.698400680739588, 0.5126882382533203, 0.5010099122070846, 0.32577202736692423, 0.3881779951530215, 0.4770548438959381, 0.38644325558305215, 0.24419171772384946, 0.5089020072982476, 0.46333181297679166, 0.48272408991408383, 0.5931411710779895, 0.6602693822566579, 0.8208494166668509, 0.41405649606970985, 0.5966207763377986, 0.6509219161821104, 0.8284185753293787, 0.7122124895762978, 0.5804766703783832, 0.546290821596529, 0.5891062112011289, 0.6464515124111301, 0.564853556740519, 0.3924054892510253, 0.5600674723979902, 0.45627241941491825, 0.5165248338478134, 0.6608208538932581, 0.532548564788346, 0.5757227939736832, 0.6880118667688012, 0.6759041261268681, 0.5958353167242059, 0.6564523263776832, 0.45213772549077125, 0.39132374904633477, 0.47913122918610135, 0.555544016595826, 0.49774388815657833, 0.4129102858013293, 0.36147752218559515, 0.4104222616516276, 0.43630208989121216, 0.4772501601791563, 0.5724934535551649, 0.49811773561658035, 0.2940026384383826, 0.560946880412049, 0.5637313119323812, 0.5933326490510932, 0.6189778013283137, 0.47420110314667013, 0.6636732680847196, 0.747943806358303, 0.7322910023085561, 0.9410087062800697, 0.4747530148986651, 0.4940913551252652, 0.5256387659436219, 0.4430307845335234, 0.536168576793126, 0.7703150372350875, 0.7707431433295497, 0.704968004238181, 0.5957055808734667, 0.5743007710301379, 0.6348441423574869, 0.5736812432455874, 0.5136168760443098, 0.5737934996794746, 0.6792217498864899, 0.561117479014451, 0.6821805229676675, 0.6644364032228303, 0.6599635340865972, 0.6775122906102922, 0.5790555589930886, 0.7295188157252782, 0.6312904827438444, 0.6968100565085896, 0.5130062577135304, 0.506213450296202, 0.4973542123396966, 0.6366163313963893, 0.7024007402842469, 0.38389214797401144, 0.4787169856902095, 0.5111242870962115, 0.4673538581489207, 0.5910551008476216, 0.5842323794659762, 0.3852345280536781, 0.3172292380128907, 0.39109419111617494, 0.3211994427480826, 0.2561699126798086, 0.06602052789079357, 0.17571479342125873]}