{"T": 231, "min_window": 29, "significance": 0.05, "n_simulations": 100, "seed": 42, "critical_values": [0.0013941928144171846, -0.20996123771793224, -0.16029360016141256, 0.012491944381370915, -0.10491495163477334, -0.17174635465124755, 0.08519458105199862, 0.024837903854600503, 0.30808291436210006, 0.02898227065674987, 0.06595960771668181, 0.056239739877444156, -0.011755151966548166, 0.1934547352370062, 0.224526599968611, 0.4850947126470145, 0.2574424182214466, 0.30251124134273466, 0.32051159593906176, 0.15337817264287193, 0.05728376769104321, 0.1394897245840331, 0.08100591828116725, 0.139116566300942, 0.40551198156334706, 0.04658959280797396, 0.2232183226515523, 0.3280260548145951, 0.43059448631600916, 0.5228306203294858, 0.34423621409367033, 0.44178073132920087, 0.10552672529874915, 0.2728843893396487, 0.4800689704821006, 0.09613899377670428, 0.39127384885228855, 0.0713753530380012, 0.1302283911355959, 0.36013425880918065, 0.46458892360052584, 0.19545590732976653, 0.28107024466112746, 0.23750681403994847, 0.3402080975660258, 0.030002395606194505, 0.1417467108259767, 0.1995944969661026, 0.29241759093814, 0.07934895708812123, 0.2440512988095637, 0.060226704683670744, 0.1037861982070043, 0.34431593751569306, 0.4886416364209036, 0.5732451582207505, 0.7695096793763728, 0.5222396736455137, 0.6102792763020114, 0.4630922165275283, 0.511469462943169, 0.5076649868224463, 0.7574315587615618, 0.6283954214191636, 0.7201437815484584, 0.738826444884878, 0.5238911864734764, 0.3856616128836217, 0.3462558349914482, 0.376792360789858, 0.4458364120047392, 0.47921985198992345, 0.7250782150793648, 0.7460522168971941, 0.6415846082977014, 0.5773820617432343, 0.6683194113479212, 0.6171033018402159, 0.5947604910704115, 0.6484628055284558, 0.8652269180996235, 0.7485590118721858, 0.5741944203116479, 0.4502233707054042, 0.7201785687045028, 0.6750145256550281, 0.703966487462151, 0.6358097491243125, 0.6047747713874209, 0.6313721026587139, 0.5794816500414935, 0.677231651804205, 0.6225038360601334, 0.5187058639343318, 0.6326783048654118, 0.44129237390029374, 0.5648374974430805, 0.46766223454425193, 0.35539720498619026, 0.29889313573172493, 0.5721556046829307, 0.6583970301841214, 0.8236774373449036, 0.6259532611395936, 0.716843160829909, 0.85669143510287, 0.5129924835793045, 0.511400621687886, 0.37304277920697365, 0.4453256722179097, 0.4459071409200796, 0.44358913335651085, 0.3860334147308655, 0.2636283585979714, 0.3267835738661043, 0.385495341146946, 0.1880814887906871, 0.3019945029946898, 0.18315633527866015, 0.4166026107117259, 0.3754163391946914, 0.37812449833580597, 0.29615976083964857, 0.4008651534113586, 0.3922273824319415, 0.772863507319409, 0.5337678347373743, 0.2681326965113407, 0.14413928842621232, 0.12492059279704082, 0.34806476367177447, 0.29258368544588587, 0.46775322371747796, 0.2756874530586903, 0.5833409006374832, 0.769538160825787, 0.6425784257684755, 0.5270616178693819, 0.4964443079965904, 0.36944158125788773, 0.229117992892309, 0.09625347296393617, 0.1352617159397127, 0.05282165602691127, 0.2088227759582791, 0.3310000036921481, 0.2107717499192854, 0.4579387122628103, 0.7204672846674833, 0.5243382038696721, 0.29205823792979485, 0.2145725310535678, 0.22808077640461705, 0.2880588529878539, 0.22267461185713225, 0.3618107176668131, 0.335833864610202, 0.4519896802251823, 0.5979499330663995, 0.5165126597943638, 0.34786801879009843, 0.41826973425096353, 0.3962901135360068, 0.5369112877309239, 0.4023169855733686, 0.49208547229915467, 0.5735958029994955, 0.3937732028540409, 0.539502581824149, 0.5167905883325906, 0.46066104936874525, 0.26462339219295933, 0.3599568247773129, 0.4686729248566113, 0.3724278836906912, 0.351722075375605, 0.3707000708005702, 0.46498595769525425, 0.6337572210267619, 0.4596268850812006, 0.36583940702977974, 0.5498257136499723, 0.5100477182646541, 0.5544729951700251, 0.6017499502392318, 0.556504140607085, 0.4765495552666269, 0.6358664487177553, 0.6073321205979834, 0.7291613275503452, 0.7525478042992738, 0.8659966157220932, 1.0065279291260265, 0.940509984795095, 0.7310404907835485, 0.9352074400783572, 0.9810257946382478, 0.8541850850103766, 0.67459321183025, 0.8016573939472658, 0.7935692426955162, 0.7042206206704619, 0.5348066313303445]}