{"T": 232, "min_window": 29, "significance": 0.05, "n_simulations": 100, "seed": 42, "critical_values": [0.12864230555699582, 0.1709551563126188, 0.01939164863263003, 0.10679623890272782, 0.24372643067373206, 0.17465970110617776, 0.09207873901666083, 0.3537893471798077, 0.3300842118226553, 0.18874976416698352, 0.1463928664248376, 0.12796323964449688, -0.06642277181692409, -0.14474973584219947, -0.030653244543402153, 0.04551358257794555, 0.1325445645381874, 0.13374793859756626, 0.2586099683898356, 0.4200632185986582, 0.15430257565441627, 0.20944721001033018, 0.28623542423293014, 0.14186867187353114, 0.1574191337419003, 0.1722957220649079, -0.0932902505618379, 0.26740708045561884, 0.39380551570971845, 0.30867787391979534, 0.19392923121449746, 0.07453329561577896, 0.1606942669426105, 0.22647670614684232, 0.4271044716619715, 0.3353401494132371, 0.2890115272129683, 0.3013512635435546, 0.4857811717627086, 0.5279136819837003, 0.4667170946891878, 0.5807855470399775, 0.4943422145796057, 0.6823743964963154, 0.5268277933020027, 0.7808321348012829, 0.5592580896653035, 0.6719163328203853, 0.5933856614706075, 0.5994356833137499, 0.6420499244330999, 0.45515591495517527, 0.5662712607716165, 0.5554988060953381, 0.7217636460751825, 0.7271924603492933, 0.7221026113428883, 0.6542757504364616, 0.42806203541576454, 0.4279944207607821, 0.41177612377816686, 0.7106856613414186, 0.333356350939838, 0.7254070194581628, 0.6623546548345449, 0.639333829690071, 0.46444118095397846, 0.6638378118526882, 0.7141502641143188, 0.5329388452597865, 0.6165225133980872, 0.5166634994946359, 0.5632619274046898, 0.49922854051216237, 0.7027494425150648, 0.5774442660140078, 0.3177569335796444, 0.3797883529670487, 0.48494131783359445, 0.7862812286234415, 0.6148068947707976, 0.4720426417659769, 0.35168608105947596, 0.4472594601242998, 0.7124964490995264, 0.4173444224549141, 0.4180177881871189, 0.4254710471360199, 0.44570788227430075, 0.39913810242048503, 0.4672246198809964, 0.4132847844840091, 0.44668716830122984, 0.35911716674551536, 0.36889442228962077, 0.5255637738329452, 0.45538510617588507, 0.21859669549214242, 0.5140420528839226, 0.4499734106556855, 0.3289392746061677, 0.45195675715669487, 0.5088620014160513, 0.5419114691930618, 0.3905920974117168, 0.4212183289454902, 0.3280069007769555, 0.26878315281460863, 0.19796350451088526, 0.19788233071853398, 0.3473059286781392, 0.28782324853858565, 0.34104251629891824, 0.31378744507356277, 0.274423225301953, 0.46617733893664326, 0.44480088806773005, 0.34750959636415113, 0.3636574424307998, 0.21661183307086812, 0.12215113289954194, 0.14634268797456934, 0.2728392750205021, 0.47320408428113503, 0.396323609583081, 0.23700809686672478, 0.2601248070209888, 0.2653534111235035, 0.16320546024051213, 0.25242316257689973, 0.318697391623051, 0.2763068698177103, 0.5007070543911675, 0.5868816622037337, 0.37205679555735216, 0.5489344012457849, 0.5241598395657873, 0.4827531902268935, 0.46099775751004074, 0.5467959058313907, 0.3362414499234938, 0.368307759163715, 0.27903776779354283, 0.337733552884355, 0.401252315622734, 0.5756377702066973, 0.4159962013372973, 0.5641530710921427, 0.43913553394866367, 0.5370556504282833, 0.5604083033011988, 0.7349140923000828, 0.7688060306141398, 0.6216213040205568, 0.4963056645312402, 0.38354553436729527, 0.6689675715929063, 0.676545327993864, 0.6944803171929858, 0.6817160818860316, 0.625942808755497, 0.4110392919394363, 0.4954567479697564, 0.46475609394673945, 0.36777621755610057, 0.4625490436830111, 0.34226723503663065, 0.24119536616264986, 0.27867284142873633, 0.19703951306625558, 0.4556301298733422, 0.3943869966351653, 0.4081398831343719, 0.25969768035824764, 0.49683826330270014, 0.41066587495050627, 0.40288532820529843, 0.4577818798198992, 0.36533569430956825, 0.42490362683021965, 0.4345120330046, 0.3164360588860611, 0.4784008673034843, 0.5108427581426558, 0.47172480941553474, 0.6037053198162983, 0.6403925683192738, 0.6069130457690018, 0.36983072096979136, 0.29602012500715463, 0.3237226692139056, 0.4990768437221605, 0.38807097936432355, 0.5557973316060638, 0.35266417318342813, 0.6820789643564323, 0.5960855890893281, 0.4179100345573705, 0.42901495103078036, 0.43533144954557057, 0.46258316366017543, 0.4318144439236901, 0.446848480663745, 0.3286752389161443]}