{"T": 233, "min_window": 29, "significance": 0.05, "n_simulations": 100, "seed": 42, "critical_values": [0.07222247586157673, 0.17542510371957104, 0.32217831072221503, 0.43861769488190494, 0.3588365885515237, 0.2397110624338746, -0.07150283797783594, -0.06006487393471542, -0.04536373530898415, -0.25915737814092465, -0.2041084591854573, -0.10935359138870326, -0.07512662533321399, 0.03417338737564788, 0.012748590744850716, 0.08477000182241234, 0.37411109152198146, 0.31890623834568066, 0.349682260485037, 0.21074868756916076, 0.24185101552938637, 0.15579219622696594, 0.15433570000163505, 0.2689029840431981, 0.2533319620597969, 0.32692867199815245, 0.2876994424222653, 0.4047566349661016, 0.31643624453595787, 0.4556736336480201, 0.3020856236188173, 0.30990520485049133, 0.5374830273981676, 0.6330239790211124, 0.603753719613363, 0.3486931691236524, 0.18297041353163918, 0.24348958448322827, 0.15921534586252495, 0.21354615900653592, 0.44117350114150133, 0.24771761879873744, 0.10163030448192577, 0.18720821131959317, 0.36906915637417953, 0.35655009810386556, 0.2900293430467671, 0.4247547936351224, 0.43015748070006665, 0.5468311132851508, 0.40451342160338205, 0.3389146697657152, 0.2537135704342376, 0.3002110264002183, 0.5928112654646426, 0.6405912004769602, 0.5451451461092081, 0.446089947671324, 0.5782628725359168, 0.8154783321518607, 0.5900802102510543, 0.36673575939165937, 0.5980050977292052, 0.48591074367791687, 0.5453651317288216, 0.6046283300284828, 0.6097779403856715, 0.4970132723233244, 0.49467977627087656, 0.4593165385794537, 0.32509080258192824, 0.3277104414033366, 0.2872891001645636, 0.24196547605093804, 0.2587717131529271, 0.11680842748583457, -0.09298590721603735, 0.05292597962535862, 0.06665467713491464, 0.0901146170628822, 0.14626539413052475, 0.02673776240733819, 0.022621728746861306, 0.005938441184696342, 0.030255878598437126, 0.018356049770990944, 0.03664418637401634, 0.05390773578790143, 0.09575009193036842, 0.20879702244222734, 0.327503691625573, 0.1767817514270462, 0.15825948329599818, 0.11991255377768245, 0.20982668045097053, 0.3770847026854722, 0.3171006847069923, 0.22276383161367344, 0.2428649977397218, 0.44555221667584477, 0.38807859960791924, 0.6083862282958906, 0.582600715470958, 0.2786945643441998, 0.30149274883847565, 0.3663815554299745, 0.4124797655574341, 0.4490341990469708, 0.5902252304257138, 0.4970044989163886, 0.5799158398460879, 0.6115668478797757, 0.4350200250516553, 0.2977366538255168, 0.34883372112672695, 0.4437286043435823, 0.5038361155430161, 0.7627823170542946, 0.6061466148474248, 0.582695720566364, 0.530503034668526, 0.4765916842227412, 0.2808229211106512, 0.3708441149091309, 0.28737381201235224, 0.3618507704376252, 0.20433734926972064, 0.27898868378397046, 0.3662633067999895, 0.44352809355848527, 0.4244252740463118, 0.2957133073188254, 0.2876738985770741, 0.3149715101508911, 0.26726816853843427, 0.30450974452833224, 0.12399976282823395, 0.11374321010518594, 0.2557345076731931, 0.2866326420228572, 0.17761734068995383, 0.22102350940757715, 0.38986753645505856, 0.5089087760243495, 0.5707654239997536, 0.6394148416242535, 0.5934621608072901, 0.55323862870785, 0.7563704616774457, 0.6177656873594265, 0.6876512594895369, 0.3902767900759967, 0.4278041766261547, 0.3242713598944825, 0.36835755438906886, 0.4681236769986632, 0.2816768753913519, 0.5400240059001752, 0.4473675246960119, 0.48834543601316194, 0.5552603425704984, 0.3735393505148678, 0.531102859629654, 0.49767106814548795, 0.6642064208302925, 0.5264512554242584, 0.6719469613440825, 0.6880079035854625, 0.5127495591482196, 0.5340948117784836, 0.28913373832589, 0.44261505124099476, 0.40992160339619055, 0.28139789124824577, 0.36564449287575734, 0.5538396094637046, 0.4018272986246001, 0.5858825887648204, 0.4825866949232937, 0.5823684074217164, 0.47166658376276754, 0.533997075748661, 0.5302005961597903, 0.4482836596521026, 0.52723810824519, 0.49684190746296303, 0.48887132348928064, 0.5007381516618413, 0.4347095123184508, 0.5845743272452638, 0.43996626713819803, 0.5024986550282218, 0.6656326092477278, 0.4940402759276716, 0.5673822167600892, 0.6414430710269992, 0.7277150759043923, 0.8322159664018582, 0.7435156397814031, 0.532314022177418, 0.573968869207752, 0.6377954625118809, 0.5419437810816712, 0.3770586504632347, 0.5293849663430269]}