{"T": 234, "min_window": 29, "significance": 0.05, "n_simulations": 100, "seed": 42, "critical_values": [-0.11607850029939906, -0.18856033594162414, 0.12409320969678188, 0.011556241964907267, -0.11361217612577237, -0.1450037314360724, 0.055633262959407535, -0.01372743216370163, -0.10853963603994983, 0.0640531672703219, 0.3826594260048861, 0.22208184505313916, 0.09257251609902162, 0.13703967771863176, 0.13464943333867624, 0.5891566817355471, 0.4009211750730918, -0.02976227874527283, 0.14702405237263225, -0.06539766355310028, -0.020417784157787677, 0.0984832363348543, -0.010310019378816702, -0.05142629517659421, 0.09760564523543357, 0.034682260009471846, 0.3235271724741528, 0.19523254078626764, 0.032215142307161264, -0.021893105124103508, 0.3134985444874311, 0.25263502373725677, 0.3850951953473289, 0.47606544778100945, 0.38643399682976975, 0.21859071117756262, 0.057343937385284295, 0.1374761619487194, 0.10066118667848177, 0.2778096902304885, 0.14028270606742363, 0.42124216947164567, 0.07468345678417368, 0.10492525299389212, 0.20180141609264168, 0.3272382852114679, 0.2996193612280937, 0.31086217758362794, 0.39524189629850487, 0.6131049868789678, 0.5832106660223719, 0.367773283229174, 0.37812886049792727, 0.45746233154998883, 0.46175307241265606, 0.4659363830384596, 0.2159709522665879, 0.4014100512771094, 0.39192835724000763, 0.564039129319607, 0.494851971805643, 0.577843123428194, 0.25503856157363997, 0.34241271054958433, 0.17530343883514526, 0.2717368798803917, 0.1782294628517372, 0.3786224686169262, 0.3436985939924442, 0.4302206443764075, 0.2725138297572313, 0.3808084485785437, 0.35858392660689725, 0.09117460557909723, 0.3085677998555549, 0.12072819129038742, 0.2202569184067643, 0.23768310620866973, 0.19752970884122575, 0.1882426139283266, 0.1510207960775744, 0.18501245967249674, 0.22614405776833496, 0.3841592966309229, 0.16261922385444635, 0.5377152768544816, 0.3471969160171233, 0.2945203058653081, 0.14258462068582078, 0.14943370684500976, 0.3084960117216566, 0.30434875704212744, 0.2998502008643381, 0.30287002602053975, 0.45088081832242183, 0.4903380477359773, 0.5879769938734226, 0.717171436196236, 0.3839709315908452, 0.5250921448685043, 0.4124733515415061, 0.4308588315803586, 0.5855972277150747, 0.7086089290288757, 0.5203539456751245, 0.6304501350078558, 0.5134935787282022, 0.3945840599399872, 0.19995788964879835, 0.24727732401802813, 0.2345332492750741, 0.2800949547321632, 0.49890496768240883, 0.3116373507603294, 0.6104195675108484, 0.37253180289331506, 0.5503213573203549, 0.33675908984316444, 0.2762053395781996, 0.35771581460024265, 0.26716050281428516, 0.1882340571670816, 0.18528413654809708, 0.2442378784587748, 0.3907217613461316, 0.5189807936590666, 0.46339812155539434, 0.2874411730594139, 0.5084758347384828, 0.5403942216336599, 0.4273864701187261, 0.4701054618792762, 0.6766585292483892, 0.48541231115680095, 0.6577808829990693, 0.6883015150807984, 0.6951758778849049, 0.643584791983401, 0.7957573775325394, 0.5928156182266586, 0.5665852225322255, 0.7171129430133386, 0.4335419396169122, 0.4971873058223913, 0.42784902035484773, 0.49263846169152514, 0.2410360729713162, 0.21557312063157855, 0.4127948458054524, 0.46019207838977577, 0.4128395153020458, 0.5327981072046394, 0.4948391804183037, 0.4822299140859528, 0.5751154338270886, 0.6463104197464806, 0.5130981981295094, 0.4365497189237177, 0.48278948269544353, 0.429387749304314, 0.4557598584954361, 0.21702418086488226, 0.34019297197112164, 0.5132388797242141, 0.3674481375993822, 0.49253671087358836, 0.3621139385499797, 0.3861242230646995, 0.4400065163195807, 0.6253567202654768, 0.42856448726144125, 0.4311921069535547, 0.6644588822360188, 0.5371343020251556, 0.5009162932182907, 0.6607258118677077, 0.8685481047219888, 0.735418296271237, 0.6281111689944376, 0.6160001242205498, 0.8805790577379405, 1.0147138867892311, 0.8272036842535535, 0.9275621094959584, 0.8169547280562446, 0.817856007309792, 0.8331330235855366, 0.7111106528826815, 0.6434781569039303, 0.7880929333392874, 0.7641823745651114, 0.7762118095147882, 0.7228606582001236, 0.7086547826273796, 0.764801743093828, 0.9877815438553965, 1.0531440479982475, 0.896137983293751, 0.9694113808855921, 0.9511945875430744, 0.7911958363002053, 0.7694338970784249, 0.6726781941258346, 0.41680048129090014, 0.5541530536831675, 0.4546735076880929]}