{"T": 235, "min_window": 29, "significance": 0.05, "n_simulations": 100, "seed": 42, "critical_values": [0.173226834152632, 0.11630613777034186, 0.10317768000904036, 0.09207170676624998, 0.19078474324064745, 0.25716663963253655, 0.4189102199105087, 0.23118934951966916, 0.2773761243175629, 0.37627428130640234, 0.3700312406809245, 0.3696877077512683, 0.1622844021453204, 0.2055872546886628, 0.2425865270401319, 0.442289599989443, 0.5697110592015799, 0.2709727811193674, 0.3491284264811067, 0.6424754659264335, 0.49192503920207153, 0.5126436631420876, 0.48116794925777345, 0.5912903266316797, 0.604083133511517, 0.31837598225535596, 0.21399088563096605, 0.34323419484308515, 0.49298337318485225, 0.30954963308403954, 0.3076276920884419, 0.5078984563384095, 0.2727630230797341, 0.39035959670864306, 0.44608242207750387, 0.2136172140020031, 0.23418317964887703, 0.20786148763546478, 0.23572932534365643, 0.28475078315826186, -0.02872479989939709, 0.2956283828503047, 0.26961802071053464, 0.32758455931194475, 0.2937523920609253, 0.4250841641285649, 0.31974916242255025, 0.38936589631286406, 0.5280564133419123, 0.3913946759483442, 0.39335295144945104, 0.5063651007273284, 0.28544759112445617, 0.41811943954476494, 0.31563418798874826, 0.36726437058269656, 0.4232014810394001, 0.3269479555313031, 0.3363218329643234, 0.3307105456278658, 0.5161855929567218, 0.16711712458299025, 0.17330616607101562, 0.17278844474750743, 0.09464777095026287, -0.05032846977320095, -0.023810126021910318, 0.26189804408814915, 0.1174298253492085, 0.07850104260439143, 0.08300684691623672, 0.2445563666638667, 0.1362476162261084, 0.37917548357750497, 0.2584897455526514, 0.3915221573980373, 0.3191991865893953, 0.20798945818114312, 0.20480127174774226, 0.18384327552386123, 0.21826053831410888, 0.3635301766076996, 0.26869670076448565, 0.39468916734263537, 0.22961281966967484, 0.56171320186055, 0.7914109336797582, 0.5661138190800465, 0.5293700027586736, 0.5532348354605442, 0.5201097006754312, 0.5637811066556279, 0.5876479913521213, 0.7533479980087201, 0.7216586199117564, 0.9005726488953458, 0.741634024679409, 0.5267353775898854, 0.9403286981032614, 0.7783383065923258, 0.5790429920128385, 0.6027369032605512, 0.5653437809006482, 0.5606818185606701, 0.4062741532015689, 0.5461111782308121, 0.3506670259671692, 0.3107145610972058, 0.3892064564021313, 0.5826666901559884, 0.3753992887440966, 0.3692523557077268, 0.2939524978533287, 0.22596386000702076, 0.3446089330897672, 0.3411312995689333, 0.3522567900698144, 0.25204945718582955, 0.4261664337040044, 0.3250382123769334, 0.5200011569768703, 0.33263815601807, 0.3510645102686337, 0.41272070534780103, 0.21755525824184582, 0.38471526771260944, 0.5013349609249388, 0.8295985489386379, 0.739783581052566, 0.5964290664414331, 0.532093153217523, 0.4950796841798502, 0.33995097118876033, 0.42338742048182865, 0.6826084605383633, 0.5947108260168132, 0.6441324258603258, 0.49322560960356776, 0.6338447437566317, 0.6044933103251701, 0.5169995417154166, 0.5345528342822422, 0.4006225935726641, 0.5531131593630513, 0.5532628417425384, 0.7162244849930621, 0.7739132652782243, 0.6513199321804916, 0.5756045871501181, 0.5921442088639788, 0.6699043039576629, 0.5904736003483655, 0.6287871692185847, 0.5507556754420874, 0.5122098930622719, 0.5267796774166879, 0.6893163722673454, 0.7129960937954792, 0.928807426926979, 0.6479259936128579, 0.6307073532951264, 0.6232955232084845, 0.5663395089148917, 0.43200837454525104, 0.5522274174030363, 0.724715351874082, 0.5835684389171527, 0.6296491612558202, 0.802489969906891, 0.5819751131447024, 0.6404948413105405, 0.7015545731427975, 0.5260677811084399, 0.7278660259642452, 0.7331230470263672, 0.7716929729162749, 0.6704734633278027, 0.5275601305325729, 0.562502470900849, 0.45584689109101156, 0.6715215263290342, 0.5221980669179744, 0.612207841004228, 0.3748615920898317, 0.6034654964866282, 0.5133862055763467, 0.7082303857823801, 0.526121655313999, 0.4591165644374466, 0.7546927725683513, 0.7182490006232848, 0.8871399139508471, 0.5209334435911519, 0.5276552667941534, 0.5918422998831185, 0.4698205095276567, 0.7098274096163723, 0.53016848527435, 0.30916185738073315, 0.6269966129647531, 0.5701061421502075, 0.6675304946339914, 0.6362895461280113, 0.4799489098336198, 0.35428017192584865, 0.4685922006710892, 0.4391181427076375]}