{"T": 236, "min_window": 30, "significance": 0.05, "n_simulations": 100, "seed": 42, "critical_values": [-0.38942030944423617, -0.3705878554218339, -0.2527858123041591, -0.27189517025092974, -0.2158308619325558, -0.3254126091516493, -0.2025795621913305, -0.0636776206004801, 0.06548900383241181, 0.38115323744751456, 0.32596555688084106, 0.23777153224091616, 0.2652588444371873, 0.3209850152350892, 0.37818042462286966, 0.5525664452459145, 0.1384594842039858, 0.30868911110705977, 0.16582096145867567, 0.13380849456142796, 0.3080490646037815, 0.16383791261825983, 0.043619504543220534, 0.23508114249752393, 0.39998325248541006, 0.48905682068017053, 0.4841109961575844, 0.45381787783075467, 0.3955570982663626, 0.4871252346542232, 0.6116017676432677, 0.4408048070898207, 0.45787514943296775, 0.309389525097142, 0.2964827388620572, 0.12000436816193487, 0.2968798800123833, 0.34923090100060084, 0.4516990574160985, 0.4497252032073499, 0.48563761487603907, 0.5442097071096709, 0.4146672722029609, 0.3724721549999305, 0.4629338781108767, 0.49268108133907684, 0.33840621271742066, 0.34754887369834186, 0.3411711195429966, 0.6010457883354519, 0.4720085661216072, 0.6368821323120054, 0.666009190256899, 0.6625280611973765, 0.5974468235353381, 0.6658871749838078, 0.7742647284013038, 0.8056572782101333, 0.731172958098894, 0.573085151032729, 0.520399570268026, 0.49567575969358935, 0.43382815201728675, 0.30098403152345654, 0.4264817353780541, 0.42660651035393077, 0.3339166055256879, 0.4071435779060702, 0.5883712544237703, 0.7019685983959422, 0.5927834840276128, 0.5289753294648194, 0.6915538609509326, 0.7209904074504561, 0.7238397807864861, 0.6693354336527935, 0.622892400600495, 0.8775144444504611, 0.8506396419171054, 0.7698223538646574, 0.8263697329165466, 0.7751905859441561, 0.7088840104247194, 0.6204046807258587, 0.6151446664664648, 0.6232199622166688, 0.624280372358986, 0.7124544584922158, 0.6308924439518341, 0.5644967000918588, 0.39939121593675836, 0.27871844502322396, 0.46758064787510245, 0.49053337940455166, 0.27362544288037266, 0.28051033661813934, 0.2605872565639569, 0.26680314031042174, 0.35178904743344996, 0.32519929301466843, 0.4057934082995537, 0.4646137141898654, 0.4546828016575326, 0.41161099866612955, 0.2241769771316145, 0.3269291371575395, 0.3040906582605576, 0.5040649219487344, 0.5225613772681769, 0.48098306835165766, 0.13009257280313272, 0.22134246403202554, 0.24499714486085158, 0.22284957385999452, 0.2933687275373308, 0.3069017517022166, 0.3329253830515916, 0.2800177756116797, 0.3772461144434779, 0.2937036518999644, 0.3819600327651778, 0.4464470253021101, 0.5116917856327344, 0.39835217207406737, 0.36378612370049307, 0.3492121277008398, 0.6355323053469656, 0.38692944298359794, 0.388669998453642, 0.4302969153945663, 0.24291238840846865, 0.14375343893709264, 0.19171634881619778, 0.3695010594026116, 0.4373183168053846, 0.4605376759297087, 0.5522453052480261, 0.42528337220083934, 0.3555550898498489, 0.2869656741617279, 0.4537386990125492, 0.3403043052456249, 0.3615725433900963, 0.40486278631339134, 0.33955495858071577, 0.5257351309823688, 0.37938694874191065, 0.293967627011693, 0.502270373381361, 0.47360167003872106, 0.5842739427973156, 0.7334933434573068, 0.6865412149637902, 0.5287651680978747, 0.6373842027804166, 0.41505368796947634, 0.527063514971817, 0.5782457770669618, 0.5050888880287359, 0.3479905013664984, 0.5768476879969546, 0.3868330277711519, 0.5787455904903517, 0.8004039723366654, 0.6007339278967556, 0.5335296340380346, 0.6798882990949506, 0.4677562860403725, 0.5308471011600587, 0.6266072256300683, 0.7160110019421138, 0.6369347233768967, 0.6106973325473589, 0.755232496460575, 0.738483953468361, 0.5309037899903614, 0.4577522110287996, 0.48606079371994126, 0.5500998863315387, 0.6578300486008479, 0.7946853734677727, 0.6220783041471835, 0.6097211566190015, 0.806964547743089, 0.714366071283916, 0.682069831978226, 0.5233705144482457, 0.4019514954652231, 0.48662594347948296, 0.3450722683504824, 0.7157474133256686, 0.9360936082135561, 0.8862672399583765, 0.8123059131672288, 0.9938679654905967, 0.7705661308562923, 0.8474254185960362, 0.6767074395272396, 0.7496295409804281, 0.7095036709063973, 0.6687821683511441, 0.7120533491641985, 0.5502013625109095, 0.47018572645117845, 0.5221213023476706, 0.43568217197941683, 0.4882442495760381]}