{"T": 237, "min_window": 30, "significance": 0.05, "n_simulations": 100, "seed": 42, "critical_values": [-0.045214204545754554, -0.019291500247028383, 0.05679135944903945, 0.11184216377442835, -0.039846418696675226, -0.02821000096051136, -0.03710729892420509, -0.18990117529248582, 0.06439797595414669, 0.11615038728576642, 0.09957041237708852, 0.14767175950703185, 0.18742263876183438, 0.20630982686250202, 0.5217089030214691, 0.3464431208931439, 0.2714829484461108, 0.3176425393319776, 0.09167750604743255, 0.2984321588234334, 0.14334235770624829, 0.06081093100600568, 0.03406008544454165, 0.12109575204920248, 0.07841284883151116, 0.1378004498174543, 0.13202185020691495, 0.3065276460332365, 0.27465036156265943, 0.45243544604390906, 0.43838593686485733, 0.34166955351823597, 0.2713122595718691, 0.23124554438293426, 0.1795172047015716, 0.40681393856216225, 0.34837326954830466, 0.2777084127562322, 0.4057237593327795, 0.22211915854687259, 0.15088962643538362, 0.32442580347422867, 0.5038354841396647, 0.5182043682820056, 0.3848300179843177, 0.45106361403071793, 0.3704787785062577, 0.6640796307566643, 0.6122579718893443, 0.6411435230250875, 0.45597567590413207, 0.35494931172312116, 0.2760682145300829, 0.3324201398360198, 0.41499066717991634, 0.5654745809816694, 0.4129964329975132, 0.21927260770878226, 0.23271931267932786, 0.17239067278237796, 0.31097007276191246, 0.38145332314600794, 0.42808332192852316, 0.44305806528271113, 0.43873224649912446, 0.6461984413087145, 0.40618731133738933, 0.37854061227700175, 0.49783219740855783, 0.7044241628109524, 0.48913075410113127, 0.5042915047891636, 0.6187851336911224, 0.5413585600599317, 0.2651564501077266, 0.3650604338462857, 0.48857679001612647, 0.22928852570043712, 0.13858557699881574, 0.28072575242233416, 0.3270285994214403, 0.26839712638517343, 0.3673162511265152, 0.2813219352080847, 0.21633005163656002, 0.38706898736910483, 0.38927625809497074, 0.3497952754241403, 0.3418822116308639, 0.3783739494357424, 0.3540806399308204, 0.38522456949261996, 0.29613910451322184, 0.16236300570793571, 0.2297902704990443, 0.41480112772031685, 0.465504669858425, 0.2936851911207039, 0.6111104588804287, 0.611274956568612, 0.3707007041591196, 0.29712714162927806, 0.2778755837482102, 0.2994562569557798, 0.5160204589711167, 0.6855595791899548, 0.6024778800243991, 0.6448204745872649, 0.6246279954755579, 0.824713009812003, 0.8344193202933962, 0.6013147868835553, 0.5022437894176188, 0.5089820958882539, 0.3629992381961289, 0.5264527640860895, 0.6041953619717102, 0.47425893192591606, 0.4309650788787373, 0.32712471442616564, 0.33577671169673984, 0.36389147223676416, 0.2126378139844049, 0.1409409372168228, 0.3259826679174224, 0.22042532890985533, 0.11871033723554268, 0.19101813005685617, 0.1847219693434836, 0.559200480329115, 0.5224867371940075, 0.3945589420059143, 0.4137403584131257, 0.27617109432751763, 0.4484559673291841, 0.5144957646912799, 0.7541757028811809, 0.4813351350434099, 0.5214885612665034, 0.2651650408279943, 0.2916755480315312, 0.5471856619809569, 0.6804500095593418, 0.32233501305728207, 0.416034523697673, 0.373680514344614, 0.3869500600561114, 0.5380835985171026, 0.5355383099324075, 0.7081014755952812, 0.670636674685407, 0.7292670667506888, 0.8535955707554215, 0.878896472639524, 1.0017277902931856, 0.677916513754397, 0.7466845659240081, 0.6172231224646949, 0.5957118288228154, 0.8577661552146991, 0.5742613353766272, 0.8317439441565702, 0.7291295684278966, 0.8446170077506293, 0.7135327342501112, 0.6262894302902613, 0.6046450389741514, 0.5531337686609548, 0.5732323057956302, 0.415096542698179, 0.4960603545395506, 0.4752389151128706, 0.4516193801951271, 0.7184112671204528, 0.5132954438671431, 0.5606719798890704, 0.49996035760073, 0.6358504120343919, 0.7923062007539625, 0.6705465228876316, 0.6209869940169815, 0.5914911958471473, 0.5256216711337826, 0.5414925258194663, 0.4157979097149446, 0.43715365132503353, 0.4168689621786454, 0.5350343891118527, 0.5242781042592327, 0.7167555902790794, 0.7314341275248044, 0.5970670254648852, 0.5328482934925534, 0.6108851644287359, 0.6663476017403661, 0.5733820102677345, 0.4191209871627576, 0.4927082958528805, 0.5042946200410472, 0.4616649336528054, 0.6612653060279778, 0.5532818668864516, 0.5587588521658423, 0.6759527512430753, 0.4960282007005871, 0.39508007531147143, 0.40684456159463633, 0.4687565343099433]}