{"T": 238, "min_window": 30, "significance": 0.05, "n_simulations": 100, "seed": 42, "critical_values": [0.10700998542604083, 0.11680224743966286, 0.17517489997281693, -0.05374645665482539, -0.2062225306232608, -0.14506571836070128, -0.11347907647735281, -0.05943900524762577, 0.07568777841938772, 0.30119239151048083, 0.07461755331987827, 0.10707436526721544, 0.21432483807354902, 0.20420858269754388, 0.24266942199489688, 0.11511867694582821, 0.2722920467002819, 0.319084617588795, 0.18015201569170478, 0.08853720234598025, 0.13911053286600605, -0.0025361397105477554, 0.12975338574115872, 0.06923205451013997, 0.027511367491993666, -0.005899337917845783, -0.1586716430699929, 0.09592745047594273, 0.1566341611976982, 0.1398317454583233, 0.1107185983680924, 0.3994253615245036, 0.3135718087878861, 0.5737641430409793, 0.6877957888677616, 0.3757062483672647, 0.4434218241247147, 0.20856731829291777, 0.16091804505754825, 0.13605403670795982, 0.2552161060896248, 0.28455275416905024, 0.3531103818557274, 0.6354158125691194, 0.4645749730882052, 0.6407955236385517, 0.5219510398045825, 0.5587411109635457, 0.5674134860904694, 0.37957535934607295, 0.3441558996740369, 0.17270538645061712, 0.2803456659905262, 0.38847679506699584, 0.24757790386411135, 0.1747581465611462, 0.3172969299294547, 0.2033452897727429, 0.053635198178666764, 0.3365903085111377, 0.14371291856948315, 0.23032553841884187, 0.3485197091784763, 0.3160750258335969, 0.30592172433906767, 0.3011868405850318, 0.28600857348584363, 0.3223969201267407, 0.03932074772132048, 0.12136297271692609, 0.09777024866813598, 0.0028965759527937616, -0.0012721303992559527, 0.10290846870247947, -0.06550373655970107, 0.12624719541126744, 0.010228350013185759, 0.18566238416432115, 0.4450904091913017, 0.5106637066145785, 0.16855226448730914, 0.07769938736314758, 0.2770793381445046, 0.5187891767035914, 0.5662667744228645, 0.2658729304789241, 0.2868897889637361, 0.2471444068752001, 0.3502334485369066, 0.2876647238584973, 0.24338422641896626, 0.5470121499315187, 0.5070876175816956, 0.5893727239897244, 0.6146789075361477, 0.5838223810884146, 0.7742632560682116, 0.8110532070489576, 0.8465282332241822, 0.6331897002051057, 0.9022459034582149, 0.7014158689637556, 0.6361298992618309, 0.6497733857076728, 0.6496694371480878, 0.4841786938693449, 0.4964190525666937, 0.43154403857113516, 0.49011221903344027, 0.6082995838938896, 0.4838115319799271, 0.4903633495522389, 0.4971403469409899, 0.32540457972937814, 0.40484980543991494, 0.3555967573429927, 0.49291656369850007, 0.4204421627223372, 0.5623329846830464, 0.39721021657119343, 0.4178068991033528, 0.4997770642562623, 0.432782676269629, 0.5528081311107165, 0.8062113123623262, 0.6270768380823972, 0.45135622705192674, 0.47078446964577236, 0.6553637221516285, 0.8996946195755845, 0.6774706914687815, 0.5598028566077754, 0.7944856908395773, 0.6405123261698279, 0.5533079124423621, 0.7944753485269401, 0.6019275017062811, 0.6687612707688138, 0.5342253852565344, 0.753978310789078, 0.7313776675355633, 0.6392181291067988, 0.7140327006227563, 0.6359304892792299, 0.6348284892815163, 0.667542378539829, 0.687196915895218, 0.5497191863679366, 0.42863484714373756, 0.39595713793072845, 0.630899574272723, 0.447949138491098, 0.6152648638116867, 0.5801341077438478, 0.7257020034237694, 0.8052935269994986, 0.5571257444648087, 0.5439794534281966, 0.6007317055540957, 0.589401565794613, 0.5621266805707914, 0.5892631588384661, 0.6022367411739767, 0.5529971620128562, 0.6718266391963686, 0.7527317523695514, 0.7606808670764615, 0.7990986250501168, 0.7898770533677443, 0.6770685285919454, 0.7475052354809835, 0.6655165078431677, 0.6105978020832953, 0.5385337217212142, 0.490222711932267, 0.4180059608393152, 0.5805226337093786, 0.5002706352686367, 0.5431615064023937, 0.491447518278566, 0.5865106537323731, 0.3605701238420785, 0.42511883859058364, 0.4834701270516823, 0.5966298797874799, 0.5468673587434767, 0.4136577667575278, 0.5358349257787517, 0.5345144908905934, 0.5847498991355344, 0.3602551782546059, 0.6413562893318934, 0.4374953436185726, 0.46365802060823036, 0.5121193806925436, 0.43415528753101895, 0.415938445119326, 0.2934822564221526, 0.5008911376675357, 0.6285620786777635, 0.5141991805830041, 0.5477325192451591, 0.7819775190840377, 0.49851437420769606, 0.37505956489645614, 0.4914899071683453, 0.2897454109964886, 0.3318602791613897, 0.3416040234971604]}