{"T": 239, "min_window": 30, "significance": 0.05, "n_simulations": 100, "seed": 42, "critical_values": [-0.3006881338682869, -0.11483586738191513, -0.3637354053863415, -0.3071090082831029, -0.18481190457507982, 0.32801776163136986, -0.10682897828218242, -0.329302426183305, 0.046512473312344725, 0.03579029647311935, -0.03408006323323992, -0.07670718722342229, -0.16843822362398453, -0.18727260535224927, 0.024334169222767425, 0.17795676881127184, 0.1031423085665783, 0.24025373001437647, 0.1555657694200725, 0.4023920440947919, 0.32329039129657194, 0.21756095529306002, 0.17469688164582686, 0.09826818601888403, 0.1237503985115514, 0.07070560404693277, 0.12149575537015335, 0.41326413514800153, 0.25851698977308574, 0.24368731560233048, 0.10717295087564872, 0.3720781172510099, 0.3644966399446012, 0.27234142502194264, 0.35205495761890077, 0.5891471328061926, 0.5983253133659452, 0.563774433667413, 0.4756808238451819, 0.45474675950306653, 0.26222746438171846, 0.30844192414652644, 0.4280155893335763, 0.4877126771260326, 0.3069801336759391, 0.4152002654314569, 0.3712616142732954, 0.6122995324871832, 0.5320159071093964, 0.5576712846675845, 0.26875860410869595, 0.4592944987491483, 0.4526232430824086, 0.5481967852645276, 0.5000696116378409, 0.5372943863387035, 0.37256018963738136, 0.4450923577761467, 0.2947735210355294, 0.21089766239869223, 0.28196002923672975, 0.39291247450433564, 0.22038695180373413, 0.12717326709533086, 0.19660130749484359, 0.1246493549757179, 0.158945338250135, 0.13033321078850962, 0.17545988348920555, 0.2490795243420002, 0.1937892662176519, 0.19179916556001078, 0.2328474575640565, 0.14224977214046927, 0.20466392463986935, 0.20397795834695515, 0.41104303468669773, 0.24010826130346588, 0.4468233990000356, 0.4092398110831795, 0.3406070952032307, 0.42570395433121727, 0.4086951189982714, 0.7197376788745392, 0.5072598110808056, 0.4506875176917415, 0.6003560648766247, 0.5272535840509459, 0.44010418643143684, 0.46655325912299, 0.41489789664247506, 0.5911699715417179, 0.40257387618607393, 0.6569136698512864, 0.5300934884576831, 0.4704596106760679, 0.43118585533577863, 0.42310359962826427, 0.46512561530238083, 0.4135346223652179, 0.42078258145035585, 0.4806881885363246, 0.48954456409072217, 0.5621542228377925, 0.46314470033343536, 0.36863067109808867, 0.46799355698546213, 0.4689651881669293, 0.4414624633331627, 0.4323844356512754, 0.37358447177016946, 0.4962785760673972, 0.41895419383430765, 0.43185357595312196, 0.3161625075071333, 0.3493641531650788, 0.3650753089015826, 0.43423735641783556, 0.4542401429246822, 0.5562394847854379, 0.5736740620481469, 0.6599095477030102, 0.8651617558701438, 1.0679938881032962, 0.8049121545633711, 0.6379755618108822, 0.6690836892553995, 0.7039892497466661, 0.8133226202480464, 0.96160865722199, 0.8028719082770222, 0.7218483636490539, 0.6744981944695474, 0.7083482602243885, 0.8148797366164675, 0.8044624393711426, 0.9025222637137635, 0.8126492969768851, 0.5823715367888124, 0.715004049963999, 0.7481688303405318, 0.7081349017268006, 0.6698027838679209, 0.6873297972332417, 0.7175467056526709, 0.7426230723354371, 0.782056194100644, 0.544982513006024, 0.5490165360483557, 0.47902007805802516, 0.5398801765558575, 0.4571736054586765, 0.5074739906154915, 0.5126786545548867, 0.5932060335029637, 0.6836194135372318, 0.7272303949349872, 0.7486079391017652, 0.6010302512757835, 0.6811102649012376, 0.7001404889175484, 0.43126477726303253, 0.5287852225234848, 0.4418271070075973, 0.5591223873176328, 0.4994469259424183, 0.45020796988461054, 0.3223012513039291, 0.3404459163120399, 0.3081076666560478, 0.4497700399845921, 0.4696113900562062, 0.23082897177612105, 0.5718993121846686, 0.5274824517244245, 0.30811194941705383, 0.4300685906789439, 0.4840668125391026, 0.36054688173641847, 0.41235813564544077, 0.3801311682338205, 0.564069915063484, 0.42839897763189727, 0.4695561803475679, 0.48877204768316035, 0.5784393551146643, 0.6070281189153669, 0.6258060583270827, 0.6630326752062582, 0.7187864249434621, 0.7226938482754189, 0.6093528972730627, 0.5696775985422057, 0.573092013419308, 0.4629624244057533, 0.7133346989899751, 0.6359419111451767, 0.7868997516853021, 0.6013223853972287, 0.48640641364800624, 0.2847650583852709, 0.3099829327346057, 0.4277262164744545, 0.3656140150864754, 0.24441701208374322, 0.519386131915213, 0.3243282306037548, 0.14879390268576198, 0.18814851191707402, 0.30256038647342137]}