{"T": 240, "min_window": 30, "significance": 0.05, "n_simulations": 100, "seed": 42, "critical_values": [-0.32570599094235175, -0.2289697874372445, -0.24808528364135074, -0.40009646469440535, -0.1658285265893749, 0.23086271510677242, 0.3559729732306517, 0.26250182464384636, 0.10932282283370429, 0.32109430112589243, 0.047380418021293176, -0.0013797915719583372, -0.04261088260015505, -0.048535829723664436, 0.07080268477913011, 0.13275414844641034, 0.06651057297802844, 0.12808781890261092, 0.11821524381641857, 0.20237695663222816, 0.394943478857934, 0.4073275197432119, 0.21016429597736094, 0.33882418298211653, 0.10628541037505743, 0.38438688733674153, 0.11905758472760035, 0.4195047550814348, 0.22447137500579417, 0.3904876263217815, 0.28471414224639174, 0.10022798705478043, 0.13156294915811215, 0.07180024079030149, 0.28401985842024124, 0.32223214699005237, 0.2989914129650509, 0.3849872399899227, 0.5744693105070449, 0.4581944525427487, 0.43665369170147567, 0.5114275682170863, 0.6035097480911078, 0.37557064043413246, 0.30675380772162203, 0.6117097839186891, 0.6083800927156254, 0.6789223839643028, 0.6001246019269801, 0.5245282221842203, 0.5090794519805494, 0.43952554572228025, 0.43743643787313913, 0.2993929041934011, 0.382280693759856, 0.32486019402544647, 0.2250148818599818, 0.2732086656505782, 0.35336299862684395, 0.47700565260305167, 0.2506413469714003, 0.513459999819443, 0.5286688802504131, 0.7328712242285133, 0.6990509172873912, 0.8125189554989067, 0.7498345258485555, 0.774678873017636, 0.8365052622960095, 0.8055624629275158, 0.8849585793795858, 0.49831824831087107, 0.7883465243709882, 0.5156028602876215, 0.6136099411045663, 0.5036704601730841, 0.5183999506361135, 0.6090237840392065, 0.3854853251208831, 0.3032895119059831, 0.7468731905107736, 0.40176779906169935, 0.5591284259520976, 0.5287698462431887, 0.4273727221484061, 0.4556968521594729, 0.37543242697466983, 0.3407833449227882, 0.29516266630029514, 0.3373022267829021, 0.44631328184515734, 0.43301427044269136, 0.6826961481521866, 0.5402526408457203, 0.6510131638070301, 0.6591710928186082, 0.5295607642328538, 0.5768668289902268, 0.48699442909017343, 0.5130440956346337, 0.5182587881335776, 0.571428877547527, 0.7108324274091857, 0.7475599021329188, 0.7341499953792766, 0.6710356547488128, 0.558581178525367, 0.4452383481054978, 0.5123773180813417, 0.5891549402250619, 0.5968162146999818, 0.5616032748052034, 0.5130708091819973, 0.6727323781474701, 0.5687890369155922, 0.5632987768463559, 0.4390641265120547, 0.3768790403567686, 0.32080262583287295, 0.4307329474730028, 0.4804604979295615, 0.3004641261431613, 0.45629560881174114, 0.552464669243896, 0.4441827829962258, 0.4468529544637483, 0.530899311371561, 0.4544812632576957, 0.6001267218613251, 0.4796734189657393, 0.39513118699614963, 0.4013560103861054, 0.3761527884702241, 0.367640206064066, 0.31045408193885543, 0.5287953062593541, 0.5108894276189018, 0.3647744532836919, 0.3783888024816565, 0.31994595700113626, 0.4781947573157609, 0.5261068888706524, 0.5436036585470048, 0.6016634282570393, 0.6598930909510651, 0.4737439145530442, 0.4906266645225722, 0.5797456510706329, 0.4295085479661312, 0.6107950022819825, 0.5007289043587365, 0.38782313191517775, 0.5773745614988475, 0.615198645155423, 0.6017883253707257, 0.5268288958092918, 0.7534075444136558, 0.5644698002859072, 0.43427626715790196, 0.7224233885917813, 0.3686206442227945, 0.6320162026404242, 0.6986270640267299, 0.7705679534357234, 0.7702267815490099, 0.6129560645665646, 0.7015722082428095, 0.676478499141876, 0.608372302228218, 0.6627140633546755, 0.37762168364601634, 0.47748473877439557, 0.5974945123991193, 0.6915962570847064, 0.8779875967687722, 0.5977396723957891, 0.6423947683738117, 0.5643123855273242, 0.5780569580743139, 0.8216459197804838, 0.6588130181740606, 0.8103814571941055, 0.7241199965921796, 0.83610388030961, 0.5995358693806225, 0.8984128948515261, 0.8580832008417142, 0.4085136689297854, 0.6657346392286714, 0.4221786623102, 0.4274782004736316, 0.4597579795310109, 0.5003865534439911, 0.4689027289316677, 0.3801330940047457, 0.5078670364702987, 0.5349720215482352, 0.48239928873486343, 0.38235083147627263, 0.378397852477905, 0.4817848184296822, 0.6335963059962747, 0.7708421007393749, 0.58958681960154, 0.7583518764417702, 0.7683671374201662, 0.7719810642598108, 0.7415041739376056, 0.9743979603386623, 0.8943894638424087, 0.7654808782913205]}