{"T": 241, "min_window": 30, "significance": 0.05, "n_simulations": 100, "seed": 42, "critical_values": [0.12338239175518198, 0.06143312852005862, 0.1604702445512209, 0.15352818103880225, 0.19779042847176995, 0.21497799876994136, 0.1240062673849575, 0.2239436683519414, 0.29372463236199864, 0.4795194853379311, 0.3412173755073406, 0.16157004087476387, 0.2380516152030224, 0.2830287054725087, 0.3436629910128844, 0.44347685119142, 0.20239174412355693, 0.13558569505589013, 0.313084716077835, 0.18130825670215114, 0.4557022862898019, 0.3611613163957429, 0.41490662738908124, 0.4071548163281924, 0.6256707598735695, 0.6008352489938329, 0.5903409521248013, 0.40423227606158546, 0.5189985580489194, 0.24903249934943728, 0.3427498616538398, 0.4832435235945384, 0.5533843833145587, 0.3222804371923077, 0.3630587538842021, 0.26117808247553853, 0.2903592985892153, 0.5464937190155091, 0.3749489368999242, 0.36215956394411997, 0.15631596363003375, 0.17960931357814267, 0.22917995114374493, 0.23680665488956007, 0.8144751605580378, 0.6203799490637733, 0.4001679356879043, 0.5113231869207623, 0.4595098746359029, 0.4475995059696901, 0.3935365484846251, 0.4588041928787373, 0.3551566350247935, 0.5017358165945737, 0.3952597708619754, 0.7001106425636576, 0.5056445709902847, 0.5828943690157184, 0.5057891458891813, 0.26106838483463013, 0.48038017412802203, 0.45753410751892504, 0.42732330686256553, 0.6785902962685507, 0.5813196466360375, 0.4926694509193114, 0.5612058226796465, 0.7178279500413502, 0.5117658326682865, 0.24082268702168186, 0.44927384791574343, 0.1944504489897102, 0.2841242173709434, 0.3150755249347713, 0.40000525384770486, 0.3640920533450062, 0.38046551711395454, 0.619904337236373, 0.4894726037151273, 0.5152738207809856, 0.440877328702685, 0.7475465492636777, 0.609452153570433, 0.574875699809089, 0.5222550034484127, 0.6235487235323984, 0.6062363271182267, 0.5066660579675739, 0.4700646478931041, 0.3959826011050686, 0.23514626465271987, 0.4521625610802179, 0.35469722803620807, 0.33624930397181074, 0.4567985349870095, 0.580727877184161, 0.6111724777549985, 0.6618552758304701, 0.5652559541312312, 0.6312060429438197, 0.4764107828877475, 0.5005841353379163, 0.4219297384937325, 0.38228784404108396, 0.37260902538453056, 0.5697952306539849, 0.7642278548194081, 0.8915715265585888, 0.875066945735142, 0.7637487797624538, 0.6296834215652548, 0.5599632091120954, 0.4172651100878313, 0.7291508633194728, 0.4268578547254846, 0.730300786000022, 0.6201881948775271, 0.38851817763864616, 0.3852417089091634, 0.40407734054533295, 0.46299992882305746, 0.13466953339610607, 0.2558912741116647, 0.3241767343794502, 0.3556716487904849, 0.24555913302331778, 0.2089210945432394, 0.32121511844564465, 0.390436737969243, 0.40977872952967065, 0.29764996218087086, 0.4836601668991243, 0.4938770766004592, 0.3619478799017187, 0.48585838142001014, 0.42733500345018666, 0.3914731754717584, 0.48549625446443045, 0.4831612324018281, 0.4386247354004953, 0.46065541722042147, 0.43876174282139574, 0.5298195247412759, 0.25780310956855484, 0.3866900682414056, 0.17529752149448644, 0.27813304105874825, 0.4419663769471304, 0.37399981606632604, 0.3210402670917993, 0.5852226123844559, 0.5224235919875713, 0.6429180202605096, 0.671226183445883, 0.6858406901201873, 0.8464303292798981, 0.613141593465118, 0.6215700817080172, 0.7623913806827101, 0.6735052510263243, 0.5436408486456525, 0.6687977472950399, 0.6929371619308397, 0.54218792807823, 0.6027580765295992, 0.6397886238513921, 0.7822438186462229, 0.8329681421768805, 0.6963496121846317, 0.618615939133682, 0.669919830594017, 0.7058743766094991, 0.8203361528459597, 0.5792080307516227, 0.37626793734732805, 0.37853795576482024, 0.36598922400136036, 0.2664430326904135, 0.21954249776607127, 0.511983173439873, 0.24955077327934713, 0.3619450872942693, 0.5401209655671838, 0.4332145083769865, 0.4010912667335156, 0.5184057804237077, 0.5343282053675367, 0.7303426927816544, 0.5030387011758582, 0.36747205059934346, 0.36102866927210914, 0.46407161401750663, 0.42299001846294576, 0.5474046774987605, 0.4201533238196488, 0.4893544582095724, 0.57845929892293, 0.6309016084306541, 0.7799977731552638, 0.5830210306497112, 0.4965050979401874, 0.6368336607421434, 0.5448702948824055, 0.41399458111945037, 0.3568654936691441, 0.4216694985861213, 0.28750906389792236, 0.3886723582205758, 0.29899077426803494, 0.4124526179592924, 0.33509932384840335, 0.2424902333458801]}