{"T": 242, "min_window": 30, "significance": 0.05, "n_simulations": 100, "seed": 42, "critical_values": [-0.0029225658028165214, 0.08375095095055404, -0.04042181124723417, -0.20103552995692275, -0.06645064195193047, -0.05757939942973753, -0.16913549258364657, -0.04463758179548778, -0.14891199919862244, -0.09964162995793668, 0.12266034751121899, -0.015272322053069023, 0.04135629692381599, 0.18571211449094188, 0.33548672256078116, 0.20866012181368837, 0.33529210016138195, 0.5023834235597859, 0.6275957951652131, 0.5227463200815692, 0.6997956104624536, 0.5048208379926836, 0.40108508460271913, 0.30457897394748107, 0.31949691788018164, 0.38514955831664566, 0.2695735020214206, 0.21558448259836793, 0.25959643970615065, 0.2899989688900974, 0.20337810396774583, 0.3196636878758694, 0.4211910526891514, 0.3149918540303972, 0.2546214448252651, 0.3114398113869101, 0.38897563728196693, 0.08421442196617039, 0.2761701276937562, 0.261427971029888, 0.15810155316002467, 0.3081638654701694, 0.28335733671199287, 0.5788517968127374, 0.6517694892615984, 0.5421613465011597, 0.6125280373343627, 0.4088331454575634, 0.44862210808829583, 0.5560776737789013, 0.580705296040144, 0.2010251317932911, 0.5601790548705956, 0.4325827095447078, 0.5214938624439445, 0.4093682657637596, 0.4886199191790874, 0.5638088564492584, 0.6050286530985336, 0.7161427125192297, 0.5580879749514399, 0.4218216805304005, 0.4491988937798769, 0.3499744171986355, 0.33758034801950865, 0.5319903026467189, 0.4963772854903852, 0.2936584120583285, 0.25908538878315246, 0.22719111018490903, 0.31238363870890623, 0.4661461981535527, 0.24483725042439264, 0.1717725128551065, 0.3169516384754598, 0.3319294252505075, 0.36685319974311786, 0.2026311037220279, 0.172323461069327, 0.2662457390434703, 0.4445495394513903, 0.32360297788664116, 0.2891050557417118, 0.11967119025294087, 0.1530120376041006, 0.26401738205901276, 0.17094623982073948, 0.10579196619190352, 0.22169564601566216, 0.38757498388213163, 0.6187591228053724, 0.40961373729888856, 0.4172602171390986, 0.3712749086562748, 0.4015201216447746, 0.4710824140434719, 0.39283377357740207, 0.482344217589506, 0.2810524727886607, 0.3685871394980091, 0.2636632125467139, 0.25151639775807244, 0.225684670263029, 0.32720402800322335, 0.3358436159977175, 0.44737911781137846, 0.3781306479709403, 0.5937692471406827, 0.5092147541952179, 0.2702828268244881, 0.3213732031861901, 0.42437194031504777, 0.27657164558674907, 0.33449646249587983, 0.3052635481154551, 0.26677169590860894, 0.20645195462327248, 0.4087809339335049, 0.19735938196622702, 0.3616354597843833, 0.3115691284066959, 0.2535928980767712, 0.2887846889987156, 0.3581251959124361, 0.38521139848410846, 0.5163762931306188, 0.2439739670006698, 0.16552399509198912, 0.2816462135592553, 0.5289476611975643, 0.33108447757775583, 0.28680744431338706, 0.24513092966355857, 0.33588932043534775, 0.2956286129068948, 0.4299168597855612, 0.4639781265780953, 0.3813195522622507, 0.47888366941156657, 0.7318372215441629, 0.3840939083038815, 0.48033776361277375, 0.5940986093455803, 0.4729849454169037, 0.5135385610418773, 0.3745322279296564, 0.30162106181771564, 0.5280149030029707, 0.667264077386014, 0.5497757738736587, 0.6897777797793315, 0.517726851799191, 0.5834716489506898, 0.8378369235399304, 0.8688381340468344, 0.7086371919240438, 0.5521982812135648, 0.7255913750766745, 0.6982904102284442, 0.4561770476070139, 0.4419698686260491, 0.6523115195974893, 0.6215184155898253, 0.4651166809699299, 0.5849071784266651, 0.6462758082945972, 0.446229745486625, 0.3706707691284786, 0.2776004970454779, 0.506790719744392, 0.4023223794999306, 0.4977895704518761, 0.18355985336588987, 0.46643505230831345, 0.3698312842526163, 0.3466413407878813, 0.3287463597820838, 0.4609543195345416, 0.3676497819248237, 0.5400185073557503, 0.7247881996510395, 0.7392652329585222, 0.746772458687203, 0.6485407036927034, 0.5653955583234616, 0.49732159824355354, 0.5244618489849654, 0.484810542733237, 0.7286105400177016, 0.6988096387128538, 0.5966398577335218, 0.7364953866420677, 0.7093652111410585, 0.6164435365809224, 0.7422111753527239, 0.7153855486487339, 0.7742800936109049, 0.7240740675092917, 0.6820422041201687, 0.7150243284094027, 0.7673317519099879, 0.6176936917761877, 0.5889877168260667, 0.5552452869031808, 0.7093604620100901, 0.6459817700098215, 0.7290966839008436, 0.7914197773860904, 0.682384404844739, 0.7624909844064306, 0.7886811701732099, 0.8671867933098094, 0.6763591399616308]}