{"T": 243, "min_window": 30, "significance": 0.05, "n_simulations": 100, "seed": 42, "critical_values": [-0.3990000011156955, -0.35924789959231523, -0.3708716769261597, -0.337482537026159, -0.2698218479464541, -0.21483357914165835, -0.14362571136617955, -0.08418006171711022, 0.06373797229882829, 0.2689039779546346, 0.3278310976109756, 0.5628637173821255, 0.33550887624602366, 0.12227576764595899, 0.31972332148574517, -0.012752647506322878, 0.10478931242115165, 0.33614908938803384, 0.26291950549517246, 0.18009866257476684, 0.14128791642221347, 0.0725869301826068, 0.3041730787955881, 0.3816188870279671, 0.4425736424863656, 0.32366100356081773, 0.42405364398018064, 0.5593783594024546, 0.2910661607075914, 0.32228522992255587, 0.17548859121416807, 0.25577434929076126, 0.5290138514069622, 0.6894625300374378, 0.529473636727866, 0.39501982599695107, 0.4778483280859252, 0.43069558790938556, 0.26413669196198103, 0.21257176359654784, 0.2627963632382945, 0.22320979434439592, 0.26571193113000624, 0.25739442409057195, 0.29285349929206733, 0.18123452995788938, 0.22757813917221456, 0.46857193377435263, 0.5269647273793888, 0.5633251999175883, 0.6374997022313789, 0.5192368855777755, 0.37635080171739826, 0.784326194556957, 0.5746232293690056, 0.30921062772102753, 0.34243657748155226, 0.4346016114468584, 0.2739415946758432, 0.15993148812898333, 0.3439204559470978, 0.44764233094607675, 0.27814076595052495, 0.09047092147593908, 0.1636698566199447, 0.09063962562497337, 0.15605616288315521, 0.25683983389137793, 0.23873044755327336, 0.06474310650366204, 0.1706014949083012, 0.14069686738958467, 0.09285763554071272, 0.21977811089663307, 0.4011016375983337, 0.4815756505705853, 0.13203938085188446, 0.17987082134888321, 0.06308449826960265, 0.024168642642978654, 0.002231825281470626, -0.03599215660742275, 0.04468823111115544, 0.2407088618675973, 0.35752357677512464, 0.10513906542973564, 0.15013239222653119, 0.0825659776008427, -0.021920701337583916, 0.11746449344975936, 0.14473194696448577, 0.2727370601716337, 0.37746689963635394, 0.5522683623229505, 0.2808046267447774, 0.5472095338190603, 0.6232051019204039, 0.8256226254534003, 0.8452066968534206, 0.7039706626758142, 0.622484822340503, 0.33405249898324874, 0.5682327592039442, 0.5268156924447803, 0.5037571672713452, 0.4957934503457114, 0.6170994961443803, 0.7082070065496089, 0.6095502216852745, 0.7417430993423283, 0.5861342059952195, 0.6079582528336952, 0.5592422242432273, 0.6802835530561742, 0.37900889102016433, 0.4106816007102852, 0.36903180354461, 0.5827725776751929, 0.3134996265694914, 0.3741621987026043, 0.5385658374787616, 0.4802945332588502, 0.3608738737910249, 0.5075875510536995, 0.37180488136710516, 0.3883800449449999, 0.6877998027683998, 0.617824954376703, 0.6103241900168926, 0.5068874266212674, 0.5502349482713063, 0.8099305780031001, 0.7411123021343937, 0.8119616086416852, 0.9053189163943363, 0.926936976483787, 0.8658724853042051, 0.9167060242057535, 0.8168660331666382, 0.6407364282082252, 0.7845620817997842, 0.6821357826151694, 0.7039967254117958, 0.9190029455419959, 0.7036970809709279, 1.0273744680623802, 0.8701524579927629, 0.7630082442082299, 0.8696231226455772, 0.5528663504894749, 0.7206572868661635, 0.6797680576660141, 0.7291317337888097, 0.8695204292160507, 0.7431239044505584, 0.7081152104265666, 0.7163604511732944, 0.6982517788838936, 0.6345099918265222, 0.8211681041334853, 0.878585253737364, 0.7089302358738624, 0.8088124528537843, 0.635908895332153, 0.6379169503044331, 0.7275252091271363, 0.7619177822484802, 0.7967566935906988, 0.6953176465582946, 0.6417958916852176, 0.5960381943490417, 0.4703477926749942, 0.5037772565162054, 0.4275649776879919, 0.38008975552092594, 0.5169698937301407, 0.6986634483176812, 0.706260601566408, 0.5553591085155519, 0.4931365100205807, 0.5085434884796721, 0.5405505562497371, 0.6826185768074717, 0.5128591791040428, 0.5471760271916427, 0.589038529599806, 0.6234497039899942, 0.6031011251344007, 0.5090874464634616, 0.4857360783587508, 0.5858631620531309, 0.5225756382453234, 0.4317014850257682, 0.32228672629115385, 0.35601603120734826, 0.2791954139650284, 0.31111209021288666, 0.3097944056502687, 0.3137154634135805, 0.2811875168445215, 0.23873832644770984, 0.19284434299370087, 0.22240955196164505, 0.4371111607689215, 0.3914104873041362, 0.4319922596010314, 0.40152941571880857, 0.6431397523623733, 0.6627820476570784, 0.7892887162884349, 0.8534470335244675, 0.7332352860346588, 0.576912598106437, 0.5979447930702365]}