{"T": 244, "min_window": 30, "significance": 0.05, "n_simulations": 100, "seed": 42, "critical_values": [-0.14034117990997003, -0.06839707753931266, -0.010784884702040497, -0.06590519249872762, -0.20704653708448945, 0.03129144013087838, 0.165436086316047, 0.23427527347376945, 0.2374528660041361, 0.379693428577133, 0.22255602446299927, 0.13164359493363006, 0.29416304495569795, 0.29380995873008203, 0.2790329074356169, 0.20877607646397248, 0.25621601707962, 0.11005552373766948, 0.1646116572310281, 0.21072076250220156, 0.3658844144284797, 0.2393272986017972, 0.10602947521914108, 0.17406752951243987, 0.051703129899441674, 0.16989180267541468, 0.12296077134809627, 0.20702183607496893, 0.18844367249602112, 0.23565658988385302, 0.30490466247888676, 0.13770948162742827, 0.2845398653562205, 0.18235808358693142, 0.24243177673346908, 0.6934647609206367, 0.5541899846788498, 0.41671159647287986, 0.3610078322624364, 0.27798048781377777, 0.21493395827961354, 0.17509671011403033, 0.25910380871785743, 0.6976629543798631, 0.524047208624519, 0.5703622109961624, 0.24940414044102385, 0.14332998784020382, 0.18064458793190188, 0.14963991738042193, 0.3365737539164193, 0.17583706085399314, 0.15861567498020454, 0.41580140151097594, 0.3819910618753401, 0.5100342146577035, 0.4280842773947563, 0.4106622655023149, 0.4783105472930484, 0.5240246933831116, 0.27398187010269726, 0.5037649917807508, 0.5822287229958674, 0.3483866789039845, 0.3411695818298793, 0.48582525940257154, 0.37233109116346486, 0.4673289293679062, 0.4065189250506241, 0.3704709569868043, 0.48261735764899116, 0.2183243337358879, 0.277379430975564, 0.34492955486169263, 0.3678289579684417, 0.808459058024907, 0.4899901984812334, 0.5320217207248943, 0.18462383985, 0.3014796566345121, 0.3728455899059998, 0.4661521258863084, 0.44551329116208943, 0.2501000176184423, 0.4734256463781042, 0.31516281633873544, 0.7264211768136234, 0.5042940922098456, 0.5296515850371993, 0.5530086193576863, 0.5024753778285918, 0.4192334935120536, 0.5976020068649767, 0.4618373256993362, 0.4447501414554768, 0.4136520710316691, 0.27863916566238045, 0.3496779696163668, 0.3399861258621254, 0.3825599911671486, 0.442094301043226, 0.4225933268663237, 0.40760866122350764, 0.5784028330146295, 0.6390102423172983, 0.45428702591969994, 0.5149479222182095, 0.7125859354006872, 0.8460445737634978, 0.7188840390709375, 0.5772794815618391, 0.5499212371039918, 0.5898689192244029, 0.6067054122242922, 0.7484503933404701, 0.6803646410377279, 0.6932946445708527, 0.7601668397869576, 0.6951607281140078, 0.8581811999536038, 0.6880596852545146, 0.8179260410678544, 0.7107178735476399, 0.4608592708019877, 0.6994046772742555, 0.6173064065116417, 0.5380049568156279, 0.4987660201202228, 0.5983006449261676, 0.5977177499797096, 0.5842891863312977, 0.3875750148390341, 0.40589893026295, 0.5913598530515115, 0.6005623737247981, 0.4968283863734456, 0.7279841274878266, 0.549476283895381, 0.5602076188099334, 0.4976126220367062, 0.46552265154522116, 0.5061551480278688, 0.2973970863550344, 0.3093296824804414, 0.3889231891939741, 0.4107604752286956, 0.23727894191490542, 0.40376538273799284, 0.36659732139877127, 0.34866673556849087, 0.5250731165639543, 0.4534278959085098, 0.5501120620007096, 0.4438195220980858, 0.640707890591396, 0.5473779014817891, 0.4616412613367719, 0.3499849401790386, 0.4913146473522985, 0.8319320078209967, 0.5513689583935069, 0.4735442002249367, 0.5366376598291036, 0.5647109256372358, 0.42284473207052864, 0.5556174455431194, 0.4487608319185944, 0.6033216550348921, 0.5985999616963176, 0.5829023482590616, 0.6050573716240172, 0.8702672512905082, 0.7074315375222249, 0.9146718698978575, 0.754387565725456, 0.8105194921533048, 0.7445439360093139, 0.7148190401799108, 0.8601405804919544, 0.6191008813395955, 0.5545486434008292, 0.4947637720172306, 0.4120261717432768, 0.4968531090873811, 0.42694311839538457, 0.4271778878535384, 0.49898093193332577, 0.39480060793803384, 0.42068078650653973, 0.5701916431183959, 0.46685395172677946, 0.4411073458883994, 0.43650203585894026, 0.43499057265537244, 0.3000325140054035, 0.44731030712657216, 0.6256747658196185, 0.5870997144251354, 0.6509959708339595, 0.7734276727224022, 0.7828098691418642, 0.524883553439814, 0.60251603823496, 0.5097633029362536, 0.8487380509326268, 0.7821589689861149, 0.45679682152471435, 0.5725582422078457, 0.4561047082732642, 0.6386560435480044, 0.5551645313373418, 0.5812234357204691, 0.6136015703827339, 0.7570167601103835, 0.6079303283755992]}