{"T": 245, "min_window": 30, "significance": 0.05, "n_simulations": 100, "seed": 42, "critical_values": [0.0708021537920039, 0.0655484655165395, 0.21422846970201453, -0.012733049576049062, 0.03538495322882548, -0.2355402222558371, -0.13517613208466436, 0.049941878961344055, 0.11620911116794791, 0.16333143711612752, 0.29682741951344427, 0.09352242756862723, 0.06316307159787889, 0.08488921350911055, 0.5049209796195073, 0.28256969371982, 0.3517156621927409, 0.4310194225710151, 0.5343008889690803, 0.48442307707314697, 0.4401677332796619, 0.305622534821842, 0.3144831663503476, 0.3025031333195106, 0.22279399115781037, 0.3567433592083281, 0.22250236779972446, 0.10252083117132554, 0.19847701956974215, 0.13224938550956608, 0.07305496659006132, 0.411283394840762, 0.27445720355175196, 0.321852798396764, 0.26522970684641695, 0.32579170344518155, 0.44877381471717537, 0.46090673017603173, 0.41441678477857574, 0.4164518810100412, 0.2567535167683399, 0.15450770575196804, 0.2977577372633594, 0.39517446712725757, 0.35104577884576066, 0.3856626160805242, 0.32145946193186187, 0.2809690350091033, 0.2675045409200196, 0.6951109333608699, 0.17505999984468615, 0.004690733626449832, 0.2701116548142387, 0.2878166441335689, 0.284236082447697, 0.42828015563319355, 0.34582335908126577, 0.36259290153759755, 0.5173316482266334, 0.31979946902608714, 0.36032043093642246, 0.453689802349303, 0.6657195163617714, 0.5518484333592782, 0.36676954979859777, 0.4575493269106522, 0.48274219165713045, 0.40682222918422417, 0.41085481939404284, 0.597710714854218, 0.5440101809039961, 0.34585475433693713, 0.2689507473951208, 0.36451862112966427, 0.48955685734736976, 0.6096089315852806, 0.3477774524277534, 0.49331155266025617, 0.6174362689936002, 0.5134149287422377, 0.4328661999714261, 0.40740062152750617, 0.5669169530564598, 0.7075881414774725, 0.5321533980663407, 0.36361360965906886, 0.2104892140867524, 0.33519376093852915, 0.4854021052987207, 0.5609581044879846, 0.411543343783169, 0.29662085455515513, 0.3381292885781551, 0.22216389182454957, 0.2990454408946286, 0.36376979397750847, 0.36404845849017864, 0.5961398966936189, 0.4193427385451378, 0.5947544719295828, 0.5760992435792283, 0.43232404200248004, 0.4436600258888633, 0.7706926125201056, 0.6175406803454867, 0.6588130181740585, 0.6416484399655019, 0.6710903370987741, 0.45418812075762943, 0.6407274388787448, 0.5052777622869526, 0.31989063493090913, 0.6380972533753247, 0.597833873480923, 0.6399564786526776, 0.6125922217144826, 0.6310983188148145, 0.8071164603019213, 0.5857382565642169, 0.5500386410916587, 0.6074242934470451, 0.7410723445080578, 0.5413843226192814, 0.622890906936069, 0.5327263535654138, 0.6352291710361735, 0.56105721497479, 0.6354747625520379, 0.45627241941491825, 0.4782957547251361, 0.5484394680459463, 0.47332694044836354, 0.5078764326021905, 0.4312501642431708, 0.5423914874894031, 0.5161481129817501, 0.4679159766996009, 0.590648669147006, 0.6938286080026314, 0.5560007138183867, 0.5996215157556728, 0.5208111972062608, 0.5573106228870466, 0.5907786994628882, 0.5655142111514841, 0.7758211212452254, 0.6722946984069121, 0.6752504896961294, 0.4563515926173813, 0.6757738670689368, 0.8200040560775599, 0.7739693442485774, 0.7189149487362427, 0.6542902951137449, 0.7229272930402448, 0.6443254398856672, 0.7754771140617981, 0.6984149652970526, 0.5543368461542805, 0.5876734188277324, 0.518257110007157, 0.6224532579466923, 0.7081154885143629, 0.5898312754430146, 0.7149268375796226, 0.5691331711120754, 0.5342680386509554, 0.7873033709375834, 0.6285266025030333, 0.6478485940387679, 0.4446370198040856, 0.2775037767997364, 0.3866204800792553, 0.4146572973724334, 0.6676891185444893, 0.8253795757483994, 0.4482183921816637, 0.34760688059634554, 0.5858422777266016, 0.6350571242423305, 0.42275818271195503, 0.3508899709529626, 0.5300736437623235, 0.7142961345083552, 0.5973955575257006, 0.6758907086885266, 0.6526129546455252, 0.7020224185355469, 0.8163523363070224, 0.8139673994313891, 0.8460864087308962, 0.7074506314367587, 0.665643399798667, 0.6686605235851938, 0.667992272315625, 0.6092668263278583, 0.6674840677731563, 0.4820489404268541, 0.4505831732790979, 0.6941371610151829, 0.5077728521923905, 0.529934026647768, 0.4482275446019005, 0.6046908517911777, 0.6254380128308528, 0.68642366137132, 0.6344018440021268, 0.5452250683103687, 0.653902282081052, 0.7901509675940106, 0.5585558400723352, 0.7192830636043782, 0.6333006998981935, 0.5662009852662652, 0.4297055501514863, 0.34521170056171174]}