{"T": 246, "min_window": 30, "significance": 0.05, "n_simulations": 100, "seed": 42, "critical_values": [0.1969953125540032, 0.05804916638929067, -0.11088159205827311, -0.042381053224084454, 0.05843702851736024, 0.1888239789137483, 0.19372545567712657, 0.06638970089729429, 0.14598180145489256, 0.0755379537774051, 0.13769372975903246, 0.3134074142266973, 0.3927543370782376, 0.27867871106730263, 0.3051724600171027, 0.34229898861107383, 0.2753788447873972, 0.42778804744898846, 0.31273443259521094, 0.41118568348448753, 0.31808797098560837, 0.2378004986955805, 0.3172557913909367, 0.5243151722377372, 0.5650117606400578, 0.44351057889610973, 0.2993426367987442, 0.3295975633469304, 0.4926614290139441, 0.13780177153271714, 0.11358457684118367, 0.19073918537657464, 0.19232071676350188, 0.4103371321586437, 0.36729138615073065, 0.3995492305831113, 0.3704573654378305, 0.32397623369227113, 0.30560169874240095, 0.5555816259571575, 0.42370980714192585, 0.4408090245720747, 0.6577801071360321, 0.544521737791375, 0.44629359505955496, 0.5353872237378786, 0.43754887223233146, 0.44410602110022473, 0.6017325476769453, 0.4142656307444489, 0.4409176808919439, 0.5843405707234689, 0.4604066659287175, 0.2976210724392517, 0.43385595775409735, 0.45214068883379943, 0.6589515324038115, 0.36384776375234307, 0.3883584803133943, 0.550463747372617, 0.37753000356913446, 0.270874284473297, 0.2504602063628146, 0.3454799839082922, 0.3594669991724224, 0.5196849160798471, 0.47666168683637883, 0.30000356252272303, 0.5058078915292301, 0.5263182244354498, 0.23709630885706443, 0.1262207668113063, 0.1650250422691051, 0.12536332929997038, 0.09499672724733613, 0.1760019932499649, 0.29970773388741373, 0.2467995570262281, 0.2975016809385973, 0.2889136842683738, 0.34112852042469244, 0.4158216897766137, 0.4220722971693114, 0.42945961634790336, 0.4152106121250247, 0.3396228434577194, 0.3384788823154525, 0.5483670109949011, 0.49124291566808914, 0.5154717482161003, 0.4822006668942612, 0.6975261899769041, 0.7009573515112612, 0.7115577548052322, 0.6253873927597137, 0.679642418765788, 0.6730130057382265, 0.7823654538793473, 0.7812567751170021, 0.7044330474717628, 0.543919154390332, 0.6514732855597093, 0.5714309601469737, 0.9907534440864403, 0.5126473553750075, 0.4535854319655325, 0.562173594851162, 0.8466777928455578, 0.843841206467047, 0.7659323753631473, 0.4895327603347914, 0.6794570264674284, 0.6018028422684715, 0.5152085393909133, 0.5388510892201841, 0.5192704145787491, 0.6777982634101881, 0.6021390488253421, 0.5622745284346534, 0.5937617099680987, 0.484927555633921, 0.36405284932570137, 0.5595610237019998, 0.4996193347204803, 0.5020520326630898, 0.5371021041836644, 0.608500995131457, 0.668894141479753, 0.7287575464727214, 0.6238943150017501, 0.6051455117278355, 0.8114364330122109, 0.6023978869275205, 0.4530129137009267, 0.5071202977154493, 0.4570781915065185, 0.43042384900770025, 0.442232315219619, 0.46643199982517325, 0.4134147503604276, 0.42763798892186505, 0.4496208615420277, 0.25417774210152516, 0.2969704851797478, 0.23354336939847797, 0.5404129807318021, 0.6375404369756131, 0.7227535085462446, 0.7518776843545378, 0.3823476212111491, 0.429032632841406, 0.4755335760287471, 0.5261344321138061, 0.7238801519187176, 0.5884129036944672, 0.4875577368709949, 0.5026916458121383, 0.45260176920591144, 0.47754074099059335, 0.35464736738327707, 0.6010700691293946, 0.36625630865655123, 0.8724791945686221, 0.7606177174254811, 0.617169470770282, 0.5942724998653668, 0.5341527642403857, 0.6579950234486833, 0.590471196461925, 0.591248270191093, 0.5686449631630651, 0.4563016651050358, 0.443203920351843, 0.35230664673004297, 0.4907260773636458, 0.5797443860473626, 0.42568877746306544, 0.45978134682467436, 0.5332037325600498, 0.53070416380477, 0.3454962209828158, 0.23608479722470488, 0.3678428268043727, 0.3482909425822325, 0.34329996838250026, 0.49496397467793396, 0.34920993866394595, 0.3330387257388731, 0.09493231503286594, 0.17197777827723462, 0.10827398694523709, 0.14524833653613614, 0.2285860539459471, 0.35047396187300106, 0.3602291527829826, 0.3858266521143868, 0.3236029580096074, 0.3997976947459181, 0.4715379501702648, 0.5282220070814646, 0.6825681379973315, 0.5586097142594129, 0.5876191550732044, 0.5457708577760138, 0.6397212664049099, 0.4961695811521035, 0.48531269271647176, 0.389688324089228, 0.520764323367753, 0.5041647859490749, 0.5298307371817, 0.6229581421807335, 0.3883887910176508, 0.49246669955023004, 0.44782960562160307, 0.6897612359210329, 0.3832494361656599]}