{"T": 247, "min_window": 30, "significance": 0.05, "n_simulations": 100, "seed": 42, "critical_values": [0.07360710962516555, 0.15276942948065514, -0.04640639614825511, 0.06776375972472534, 0.06933559102467633, -0.21795440791099308, -0.2300619496887465, -0.0984911178368865, 0.30857104457207424, 0.38778584989836656, 0.32647371320198904, 0.38127190084676454, 0.31771110475925257, 0.17920410290245653, 0.3127750971304414, 0.34477996340009087, 0.25295753983691277, 0.3178654039336423, 0.3354759159297288, 0.3528655747484965, 0.15624578016941965, 0.11538264769111203, 0.4240144990019728, 0.13508241197205562, 0.12140605206909905, 0.1874371535851395, 0.20705120305132105, 0.46384984677383334, 0.1810605021772778, 0.18336157640438921, 0.27943606301563095, 0.21405940950784963, 0.31310193089769695, 0.5546347469443851, 0.20034110982388947, 0.10190496605096482, 0.12635619428380623, 0.15930096019657883, 0.1511094552080624, 0.09116501538619416, 0.1798371128228934, 0.15083017805672538, 0.20481017123645584, 0.32827977820368526, 0.48719171276323636, 0.567629236309135, 0.2530704315889604, 0.11426916035202289, 0.15061829081874664, 0.0266396559393133, 0.09118005151084996, 0.13715206838987526, 0.2720332628901764, 0.26056169040157384, 0.3440985224091305, 0.1453884703158702, 0.25334290693822087, 0.25510760658690135, 0.10837991676823008, 0.24006554553503537, 0.4207209148963079, 0.3787679266908109, 0.1873861879965183, 0.15010316851443276, 0.18828131003255297, 0.29215044798288226, 0.3549031300198646, 0.2863470461329441, 0.19553488609289485, 0.26850488114126, 0.36529838895867917, 0.6481007321705629, 0.630671091702303, 0.6519126441605084, 0.5716742646360822, 0.4523164925635316, 0.5396170725867651, 0.479701084977182, 0.5516666431161907, 0.48379035650847163, 0.5592498473055438, 0.5852576327556314, 0.583766954605999, 0.8177358378606269, 0.8738003237350125, 0.6043109110035526, 0.6105734990163669, 0.6141840519782099, 0.5791421204226809, 0.7705629114772071, 0.562402732990803, 0.30124389483890435, 0.4092378025901248, 0.4043426162725049, 0.2839794707380406, 0.2595635273076862, 0.25113157820608745, 0.41045932112589434, 0.4670213832748124, 0.37251673403776375, 0.4326586241361701, 0.40115467439575125, 0.417930770370546, 0.4214879788933742, 0.4163288460830742, 0.48937224065251994, 0.21332106088803635, 0.1514328394534025, 0.310177439422739, 0.18228819374909175, 0.1304759577676821, 0.022095244778768626, -0.010804121991884484, 0.051380750006514354, 0.16935091633163682, 0.18443648916869765, 0.27194561583597504, 0.25159783775173866, 0.3818584768972074, 0.6826251658572058, 0.4611627176614525, 0.47735560308758507, 0.4625725139666355, 0.535317060250336, 0.5032629779554696, 0.6269578779292502, 0.35265059658505843, 0.37542414995241663, 0.44082864802436067, 0.4071991955008648, 0.4022247006514246, 0.37053514935973214, 0.5386794546724623, 0.5948176235637692, 0.5535491123667908, 0.3263495345710228, 0.2504880958556911, 0.29985445223620766, 0.2354771642283675, 0.3442998122231808, 0.36584144797194507, 0.3564626992085154, 0.5141784170575365, 0.5200305863799944, 0.484960036560632, 0.39500478479559936, 0.7299557697038499, 0.5896395418290127, 0.5968909187382079, 0.866134528922317, 0.41919113416609405, 0.442496884151899, 0.39965008395660967, 0.3922370005073344, 0.4730978668843984, 0.4965634165689058, 0.5203018933822224, 0.6787604785411355, 0.5269959623930428, 0.4214938546933386, 0.21783665300756, 0.24620093517982336, 0.45925346626560576, 0.6436485830029504, 0.489489661235793, 0.5460247524902023, 0.7158449162376228, 0.6334299388097782, 0.8241490166798353, 0.7019265441416774, 0.7262200309785883, 0.7171087399805152, 0.7683576666571527, 0.9475725562662962, 0.7960999779660808, 0.7244008542414139, 0.6651533650343668, 0.5865453377240717, 0.7215563179717733, 0.61725839221087, 0.4513390142756767, 0.5021258418899919, 0.4632586107495041, 0.46650979640265866, 0.505235000286063, 0.4963962676459933, 0.6351401771385216, 0.3668597645129752, 0.4315847700427258, 0.6035191138501919, 0.5825370768765364, 0.5411288769813019, 0.5891694809047495, 0.5609521928913768, 0.6288077108104967, 0.8087872786630044, 0.7966107859859677, 0.6798364567830337, 0.7301327121759117, 0.5873949094535467, 0.4922797532706913, 0.5096257021138283, 0.6001794415402835, 0.7483735069996071, 0.6117033863388743, 0.7346657900476391, 0.7112242995586926, 0.6765121793684484, 0.5610757691344463, 0.6202230984673236, 0.7180128102184339, 0.549131101144028, 0.5807396806673499, 0.5091536982377246, 0.4068287834705261, 0.36904169487555705, 0.46016991564752446, 0.41676643361989485]}