{"T": 248, "min_window": 30, "significance": 0.05, "n_simulations": 100, "seed": 42, "critical_values": [-0.07664182682860604, 0.06779132928780653, -0.11352052482859987, 0.011870751267502377, 0.14779415438311372, 0.17912866437658462, 0.03144568583887336, 0.23289037128340165, 0.23295822320550674, 0.3626985445795523, 0.22403805267502128, 0.18900912219554458, 0.22578621825244116, 0.22782111811028838, 0.20129555171454136, 0.14539706743501193, 0.26691186094522684, 0.3221746427815922, 0.15292903848801623, 0.002109942359706997, 0.14394434094523723, 0.008494571310896655, -0.10347547762309636, -0.039924333749809006, -0.0791461277078416, -0.10782485759690101, -0.02957413504518772, 0.19542729389240562, 0.21846592341303803, 0.17503574114203152, 0.2731868611458267, 0.10389353744003943, 0.07759654223223611, 0.26839536011260445, 0.3686981707502081, 0.1725098263338684, 0.30659124693566203, 0.5557358790986405, 0.6196769109983529, 0.5282177325483968, 0.4749721069965304, 0.46361908379559585, 0.478885987663181, 0.4021774085222759, 0.5642212346092029, 0.4969509006035504, 0.4410292755173698, 0.4124291373147842, 0.4424041363354442, 0.4668372713696208, 0.5916142506516633, 0.4103688047967955, 0.42820431225248906, 0.8039467084564659, 0.4829672909515417, 0.553604003240462, 0.32088858289413297, 0.5021845715679478, 0.40225128884624145, 0.536374596677599, 0.4142094794996866, 0.5619726019962806, 0.4437231118270262, 0.4990090120115003, 0.6713032770711724, 0.5363832465848286, 0.6593183092609805, 0.3648766541166945, 0.34186556284771896, 0.30737701472577245, 0.34485373440665107, 0.39056515040374945, 0.3495563743591412, 0.4142793237813731, 0.6194583057562802, 0.43765200161012613, 0.4610633094224739, 0.6127510488935192, 0.8013009703625589, 0.4597906827912251, 0.3189974512512426, 0.2833437652708977, 0.4596953434569369, 0.451168131777314, 0.628944373530035, 0.619896646667178, 0.6277375101961267, 0.4705694732840505, 0.3848723329397736, 0.47540795243481, 0.3932588383799188, 0.3996614224973068, 0.3251626554847718, 0.3894431162275556, 0.32651130836075126, 0.2823253030925249, 0.15288794830131378, 0.42970405364751313, 0.27492790063408623, 0.4557155614669971, 0.41952317855700155, 0.5869675826070577, 0.2472478951769548, 0.6686173822944441, 0.2876462001384281, 0.2227898902549699, 0.4528333054927149, 0.22694957443409355, 0.2802156806651465, 0.22157810024199598, 0.3710173273037982, 0.4544449221508958, 0.2414422428813628, 0.3639399276913222, 0.34200171664615053, 0.3673285933330571, 0.4522993743889606, 0.4772406351099766, 0.3093374845849514, 0.3154377088650963, 0.13313303821003286, 0.33415517445841497, 0.5885778334935495, 0.7758262353741119, 0.847221163629821, 0.41455563041956905, 0.5978328341179397, 0.5878456596955843, 0.8460130653509094, 0.5290914923656361, 0.5098542958221118, 0.45659064402280125, 0.5330962100902296, 0.41385540120575665, 0.5212876718543468, 0.6955538288820268, 0.8403993645045563, 0.6019384732115795, 0.6417373291502049, 0.6486140647737461, 0.7430661810515468, 0.48270193093586083, 0.8131139536003926, 0.8640388283927254, 0.8693053093959329, 0.8260693382128302, 0.7203137526959166, 0.8147791348693814, 0.7226002517536787, 0.6721225341311033, 0.7470848636527998, 0.7849706923214703, 0.7855181082763526, 0.6648237220525506, 0.6724257584745095, 0.7085212391471072, 0.6332997713951466, 0.4858894041219355, 0.4904292510090755, 0.5626507730415448, 0.4377117117634714, 0.6996824883691559, 0.5760094561452074, 0.4538387161963594, 0.663684551564683, 0.71844349239384, 0.683512657002283, 0.5585745042252098, 0.6200294779257014, 0.5857203268963433, 0.5976215008510991, 0.7678293304546057, 0.7481001445152176, 0.6946683589026507, 0.700169946133886, 0.7025028992120314, 0.5087771740321336, 0.5598962919174387, 0.745197039489363, 0.447393009851485, 0.4818796676053929, 0.5782104856792531, 0.6397685830651688, 0.7117649354336578, 0.653328695919053, 0.7021183046526978, 0.638228929308752, 0.5445283153403936, 0.5650206543701526, 0.6186009467052834, 0.6094942896080557, 0.6511418029763193, 0.5786589981516381, 0.4160908174578875, 0.7697059363523927, 0.7828305057532882, 0.8139497691601533, 0.8211187318014406, 0.7478425083201624, 0.6372236831530443, 0.6389430959898668, 0.5250973416681767, 0.6960708196646769, 0.5665435061184528, 0.5836759218220695, 0.4656836931524094, 0.7266688350980011, 0.558257085430374, 0.6677520656198556, 0.4097055552368312, 0.500662267472122, 0.42706587531088785, 0.5015508155995678, 0.6105042780150972, 0.6201030778724814, 0.5838556010512506, 0.7354165431596601, 0.5910346052555937, 0.42648877261693163]}