{"T": 249, "min_window": 30, "significance": 0.05, "n_simulations": 100, "seed": 42, "critical_values": [0.1259770352775828, 0.26714380753747835, 0.2082137704588323, 0.43131576388361004, 0.16733086923641502, 0.14082197001784794, -0.01023538607887437, 0.2295750805253558, 0.17767148179202924, 0.3914552338027643, 0.23255441212511127, 0.01538106859300883, 0.03436944392514568, 0.1651239310448803, 0.4270174744300164, 0.6144828799475178, 0.4146377301336366, 0.33767056644352156, 0.43427757322831945, 0.17625198103397166, 0.2524233119014175, 0.3324783171410963, 0.2871263208992686, 0.22181771564900596, 0.1367588662078772, 0.02722305484924612, -0.03495330126146497, 0.1089962087674439, 0.21082200882476532, 0.1603459683776166, 0.07881990820336698, 0.18480189635925692, 0.15262470379700058, 0.16428428367028866, 0.155653446239298, 0.23762792266933264, 0.400272100465944, 0.37041470023006673, 0.6411423684918501, 0.4813845321848556, 0.20573480061401575, 0.18912999362021937, 0.3542953580019302, 0.4921748395901844, 0.5066615415697595, 0.6712092793306517, 0.5899270104608063, 0.5555350409113227, 0.5412177460987719, 0.4442160919444279, 0.383398928140501, 0.41132781787574063, 0.4333073076486855, 0.5389775729203075, 0.58820577583789, 0.46571118503732734, 0.28777580785668605, 0.22774796564564315, 0.4070181719440958, 0.4789219968005036, 0.3627428761484897, 0.3136949579248219, 0.35464182953141604, 0.346990675632938, 0.3827692547571717, 0.20063463610228427, 0.1391302245987585, 0.17988884554957307, 0.14358706843468416, 0.368098536981035, 0.3277674577383077, 0.2565094978012323, 0.34205845294850035, 0.10062540691547034, 0.27558772283540606, 0.1033835985513063, 0.24849499592186775, 0.23022407985848536, 0.22818868114352134, 0.17437662259595815, 0.49638862881934404, 0.225721377946143, 0.11881867277613348, 0.07351754564800993, 0.4320827334299292, 0.49139022181972236, 0.4539978499745435, 0.2695547926494777, 0.42219685847524996, 0.33661039225113637, 0.4623876168820362, 0.5934409379668535, 0.38276708561650535, 0.3921874330259134, 0.14145311723965434, 0.32745017534904636, 0.5784932086229919, 0.6497994428686285, 0.45251949288994237, 0.4027723090395429, 0.5300817443426076, 0.4507508136620801, 0.48040282697397385, 0.4727058324830482, 0.39963419045393267, 0.5503027538411883, 0.486537970787735, 0.5871882011504324, 0.4493405966806755, 0.366257953126215, 0.5193932363589371, 0.5654336068220712, 0.7759986109500563, 0.8254246923297112, 0.7070249847092646, 0.6949206694115337, 0.6558337092270404, 0.6778464338321256, 0.6075922440440262, 0.7292472301704856, 0.7479159472919356, 0.6840785327631922, 0.7121786144518417, 0.7519947447109319, 0.6219219041885005, 0.6786091277048788, 0.7179839046207694, 0.7556369767337361, 0.790066197433877, 0.5493900470804876, 0.47853649838880563, 0.49748220426114115, 0.46553577593607903, 0.5249134682115043, 0.32514204263308005, 0.505346396263216, 0.4496086949399734, 0.6053906700719925, 0.7646221276159767, 0.6268350761959267, 0.7301206485893151, 0.5446485697483859, 0.5686205740099759, 0.5156536601050191, 0.5738902127328258, 0.36274421173384774, 0.5186898820847972, 0.6636336093606522, 0.6438464847484021, 0.6799356203474796, 0.7478979693497015, 0.7381067523338888, 0.7374079748394419, 0.4921631499197119, 0.549716872142822, 0.39192742704429495, 0.5123097256169208, 0.3194059337214095, 0.31854647825562576, 0.5102561623853571, 0.40941200977437453, 0.5754574906992533, 0.6990113088279932, 0.5273550147691843, 0.3999140441898453, 0.4989049676824085, 0.4534411862962514, 0.39439209298734507, 0.3464001834021072, 0.47387954291595813, 0.42740478827512074, 0.5565887304610547, 0.45162226563148655, 0.3295069319980507, 0.20747981009265157, 0.24204087914156666, 0.2981150568129351, 0.4253930557117321, 0.5430143744439582, 0.5175049226452408, 0.608107217113353, 0.453235030581048, 0.510323622008798, 0.6109950170835342, 0.6889084092926628, 0.545719399496215, 0.4136881196074227, 0.3559315773700301, 0.5466489679381561, 0.37494297998161985, 0.4539270593592555, 0.4894706285894916, 0.6092060187692985, 0.6018229449962065, 0.7479492282248146, 0.46705097129977624, 0.5100084697191108, 0.7139866157053304, 0.6055190824197196, 0.5484647889019757, 0.4917662714447429, 0.6727302665375804, 0.6552876120674438, 0.6651829628284891, 0.6199733278507431, 0.5907488849297992, 0.7589002550880616, 0.6348396577771451, 0.7438467040706918, 0.5640026273567149, 0.5762601408373906, 0.6280956938478289, 0.680213091337294, 0.5679209836102151, 0.44088060021515246, 0.49908901606221684, 0.3593278837330137, 0.6518018734968076, 0.6856157284010472, 0.9619989651385396]}