{"T": 250, "min_window": 30, "significance": 0.05, "n_simulations": 100, "seed": 42, "critical_values": [0.08995161903659019, 0.15030562534042524, -0.149979569829165, -0.0891170776939593, 0.11649990202909918, 0.375952041500765, 0.3312105965522569, 0.45576685396958777, 0.07769179997165972, -0.025195077041002906, 0.03839817673247343, -0.15087015719696015, -0.23747782136512433, -0.16997861198542014, -0.02355149027567574, -0.0032903643038013487, 0.11658402344756807, 0.3184226147482011, 0.14908557217590918, 0.14527238109637394, 0.06497172743818584, 0.09888037917415815, 0.03905670425470021, 0.15467848648002103, 0.19882749519330217, 0.1463504659043024, 0.4099765474774468, 0.2872334052331969, 0.14914060953504166, 0.24911094876371265, 0.34214984336697385, 0.5341154152537783, 0.8424953509059725, 0.6261319388399252, 0.8662788889761184, 0.8419902745911761, 0.8787884599887326, 0.8682395639061004, 0.712799674497818, 0.9643424645359617, 0.658515194863971, 0.5809363559196487, 0.5634021569991644, 0.40812979297923724, 0.7218698387569723, 0.6395500333467249, 0.5266502656296921, 0.5823665012772318, 0.3790522827881075, 0.3425721795230446, 0.47935554578902156, 0.3669626100947091, 0.37398212584516816, 0.5838890036872827, 0.38762727303810085, 0.20402839329894418, 0.16049191919205266, 0.11123123345548726, 0.17490306584399812, 0.27556234287591486, 0.2018676095386335, 0.33998931597388127, 0.3458042291843815, 0.3302284514337109, 0.27666077778422776, 0.24940236849450653, 0.27091064513743585, -0.12131594957703042, 0.10065745773066358, 0.3906516296116718, 0.4657718474988819, 0.36514573994230914, 0.07294112056001066, 0.135138194124761, 0.016816074925120356, -0.022825082558962245, -0.049749170990435014, 0.10530138929262037, 0.14036179456020903, 0.23076601567978025, 0.2511702067715194, 0.3994350379358631, 0.41355537456146285, 0.3499641098677228, 0.5901263872995006, 0.48985154185508656, 0.5333395356894414, 0.5761129729557009, 0.44643543994766416, 0.40624337532567545, 0.326505356841508, 0.32142199723408604, 0.5117371163251565, 0.6560884846628253, 0.3195397578071965, 0.4547177552697835, 0.22707748414881668, 0.24190494505683555, 0.2753182208873542, 0.2749175220222757, 0.3758634132418665, 0.7145260520435852, 0.7252825528814981, 0.5562230723339717, 0.6235621911326044, 0.5088927113027742, 0.5828132164585437, 0.661867309358812, 0.7634445837391921, 0.49049307739851095, 0.5931207109185034, 0.4803792187060413, 0.7276857568920346, 0.5275926629503214, 0.547480556410556, 0.5112033267791197, 0.5184446933625552, 0.38221535622640734, 0.6061182550146069, 0.7472911065196786, 0.6904294957452503, 0.6357926475552101, 0.7432614669968304, 0.846333163056782, 0.6723744565812915, 0.5137669714575261, 0.6342335711996795, 0.7737623474739994, 0.7375784388756794, 0.45123096223335096, 0.6167295718360012, 0.665251680503438, 0.542444259006101, 0.539508736091369, 0.42957291378452406, 0.5486186532506732, 0.5425868795346583, 0.4443767065883441, 0.5397185383872948, 0.5832921767699699, 0.6064345609869689, 0.47332891541308736, 0.5446855603571432, 0.5967457053147874, 0.7061254430186827, 0.740805490929416, 0.7851044974705835, 0.5567143799768776, 0.6053798600931438, 0.7287257996720384, 0.7331816459171866, 0.6985947409442232, 0.7158827582743797, 0.6573546733790313, 0.6282319695870917, 0.7207329475782348, 0.7518239638864115, 0.7318833856820491, 0.7483246517695042, 0.6040377454179926, 0.6365458296771277, 0.7010497014818953, 0.7864712839129528, 0.7537097065380524, 0.7449751020591971, 0.736033685271357, 0.6154367727410146, 0.6731134546181367, 0.47568089484504, 0.572024652245394, 0.5951236636500811, 0.5868407307407181, 0.42145169621160367, 0.49763016003043326, 0.6481306486379776, 0.5643699402773267, 0.6087721727923391, 0.5664000373269672, 0.6127953422650075, 0.6231821629786313, 0.5084775963337091, 0.4504431250550168, 0.5308296071782725, 0.5883297826127868, 0.6487026585915676, 0.5211041498704024, 0.48775242469265573, 0.5207900495838808, 0.5980351129160661, 0.4935479829335551, 0.5381186763543184, 0.5953977984012704, 0.931173219029136, 0.5980171878431007, 0.5804262981162056, 0.5163727137230315, 0.5696232692014047, 0.4557650734479538, 0.6156931708501501, 0.4524097374363214, 0.36626155850051195, 0.5230694252209308, 0.6971962744434662, 0.5838564508280667, 0.47423217372403764, 0.6716170152944374, 0.4706192206679131, 0.3239619049148956, 0.297736589239739, 0.562864019142581, 0.4626319231118262, 0.5004741275198719, 0.5571042474534453, 0.4563291119544159, 0.2945499346023312, 0.273763438862041, 0.40602721119165247, 0.5049927780481395, 0.38755773273123356, 0.30046878190262843, 0.4429945310580061]}