{"T": 251, "min_window": 31, "significance": 0.05, "n_simulations": 100, "seed": 42, "critical_values": [-0.06332312708480885, -0.27741985050916224, -0.2482297732859895, -0.16609886334248972, 0.139911938860274, 0.38463792292337146, 0.1796770210971319, 0.28707507624474055, 0.30717531190822717, 0.2694142045089341, 0.23528766927188474, 0.2006114101185097, 0.2847156715872305, 0.14354545442589714, 0.12375008183121747, 0.1365390182626964, 0.2071917959134461, 0.21046736876515512, 0.25997670858749056, 0.5076896941737203, 0.47323682513869153, 0.4443194549367122, 0.6429919502010463, 0.5045710609310706, 0.4928961747413149, 0.4551626534952554, 0.7030754478281844, 0.6875221927403196, 0.4238812757074805, 0.44783222023699754, 0.6219817511110164, 0.3547388308157085, 0.3305049359726312, 0.37147380413609465, 0.6384858468693636, 0.3883338240882564, 0.2731951868254392, 0.24772661738422258, 0.20361953534777272, 0.27536997811535896, 0.2471590094808595, 0.23697613745074947, 0.3390875131989754, 0.2801752696947794, 0.35170781199304363, 0.10264943722626158, 0.20494342719540745, 0.2836474932128851, 0.4031159831405624, 0.3620787904291261, 0.1357347484227185, 0.279427887951114, 0.4085453433812791, 0.3236083897829773, 0.21518343061615552, 0.27139295563460974, 0.23172904043173292, 0.29222596913315046, 0.4497451054049276, 0.41207058048881917, 0.318765811615168, 0.3631585257479158, 0.5303362937161581, 0.5810833795783203, 0.5843145672809822, 0.8160940461363025, 0.839990482526031, 0.7632090039881491, 0.6257877779907766, 0.7366909017014917, 0.6671947607024666, 0.7318054520494519, 0.5771128294547786, 0.5806556271228878, 0.4061288937372468, 0.2603472179830504, 0.2856142653843295, 0.3764178809765908, 0.5160144442164392, 0.5397675140523748, 0.3947712505131986, 0.32945054171042426, 0.3090162594981227, 0.11309652575071241, 0.12092613452130771, 0.380253073639028, 0.3339809646481427, 0.6166780562172925, 0.3687186400327523, 0.3806697868248863, 0.5833962544259172, 0.631210138469917, 0.7341051593774318, 0.4636538824927008, 0.6916061883568647, 0.7794146004249959, 0.6127230625267884, 0.5902131789601727, 0.5035589239632656, 0.48387814017844916, 0.4803332802433474, 0.5558245044034265, 0.5581726567322276, 0.49176819921102527, 0.5227870960670498, 0.6388107345997109, 0.5199603219851824, 0.6884027763819466, 0.7427715173751858, 0.6134238164987196, 0.512051806609427, 0.6160872461122106, 0.700256611838907, 0.6145871935119827, 0.6115558542805747, 0.5521847346100835, 0.4441967379804572, 0.5789229760952909, 0.5726450893174455, 0.6724672579252021, 0.5294564479668565, 0.4534777674061333, 0.45786477720778407, 0.4348849853288116, 0.5760123719624636, 0.5614849202195374, 0.4063507698168354, 0.41708478651170505, 0.43997923142729334, 0.4789921580260315, 0.41715807960873724, 0.24902852654087626, 0.4210750303099476, 0.5060201414604619, 0.6295910743448001, 0.5326842697516571, 0.6365200555190338, 0.5487972808651429, 0.3154887892404136, 0.4536276417144032, 0.5003977867586178, 0.4556895830463422, 0.5422433055529757, 0.5999496478901437, 0.6868072907120308, 0.5129922924505206, 0.384646275542299, 0.4933224158476329, 0.48969341332200644, 0.601307574987253, 0.6661150705402925, 0.5122976022215886, 0.6333611386911947, 0.5130465445849477, 0.5850919443458794, 0.4678543894889449, 0.5147688132696525, 0.4140906482166789, 0.5031596025004968, 0.5770106691417031, 0.5886674007250587, 0.6479953296649332, 0.6001618472178678, 0.7350116430210927, 0.7483825996802024, 0.831950439797342, 0.8229421597450698, 0.7886538153804784, 0.7593157168456616, 0.7650928617342436, 0.5327723363537817, 0.7050456185421301, 0.602206517422372, 0.71945664471059, 0.8976072652303961, 0.6795683796511018, 0.6005779288179608, 0.5775297423350979, 0.5707037474282722, 0.4355404594649884, 0.36809539569394784, 0.49159792476259995, 0.5206858022869144, 0.4521776618922741, 0.5882582800047635, 0.5064234728838072, 0.5877822878144212, 0.7581733181023311, 0.6067567803377913, 0.6664602040199665, 0.575525423754234, 0.7843262458961947, 0.41826889100153386, 0.615437526426546, 0.6924170931532673, 0.6066373737353953, 0.4499785598419087, 0.252820848790933, 0.266088351332633, 0.3292332884559566, 0.3230093714708585, 0.42953758089102145, 0.7799910065356923, 0.7527128641263905, 0.5026041922300474, 0.7517940476096504, 0.5522116820439279, 0.6546931360156355, 0.5815145088438828, 0.3688080002724297, 0.3596279842136905, 0.532459979277376, 0.5896427367929575, 0.5993561740938355, 0.5760095694372777, 0.48543809044711766, 0.45300135564385857, 0.46758848726108665, 0.34379231075388966, 0.34171893526397246, 0.4790825804987474]}