{"T": 252, "min_window": 31, "significance": 0.05, "n_simulations": 100, "seed": 42, "critical_values": [0.10878686808955779, -0.2816600027709178, -0.07572063315645729, -0.21231638605950692, -0.16701555391131861, -0.035626538893269465, -0.33190917209854764, -0.23967156834334064, -0.022807484921936613, 0.1467819588308805, 0.18990119628653854, 0.18070794198013798, 0.080267515288064, 0.1939877355204927, 0.2737461767930305, 0.12858846835734658, 0.39556274294480087, 0.5493768788901172, 0.1924807904026738, 0.1446993384454056, 0.27369319942000286, 0.3690479150507049, 0.441358735109579, 0.28131913602777714, 0.2417563890941811, 0.20088460360489918, 0.1430373485893023, 0.4233748985098524, 0.2881169191792723, 0.3342182673486499, 0.339016449036116, 0.4476451649535716, 0.28871116836422966, 0.5928820269729536, 0.33774804014248494, 0.13490168996156848, 0.2775902831237612, 0.3496189857523633, 0.4559344034836938, 0.4575940262519097, 0.5120201499627908, 0.5599692209455455, 0.36404154772997205, 0.18857356076023754, 0.10514195959107024, 0.2226732342901474, 0.3033146111110595, 0.3499225474660242, 0.30124777348546183, 0.18564309424107775, 0.29946111901604855, 0.4155506695973907, 0.37915214600465275, 0.5745756630776643, 0.2860067728951052, 0.5134580381496395, 0.44694872077534625, 0.4917745925289765, 0.6771732401809055, 0.5066814000981578, 0.4581111030839283, 0.36262880767000266, 0.5220281180375487, 0.5174168738030553, 0.5610165823859367, 0.6024025806214799, 0.6752229531720289, 0.24260429360386154, 0.25374572320628896, 0.36909499930798445, 0.2602096017997803, 0.3072104473725425, 0.47580432756354435, 0.18458713647894376, 0.12766217637961652, 0.2571973696201959, 0.3574821859918375, 0.34641872847581995, 0.251349491806874, 0.2770808472065457, 0.347506371029431, 0.5820688431518165, 0.46426732055287917, 0.4985062001076838, 0.45350664357929393, 0.39278177090571637, 0.31408797101834596, 0.18686886765842195, 0.22012806928410755, 0.42864213181887856, 0.5016641438395237, 0.49915141824957415, 0.3392285179588847, 0.20348013506704096, 0.43616236857546653, 0.46833152498282266, 0.41726638786753945, 0.42292444363309634, 0.4260277340576489, 0.37823309814590045, 0.47745542344991193, 0.4852361155587236, 0.44184867259457705, 0.596139410014695, 0.40998394698833057, 0.45975847853789026, 0.2674804774725487, 0.28367803921735973, 0.4645050975836699, 0.43548694618298195, 0.33877589685010734, 0.3783014356966126, 0.5374120301698943, 0.5171471753023379, 0.366932179934138, 0.6802831281088773, 0.7162166032025875, 0.5438181405681882, 0.5886570993919166, 0.6036481395778668, 0.6615918710579226, 0.300750763396129, 0.5013809869441913, 0.5875271949367993, 0.7848586772380998, 0.8308565010770783, 0.5352320594537042, 0.41236244149046614, 0.675959394795092, 0.597968008002939, 0.6527463699966239, 0.3708549566234792, 0.4852163268010552, 0.4304924352047959, 0.6997829704697391, 0.6051231255731419, 0.6491566229168196, 0.49557505093955406, 0.7707775761484993, 0.8462648176382003, 0.6836000870796716, 0.6470172685916874, 0.4977847303718861, 0.7394240523884834, 0.4786488651311372, 0.6974381979945335, 0.6602068997038676, 0.48447517118436384, 0.5853201465341562, 0.5838004211080414, 0.406309822573043, 0.7483420661397895, 0.8004127938410696, 0.4094137076154764, 0.533112456419722, 0.5854214464330105, 0.4701684355709873, 0.678335590275773, 0.6203385551144349, 0.37847129404346863, 0.506194261911222, 0.5696271115591651, 0.5787837728793058, 0.6746141178880002, 0.555731779343301, 0.39277574225468725, 0.3841645385641325, 0.38911726265470375, 0.3811881375036705, 0.40194639237016666, 0.28560717847116046, 0.25675853525299897, 0.5248139600123339, 0.490222711932267, 0.32140496432457166, 0.5553005807834668, 0.4750509900132643, 0.5158790200616208, 0.4572452738734667, 0.3688771159343045, 0.48451284722127147, 0.6380173051442164, 0.48575188877835146, 0.5068105733925068, 0.5553708791941666, 0.6193160356397771, 0.6574701378528935, 0.6791208734033146, 0.5832088876105445, 0.7786417136259869, 0.8315311851860657, 0.613104986878967, 0.7434515691440707, 0.8213356417540968, 0.4996898068197352, 0.5006359527023222, 0.6533499572910598, 0.5423779184951539, 0.39259472856858807, 0.41961598647707854, 0.453487059989425, 0.6320411328989782, 0.39861369714923306, 0.4244139868554325, 0.35375572770907776, 0.39922903742564303, 0.5492836947078193, 0.6483401740517873, 0.44340010673503677, 0.6292350537797283, 0.5704108513058163, 0.46826594775608243, 0.5442282255087803, 0.3907164011267005, 0.5925011571412858, 0.552313394775102, 0.5877888449714568, 0.4959675688086776, 0.6544327891057963, 0.5280991235823278, 0.5291493711291538, 0.48485293521419753]}