{"T": 253, "min_window": 31, "significance": 0.05, "n_simulations": 100, "seed": 42, "critical_values": [0.0906061457482966, -0.07978120385366175, 0.01031945796323671, 0.06849345789882844, 0.05945273366592959, 0.24981487248012874, 0.13455326312538288, 0.06673447963173884, 0.2628224563132429, 0.2795645591355255, 0.26240126165663324, 0.04449974883848199, 0.09047833896919238, -0.06825269712898849, 0.027837586065362373, 0.10039486814604986, 0.14830642385784573, 0.07411072057823762, 0.13842334379237298, 0.13049246344287518, -0.008513329186909564, 0.037718207341057824, 0.1352118963413293, -0.06003329353486087, 0.06884368959208226, 0.3186275637762548, 0.12107721024197238, 0.11119972586300896, -0.1084920598379148, 0.14153387088277458, 0.06237914886181753, 0.2666935694415575, 0.003715794769648336, 0.31307991396284757, 0.2937652666549, 0.21018432920971575, 0.2635986138463054, 0.2741247021127179, 0.13564336137775856, 0.07221526421096305, 0.2807117682433789, 0.1398846009472562, 0.03358172798300021, 0.10227072390491751, 0.24706924007966943, 0.265001894460686, 0.1211325256065533, 0.28964830766046973, 0.11976571093111374, 0.210417932797085, -0.0033783871281400078, 0.1250011319516973, 0.2514216535098901, 0.6034118685816363, 0.46251905543803745, 0.3285809445276967, 0.4762412134298913, 0.23252773914251487, 0.11594592900350943, 0.038029993658435825, 0.008310468817057541, 0.24223475598703614, 0.11296536026912665, -0.027602996879289503, 0.031170689572315925, 0.006095149751333584, -0.05828625171856756, -0.09625840893101996, 0.05244766986638016, -0.05041648747869029, 0.04146322309966198, 0.23436452606731678, 0.19013597770719537, 0.40191352960547044, 0.46725028536154833, 0.22935796883436377, 0.5454944868638447, 0.48609365426291073, 0.45272366214730875, 0.6201444487577006, 0.5964430318982689, 0.3481212288742089, 0.44737362529482166, 0.27341535705512626, 0.23305149530563146, 0.14242006492975762, 0.232101424634354, 0.28558505759554137, 0.2903150739420519, 0.4279030697134175, 0.4176958953810297, 0.42935941511843284, 0.41366141035819265, 0.556996008145386, 0.41376638828789114, 0.607049685241783, 0.5301695032725269, 0.58690308771905, 0.6081723937701861, 0.7282933728585106, 0.7320501764337541, 0.6097738333247368, 0.5711709308809696, 0.7089162648671362, 0.52182326951073, 0.48854975766532394, 0.6607551648260364, 0.48262316376429154, 0.33047557420794715, 0.5547818369728156, 0.2169551323549557, 0.35770976176375685, 0.4583431875102117, 0.3564635897625935, 0.3448395366859324, 0.371619382219961, 0.541468734874954, 0.6973227915404865, 0.7200034175092754, 0.6658158977726324, 0.655069599533602, 0.5800129154474758, 0.537175490814398, 0.49519022463753604, 0.6534850556480952, 0.6969344915256208, 0.9748960749516531, 0.6795815128548852, 0.9781944130131107, 0.898015140981054, 0.8000967118137773, 0.8189450162569981, 0.7884652432567167, 0.9374261271482531, 0.984030806915346, 0.8215907054372494, 0.8692789406100091, 0.8429965414955848, 0.7994359792560729, 0.6751321937003161, 0.6442931247530925, 0.7168178528717286, 0.7570547167268613, 0.7764105502368623, 0.891708629120479, 0.9154159312888231, 1.0755046269440023, 0.9871650670311465, 0.7393397450061182, 0.8160774697444051, 0.7107895177041096, 0.8303134566255217, 0.7354678359624449, 0.5250812681660987, 0.744750344059143, 0.6931134008651223, 0.5834246920762136, 0.700068796932472, 0.595561535694492, 0.5819252330517507, 0.5001921546916691, 0.5488892388942298, 0.47564388465642304, 0.702098634894651, 0.6383231892213976, 0.7035134208922379, 0.4699575586921386, 0.5317325321575205, 0.31320315937468174, 0.4191931325604784, 0.46452683357103397, 0.47867197904896563, 0.5180395568484755, 0.561117479014451, 0.40586797137251157, 0.4963038521119928, 0.41816531529713225, 0.3322132661818673, 0.6797499161319307, 0.4902979144575445, 0.5700423382471062, 0.9034264167379381, 0.4321726712890561, 0.5021233946456488, 0.44897666576005657, 0.4061649535136989, 0.39853602370830865, 0.33715306308323945, 0.2426952398618997, 0.18953672444828526, 0.2240393958561586, 0.26990847551076774, 0.25522371229686386, 0.21542580157854332, 0.2883393393055736, 0.39109419111617494, 0.33861839648099046, 0.31245480648431706, 0.32949055064302457, 0.4114639261044651, 0.3723537238368549, 0.33598862213183434, 0.19158023998450108, 0.2392168950376983, 0.3555308653921924, 0.29894462639260144, 0.23253134054307067, 0.24255937353996368, 0.28195284712301943, 0.29462809261450307, 0.545528694078551, 0.7953250886152311, 0.5808577061360763, 0.514262233873729, 0.5101367291785531, 0.4691720325415317, 0.560929039103567, 0.4390897059237487, 0.34846092397303025, 0.48424528984810966, 0.4620936873012405, 0.3954046310203271, 0.2184562318179556]}