{"T": 254, "min_window": 31, "significance": 0.05, "n_simulations": 100, "seed": 42, "critical_values": [-0.17137619155780845, -0.15703680353969365, -0.3189402158725422, -0.19721474386647816, -0.24619748628721744, -0.1440393956186907, -0.3220406390490428, -0.23054824292509585, -0.16648116150569417, 0.10697004566789334, 0.12208530602073565, 0.13005240052728254, -0.03363946648468756, 0.1369107766981971, 0.18479331893991122, 0.07709574104651253, 0.02721129952639688, 0.04169049203972343, -0.07840957977515745, -0.11460610859612275, -0.03025466237190965, -0.024987851243775484, 0.13417907631542283, 0.21492819118399298, 0.24369032159000367, 0.12957753587754633, 0.054044736794964444, -0.04292224913629256, 0.12840599043983614, -0.041066238752630504, 0.1828227952022759, 0.400865040028821, 0.33116486163898456, 0.26947840385648364, 0.5885553233898957, 0.29747932727883597, 0.3921696624120082, 0.5655298545900903, 0.09888204541448134, 0.1319042186837221, 0.34958969794281197, 0.3176613669160121, 0.2479455773096411, 0.17492751250803476, 0.28168407628622144, 0.2887081459574922, 0.2243824214391543, 0.21996296741450946, 0.2206213409863459, 0.3371902844249207, 0.34437317937268835, 0.41586361256809434, 0.3066698542043544, 0.24415868951621514, 0.4251972127110324, 0.4553522706859973, 0.36825896362359933, 0.5323078570753236, 0.6948127544966562, 0.6598080799882201, 0.4046729089446051, 0.5026046121984622, 0.3954171806818606, 0.2699852246907155, 0.2861832135683262, 0.26354713506256916, 0.352904930087025, 0.3594748583366039, 0.41358090086761834, 0.49929393635039226, 0.51103511466668, 0.5556794067279323, 0.49717686989091375, 0.5074836425055312, 0.33182276912150155, 0.5981560240418212, 0.5843813609216477, 0.6442356549507401, 0.5689000376441523, 0.44040166099743533, 0.5934876171529573, 0.6711242820879428, 0.7212446637295358, 0.7651541838723399, 0.9141608008634411, 0.7351073806055177, 0.824614441556639, 0.8952885420677498, 0.8446473900705879, 0.7427188938852364, 0.805912400125592, 0.6436731435689081, 0.6922227800973207, 0.6712526939070907, 0.8662083723294018, 0.7318579639778365, 0.6801856324263796, 0.9622592753657652, 0.8834607110638776, 0.8981458919343119, 0.7456947330934671, 0.7473658105090503, 0.730179509947491, 0.9485867921628713, 0.7062422105977165, 0.8112743129504708, 0.9331869558138111, 0.7887027378669236, 0.7763226891883829, 0.6555485950093454, 0.6774753805506799, 0.677809394926901, 0.6660083223888992, 0.8729124023558238, 0.7953409983045032, 1.0001965100146248, 0.7959179412072261, 0.6985382021413882, 0.6307918418399793, 0.7343724446987101, 0.7245611716483475, 0.8250358750584185, 0.8326186700282631, 0.821527129721656, 0.4810709155656159, 0.4171861803226586, 0.7575200220401896, 0.5687936719575121, 0.3847311171192667, 0.40719361830072287, 0.3973518587290343, 0.48657391304391245, 0.23110532160488087, 0.37552461053029723, 0.3468273144991559, 0.46362183189935813, 0.44797269268395246, 0.2832133639087813, 0.3883676283899731, 0.3144350880343966, 0.2530303418300853, 0.3080724068268909, 0.3124949411887927, 0.27793716490510345, 0.27826948971666987, 0.11515507415523464, 0.13829848373779105, 0.1561963620235073, 0.063021572171857, 0.2161413793917779, 0.3950901204668927, 0.35657306085632506, 0.2700098877018489, 0.23758880732567175, 0.3171897758819557, 0.13425103084939846, 0.28201982898634576, 0.18979109146835446, 0.04553292899610074, 0.11077841082887781, 0.2223812117658019, 0.3227620372833015, 0.2632999066560967, 0.23549786909999457, 0.1811491454072251, 0.24938752510377082, 0.47624213790848546, 0.4699515624397762, 0.28656962074219233, 0.21177090845375232, 0.3618851314023038, 0.4310051305326783, 0.3203357109713489, 0.5050728982575449, 0.1644109174669965, 0.3652859083495179, 0.31933120979597157, 0.23390386400320679, 0.11703467137317622, 0.1552986145303959, 0.294364571820417, 0.6723624218361987, 0.41463416826377375, 0.6142127380070537, 0.3927255764900019, 0.390612802980629, 0.409483858210394, 0.28107070078576046, 0.2589328856968163, 0.2848334081632041, 0.21829493661458133, 0.18468422747306248, 0.30739791008440104, 0.4781224090774094, 0.31847330315314615, 0.38152318944128966, 0.59037932695308, 0.6978465596816122, 0.6151785385762208, 0.5194587358888308, 0.38115429370483395, 0.37350681180346784, 0.39119859815710584, 0.3759592690636966, 0.3804858374272118, 0.26664853421040946, 0.31319467260954126, 0.488871352134386, 0.3769980088200109, 0.41519691778317175, 0.5400751289414085, 0.6446853656532746, 0.6489609068256391, 0.37238165873547135, 0.5074187252460829, 0.4633057256487857, 0.7170732064337563, 0.8438973258449928, 0.44749828517777895, 0.5441322275263687, 0.6180403293122977, 0.6783223151796065, 0.6650219449521538, 0.5428199199499973]}