{"T": 255, "min_window": 31, "significance": 0.05, "n_simulations": 100, "seed": 42, "critical_values": [-0.29067085593306813, -0.29557448829532557, -0.2122347301134372, 0.026461713717091207, -0.26917073384534207, -0.29485046132741854, -0.025768432482489036, 0.06357864327997302, 0.22431651850524956, 0.22225166875469232, 0.15580049864011333, 0.23132174437809047, 0.06606105331542894, 0.13548542663091015, 0.1376127976105046, 0.23548782796080783, 0.30996482591257735, 0.18585559258297954, 0.20758818500007092, 0.3812750214952125, 0.2229754025171664, 0.09791091304435069, 0.13502935890992046, 0.12918420179416545, 0.2437411101924916, 0.41304315575053285, 0.4006456790887761, 0.26338645518112175, 0.1899989647919775, 0.47340357092493096, 0.5335691982890329, 0.6701972283226141, 0.5029349724650906, 0.49535135432941274, 0.5005730853858534, 0.44847402246513746, 0.5544169430966948, 0.37153087280982106, 0.347263439426969, 0.18676111608503573, 0.3257030834156001, 0.29567545141102314, 0.22512058008689367, 0.30374284909700844, 0.5489485489666455, 0.5890240079562751, 0.6630913022430416, 0.5987526136709123, 0.49157294497860765, 0.6839999776848119, 0.5775747178130567, 0.5934371322710168, 0.5388116359887261, 0.5496506421641537, 0.4861782281609779, 0.49162873765930404, 0.729290065047922, 0.7410007141304856, 0.3687376966382599, 0.41549346566237283, 0.2962634703657702, 0.4651845838319054, 0.35025379252628724, 0.5933502955522217, 0.4313277399301574, 0.687877865766619, 0.7546337620658932, 0.5365645850536804, 0.6063590769519179, 0.6723672173199977, 0.5245138489735728, 0.6791130954837307, 0.8387340509976242, 0.7592737040571813, 0.7529636310745101, 0.6486658587065686, 0.5472366809532213, 0.5162236097550987, 0.4595265632960428, 0.31546929007668706, 0.16407400088519414, 0.2633706565320491, 0.4014005075635609, 0.37827670635032623, 0.4288618935273134, 0.14281114686803692, 0.19285988083436315, 0.19048467888755133, 0.24106087652066074, 0.5675476905620515, 0.3382751012475325, 0.37853267135301055, 0.39655287271039913, 0.543401179589414, 0.566207526949985, 0.6122727361213403, 0.5525191502277031, 0.7613749752098735, 0.724166710007554, 0.6540904279753232, 0.8148290686341033, 0.4515436620559356, 0.5788411217220459, 0.6734628872761117, 0.5258223666942983, 0.45244984492853557, 0.4253502830700689, 0.27240579095614226, 0.25396275281405034, 0.4214015785705241, 0.5570702800671133, 0.24601804279376938, 0.31060927536041544, 0.29432255360211207, 0.10102630791886713, 0.18725381183460177, 0.1371863662269573, 0.190876021345975, 0.23755533380111185, 0.15649468189539897, 0.037513713974844494, 0.1078663441258972, 0.08788045442304272, 0.10662824538038253, 0.1852690359904753, 0.36599315380963593, 0.1055321026737595, 0.6114950583316524, 0.33641850345658475, 0.32801330012304514, 0.3167472501937698, 0.3167285869281239, 0.4252480006060031, 0.30289839857833417, 0.3272376963140873, 0.2603947770275148, 0.30867851791126505, 0.3155624877044894, 0.2176553641112079, 0.15392384209642948, 0.21956581955227586, 0.2987900506013535, 0.41059973334492317, 0.4841457918014652, 0.38552660381798476, 0.39619085802001885, 0.7755098473072961, 0.45368763986323973, 0.5273243367774901, 0.35447042193907613, 0.44153969579116004, 0.5631176643125905, 0.6164738177656035, 0.6028931717792612, 0.6477023721281795, 0.45086236430983306, 0.531552922231794, 0.5106400279744238, 0.33723953756620645, 0.3716065516225361, 0.4639672148548577, 0.4757646304688013, 0.45285673253354225, 0.6773144830114084, 0.46049676305221415, 0.37649109396089, 0.3628789816403329, 0.4051089431392447, 0.45339265800334766, 0.3752181161769284, 0.5058869518127483, 0.5443666800913814, 0.7715664036365419, 0.5353187961897807, 0.4826602649658169, 0.520970380186315, 0.5098532294921824, 0.5865717846829412, 0.6650613840982567, 0.571953861871594, 0.4315565082766015, 0.6523734254171394, 0.585756541660016, 0.7196872090134238, 0.567679864834889, 0.7237872592414374, 0.7863162110823099, 0.7030058963080087, 0.6071948563766514, 0.45947771094537965, 0.47570066318443704, 0.5344357484794479, 0.5437226562498673, 0.6087189901326603, 0.6075746978066997, 0.6074926628132652, 0.7316265409498919, 0.5024464385838984, 0.3909315184344844, 0.4440953403980004, 0.47321079573439057, 0.6322455515318179, 0.7576106259090355, 0.7464069113333471, 0.5714450100110828, 0.4484079992427028, 0.5737714034224143, 0.5485613613926863, 0.5173194398018659, 0.6850356994627456, 0.5412049788703691, 0.5589829139302934, 0.7473561080061375, 0.5057133692955302, 0.7785116673445323, 0.7764028914646576, 0.8203179199592368, 0.8385402203145672, 0.9950137875736144, 0.8282033453090594, 0.6941986603361562, 0.7654466593113086, 0.7440394982283925, 0.7078575073645205, 0.5813605568670865]}