{"T": 256, "min_window": 31, "significance": 0.05, "n_simulations": 100, "seed": 42, "critical_values": [0.1492772812593715, -0.11365809700010998, -0.2832676020123437, -0.14252341181413164, -0.12703497184832455, -0.13553755961540853, -0.11111090361466018, -0.048373095002882, -0.1628348305318631, -0.09426874528808048, -0.07420834258344078, -0.15818962966266825, 0.07374117642017876, 0.06360401249091328, 0.07335613620542286, 0.21547047649186604, 0.14966462041772235, 0.11409541042568695, 0.08736900266567756, 0.14220519589878658, -0.008850037296680366, 0.033199715254701355, -0.060628840334547796, -0.07835764276035026, -0.2045827349937298, 0.056584708113472514, -0.1494271676151521, 0.12033183890449166, 0.14406750016391617, 0.16504024812509743, 0.1250784825141253, 0.030613510447100055, -0.0038134677972667427, -0.004039241900940827, 0.3879103416280072, 0.383936691505429, 0.14540159326754903, 0.029018729463725305, -0.13140273897358534, 0.0036899153817688034, 0.13148950290733835, 0.461109063412737, 0.395900689556452, 0.6350310218275848, 0.34929072342848816, 0.27143939649630805, 0.581911032079409, 0.4990332061037098, 0.325325319491792, 0.5513709686863509, 0.29598070959408257, 0.10102323599339506, 0.3155683857162186, 0.29301978966225445, -0.022892593679159835, -0.009551544307148606, 0.16383320883040062, 0.16453907477498145, 0.09315901605631352, 0.2508435242952601, 0.20310989721906872, 0.3102916849255869, 0.4476399609613199, 0.4147802851114355, 0.33555286680627, 0.3177781510312916, 0.5552214792128827, 0.46859427301395135, 0.6110011007560809, 0.34377005166208835, 0.2718866624613273, 0.19203586198517564, 0.25542781313887875, 0.3786928100318428, 0.4585920411496296, 0.40263222212397365, 0.6043797120990405, 0.5745055022407123, 0.5848920706476826, 0.5436723304043847, 0.5576131290569963, 0.6656900324540737, 0.7157599102084307, 0.6058554667816576, 0.5719055595349153, 0.6368069221250081, 0.46450334639618174, 0.6230460066469746, 0.6209674780822275, 0.784254078488992, 0.5892556069581174, 0.5883490706264494, 0.5125166207425548, 0.7284475346048673, 0.6747503158288568, 0.7069776113283713, 0.6122556403008128, 0.4833891292980731, 0.6438843182298595, 0.6029040247029688, 0.5688175475881475, 0.4670848759710671, 0.407622634783847, 0.43085186404789205, 0.37172937635862574, 0.4655866520820393, 0.3609127372022766, 0.24954236597808968, 0.28949432085360666, 0.34983487899987487, 0.23898549011587794, 0.12555340180948557, 0.5397340271865563, 0.3304162121785829, 0.28686154610531467, 0.30087329291824744, 0.38076165605817186, 0.3948969180243833, 0.46045900607531987, 0.6013067424806847, 0.4190937471695133, 0.44297838155334335, 0.48563293310403993, 0.337043673153335, 0.38685010839749756, 0.5091529986291635, 0.6664136031353756, 0.6501040455912177, 0.6480085626954573, 0.5933195038278992, 0.4685947675702128, 0.37239707916674425, 0.6344623153827436, 0.5655580739480264, 0.5210587003483151, 0.3186891977643875, 0.4681453004618773, 0.3753605560370568, 0.46001077694971026, 0.6671179794463802, 0.6914262767413845, 0.7146952662021947, 0.820936043885282, 0.8441186995696085, 0.8541179927316563, 0.5594618438219213, 0.7939258432371229, 0.7890611013609894, 0.7882495239535159, 0.6773919434833138, 0.8141356551002846, 0.7719816622087267, 0.662714063354674, 0.6129512201672963, 0.4924018467381383, 0.4322441714848501, 0.5682769533584231, 0.7452576325481374, 0.9626499394355638, 0.8704476113029543, 0.5769168635634505, 0.5803767438146049, 0.5919332215547788, 0.42761580704680663, 0.36236719011693275, 0.40872639646589864, 0.4512301398623864, 0.4226741731902453, 0.3366134558247959, 0.6290669431489476, 0.4785556607808145, 0.6091983081108567, 0.4994711790953305, 0.5650168489963321, 0.526622228251141, 0.28652662195835915, 0.281918617749777, 0.23801043056416887, 0.40721166803042297, 0.33631325375002163, 0.47491528066425637, 0.48578487807707244, 0.32180489373883947, 0.4458781856560156, 0.3345500186093478, 0.421748800225889, 0.41788433737448344, 0.41594011185887514, 0.429078134331065, 0.2700711706021505, 0.45113404924300493, 0.38705909815420775, 0.26583312462962894, 0.32761236288596224, 0.4174339218049125, 0.5103243834054297, 0.5078149581201713, 0.6063610995051656, 0.744491148108761, 0.8230958646950106, 0.5410355500070607, 0.6727135936228349, 0.5834978419641199, 0.5183999506361123, 0.502610654914336, 0.6245575949590833, 0.6724804317832499, 0.6550988910370693, 0.7552662874970446, 0.876244013517542, 0.7590003724454277, 0.7173836102678441, 0.60568911527955, 0.6557705461466593, 0.8218617111383324, 0.770280144671983, 0.7849180770260638, 0.78424802791226, 0.8275020029515247, 0.6751605026840088, 0.6795370097944546, 0.5253696289882477, 0.516702001106713, 0.6964110265820357, 0.6320162026404232, 0.5205965704994773]}