{"T": 257, "min_window": 31, "significance": 0.05, "n_simulations": 100, "seed": 42, "critical_values": [-0.09308043588267699, -0.10708576398033205, 0.1788345386416142, -0.16492367707910494, 0.09279170141359416, 0.16960144209265934, 0.10887032957053178, 0.1894791973424241, 0.14666250400960212, 0.21854971430463735, 0.17113379692297445, -0.0709562098789312, 0.0017509458216869187, -0.05663441125329637, 0.10597183727505402, 0.26380116925973884, 0.1870181921195182, 0.26185253054852664, 0.38635012940110125, 0.28564873578298705, 0.24507530275622347, 0.3613129578132972, 0.14325060926362662, 0.3764978223440741, 0.37226104549518935, 0.490494772736652, 0.4518857018782054, 0.7050872594286544, 0.728851119767859, 0.39360962389885806, 0.36866448631268456, 0.3625597879654221, 0.5985206401031792, 0.438686661074918, 0.5619625602017629, 0.6613751728354084, 0.7122240374263193, 0.3946259989367524, 0.3709128814816427, 0.43298923697337993, 0.47207442228453456, 0.7078763659845652, 0.49961137273478734, 0.37712294115283757, 0.18964547325347494, 0.21356523753517392, 0.21682914814680396, 0.41440518051326175, 0.19499223072389035, 0.17392030869274255, 0.17076844487801607, 0.33530797976546906, 0.3373283138220358, 0.270143428677976, 0.14652590185412245, 0.26958287274123677, 0.31548281376361476, 0.339884895263455, 0.5022851420747381, 0.3393591158496986, 0.4546562879498062, 0.6475075178916432, 0.5062871708386929, 0.6592499903512289, 0.6076120325095691, 0.7149497273583051, 0.6869913277206957, 0.4334602368480405, 0.525091307683026, 0.14542687066345958, 0.27772222831170545, 0.3212722557507143, 0.5622351450681017, 0.3377823507348736, 0.2957125372603391, 0.3645934541374889, 0.36820769027668376, 0.506924666115921, 0.6174846084003809, 0.3855123168000273, 0.5649346802010364, 0.5582630740885126, 0.2972178616062853, 0.44324117843671096, 0.403860672074883, 0.49602808138306387, 0.5864393284195536, 0.46548620251191125, 0.45917599235299933, 0.5762967439269181, 0.5766408524389496, 0.4792594608849481, 0.5071345556192477, 0.5590745977580381, 0.8170543174809528, 0.5749469120133004, 0.523664414885573, 0.5498276445312431, 0.47277781599563007, 0.40491980198794564, 0.27715424869885796, 0.4499922568304398, 0.5217057890205294, 0.6353531936708807, 0.7088532513102873, 0.6854365869799395, 0.9359537359228682, 0.6224700324961253, 0.4022018928535828, 0.4648300450027479, 0.3770178499380816, 0.5157265377161135, 0.7593195893747361, 0.39359236724735613, 0.5561110753942025, 0.4955570307885174, 0.54879740616966, 0.4923844273190541, 0.45450213795337546, 0.6133168743916229, 0.44939794180074283, 0.5242208748219931, 0.39441538719362157, 0.3026387501032146, 0.29322130337099855, 0.2083221206900084, 0.3634680060345228, 0.5011871616373543, 0.4850984342438833, 0.5034691299703096, 0.6165615231561348, 0.5752872126968284, 0.5163999211794845, 0.5290059213080154, 0.5173025496576994, 0.6794424924173826, 0.6730698677788701, 0.6537347499854289, 0.8474136269314312, 0.9236417680330954, 0.6535337818728287, 0.6904622122782139, 0.7873048957122778, 0.6670880900656634, 0.518043459126052, 0.4143760028076172, 0.4276315877601942, 0.3847989390865263, 0.49749082167192576, 0.5179664979741283, 0.4931163644159483, 0.7009239093366795, 0.51611725077775, 0.6035228531442289, 0.6157795061447954, 0.6338353045343901, 0.477670347533698, 0.36407110147826244, 0.4602899512959132, 0.6057821726087089, 0.5279431426792476, 0.2412231176257746, 0.3794637832322026, 0.3382653650144117, 0.46379364450270366, 0.356255972353334, 0.4565827551442308, 0.4441053421268075, 0.33788865095390114, 0.5919073080618926, 0.5223131483945945, 0.36795215691753214, 0.6644800274636193, 0.6514926208111046, 0.6357856505229811, 0.6069984678594652, 0.6220186101692254, 0.39840736711498803, 0.3671480263095079, 0.4311281346081277, 0.42738244938882736, 0.5298997807426586, 0.5438571952791457, 0.6472103312059365, 0.3811215230637552, 0.6043975346168433, 0.7588720209845381, 0.7132269412800755, 0.7816919297000943, 0.6430112381426728, 0.5455569334138685, 0.6302452681681954, 0.746877669296936, 0.7079567276176671, 0.5997522407981558, 0.7156324420560396, 0.6764109341048287, 0.5543565065065192, 0.5605362892672334, 0.7596937968043683, 0.5957025375851369, 0.6405266971622233, 0.7244676130920634, 0.7393014668567993, 0.829859000504495, 0.7710058626208792, 0.8961924491468266, 0.972241820129586, 0.7610044518534771, 0.7628301388034169, 0.7041865602927568, 0.7268394988585778, 0.8322192197773495, 0.8712695108750981, 0.6933534251179894, 0.740405677250552, 0.4988590982038968, 0.576121888243266, 0.4355864249850807, 0.40825478969088663, 0.42586574115151987, 0.32773215664646815, 0.5605650667101828, 0.561987543927493, 0.5464653856727969, 0.47676820691827354, 0.3443918566706075]}