{"T": 258, "min_window": 31, "significance": 0.05, "n_simulations": 100, "seed": 42, "critical_values": [-0.359771227357835, -0.3712216939439837, -0.16987620434052764, -0.12755212566012875, -0.3216442837733694, -0.20608505581144862, -0.1628154960334306, -0.20306821991782378, 0.08733060791850224, 0.03733295932996454, 0.026707590375739707, -0.0490683975225396, 0.05033442347695264, 0.25445858542744937, 0.13481869839540137, 0.4754821752046698, 0.4896267925399421, 0.32692442123753734, 0.38805494789816825, 0.29218700350218435, 0.2160407752658802, 0.25822163359280687, 0.3605676863947267, 0.37759111203074824, 0.3131805956565103, 0.09400783114381374, 0.04853987675479083, 0.031881823667796634, 0.20022987213297133, 0.13991020114745964, 0.27759479310940216, 0.3763808362171915, 0.1645707934913583, 0.022564014328256443, 0.11481137597131565, 0.32648529333563153, 0.30026407541321676, 0.1985799987987428, 0.3243922241415638, 0.1937590630741211, 0.4122884891903431, 0.3725287603464556, 0.3763707117931991, 0.6468143484482243, 0.7357574163226956, 0.661210926654128, 0.8250154537178888, 0.7584466025501441, 0.8217675441603487, 0.6726122757655939, 0.9638178460856228, 0.8204051734089014, 0.8175813129351153, 0.8634495267400395, 0.5717914331685048, 0.8314898487873488, 0.8333761719585582, 0.7852421776743892, 0.8420628563164617, 0.7817470732763332, 0.8095412491344393, 0.7304746874273829, 0.7000447417825225, 0.5402204598656278, 0.5775739401107207, 0.5751965254918271, 0.5727471846437839, 0.636431786047323, 0.44181286842706097, 0.5279285635348593, 0.48761148443480695, 0.4096977434993264, 0.3654696032812804, 0.3632492166909232, 0.34378907530245767, 0.38422365546285603, 0.3311486451456784, 0.5459372245281393, 0.7207362863398993, 0.7798475662784976, 0.5658916344460624, 0.5012432615356439, 0.4913567672834214, 0.3288371780502388, 0.31275866163847876, 0.20360568683550548, 0.4631504318469055, 0.18741522522382892, 0.3417920304012453, 0.4307034297967308, 0.41320915470078173, 0.4122674375290441, 0.3997391490311562, 0.2395984547831696, 0.3779538698683683, 0.38459002931022473, 0.33552307283385585, 0.43601091944476955, 0.3461776289680306, 0.6405918747031856, 0.5151530393218503, 0.42746952950771056, 0.4617461967040576, 0.4101947203968436, 0.3599890283742699, 0.43106630211261765, 0.2777759779367428, 0.3056439627112094, 0.3080025788638066, 0.5323117827086999, 0.41078359146881827, 0.3268306140157284, 0.15982871117064254, 0.32697597350145186, 0.3155288951638555, 0.2649065009851181, 0.42847417534484045, 0.6191321721692439, 0.46025417897740517, 0.4900335443426921, 0.5209595076194512, 0.42828092228533504, 0.6326403582057814, 0.5347660397013184, 0.590987568983412, 0.4437401641095945, 0.2913003493894558, 0.4596361604615649, 0.6778046882844933, 0.5759413345184958, 0.48832103244289116, 0.43948639236336867, 0.3943749663393064, 0.634945239637962, 0.48841341991217324, 0.404014343130572, 0.3977144222433652, 0.44938788938789087, 0.26636622419030864, 0.34975035014376016, 0.6188207465831904, 0.5112945297090148, 0.5453312780259579, 0.5306242721363922, 0.5785472096578358, 0.6515803139526711, 0.5862821537732978, 0.6247746381160961, 0.5708152893075485, 0.5073695408639832, 0.8063433568225832, 0.7846153588586368, 0.5933505523358859, 0.5887227927614516, 0.6016877996633759, 0.3712698350853981, 0.4283753613214988, 0.5829695257807944, 0.4589346170846169, 0.542266546094835, 0.45323231892599397, 0.633282497513505, 0.7415735713394345, 0.678158300712135, 0.6796803795580286, 0.5996330092963441, 0.691638254750384, 0.7418436633135271, 0.5968309722381796, 0.613777999582076, 0.6710841394001822, 0.5110991867702918, 0.49450088487515204, 0.6966745217310191, 0.6395099246924286, 0.7217834124553616, 0.5487453088646095, 0.8139812072537638, 0.8462409970203166, 0.5780993184320576, 0.5377839676091644, 0.6807436970423952, 0.7095437354471129, 0.6006833836021668, 0.6360705418565682, 0.5504290856388633, 0.5328800263602328, 0.7137302778577816, 0.7173361432017086, 0.7769199781116238, 0.5908658088744289, 0.4538942745485856, 0.5481887386599574, 0.4948448687442802, 0.4827134244189559, 0.4607242873175592, 0.5792341947193317, 0.6876252403696488, 0.48742120661161076, 0.7036118744019919, 0.6978661935308751, 0.3947840874866825, 0.5339997256114815, 0.6621600057659379, 0.556766081235765, 0.603251378195555, 0.5983824650482498, 0.5126242857249189, 0.5601478938426468, 0.4798212816221839, 0.47182621246751283, 0.5370044521898293, 0.4196958085494699, 0.4268248955839665, 0.46742454383222515, 0.4026975648638176, 0.45089778838581224, 0.5825036715607336, 0.5838306803246472, 0.539679967901492, 0.697637260141814, 0.7100588181439101, 0.6391872187800447, 0.4998263231311753, 0.4543938265220123, 0.43136585629262514, 0.49999617314371586, 0.513088759762972]}