{"T": 259, "min_window": 31, "significance": 0.05, "n_simulations": 100, "seed": 42, "critical_values": [0.26546510214833546, 0.04131588963164614, -0.06693470006163778, -0.2124991311343616, -0.03365750651551204, 0.0950971627245364, -0.0673953111560781, 0.0669585642401374, 0.38547110299474313, 0.1444168653603405, 0.07480196909497333, 0.2772738842091774, -0.018361976146649837, 0.1470670590376749, 0.13808675179311777, 0.10648062447525374, 0.17986069323543685, 0.42946521373968966, 0.18044428713096208, 0.3758519423470951, 0.3755902654625741, 0.3638232867411811, 0.31247534608758304, 0.14511475265932375, 0.18367125078327232, 0.16716061516859587, 0.50446256504878, 0.7303472343173429, 0.3974404840118885, 0.6475269360832631, 0.4415758123402791, 0.6082853021150324, 0.5253795682925206, 0.5315157576872198, 0.6380657539992252, 0.7895164262772048, 0.7598776670567173, 0.7596469266315021, 0.7553199343012647, 0.8277563145735427, 0.6370571337039884, 0.5048349000519531, 0.6156545462090708, 0.3768679874043899, 0.4128478865936489, 0.41645744947974017, 0.4136171791942634, 0.46311310333732797, 0.37773073561548026, 0.526563982177169, 0.4020195664459765, 0.5009836275867077, 0.2947045399792493, 0.4280776819722302, 0.5134670248562676, 0.49876931098583027, 0.5884896147122263, 0.4021453751973711, 0.5176747116146847, 0.30840297145932477, 0.34174700995561286, 0.18527652383009538, 0.25498641697795205, 0.2159128261976393, 0.07576800548995118, 0.2375166677857695, 0.34402484467044414, 0.36445845251528564, 0.23692683534775508, 0.46250662182700786, 0.18184009745270338, 0.38406734421348593, 0.2827042692746021, 0.4064682925887585, 0.32573813907536053, 0.4960452605674511, 0.45501156756560496, 0.4023265089808045, 0.325808161430866, 0.4324812508384808, 0.3911184143329254, 0.38552590814663595, 0.4853933460569687, 0.5897344512253397, 0.6501300581828853, 0.5976375244097561, 0.4580208138959589, 0.7392170164768683, 0.6247792236228679, 0.8762383592883205, 0.7516757798368399, 0.7638109056405458, 0.9454905342618681, 0.5973974195675767, 0.49314406967465707, 0.7474652413317185, 0.49122994067337694, 0.4921292453008561, 0.4472513202848025, 0.5403259187685807, 0.4958447887351747, 0.5878524035888526, 0.3271247985161014, 0.7687909473164743, 0.7956076534651992, 0.706573158980488, 0.5890020524896632, 0.7370258094098474, 0.627017568514059, 0.8063869836451474, 0.821578532649576, 0.871515872190424, 0.967752196896845, 0.8869239645120145, 0.7445182251678549, 0.7734343704933053, 0.8529063680114942, 0.8082987437583867, 0.7257704537394024, 0.4976650206227577, 0.5625912066826982, 0.5497450041245264, 0.44788147819484697, 0.5846306483634756, 0.4165015694601121, 0.28752696431198177, 0.35716146900159707, 0.3803962928575516, 0.5636172167574317, 0.7560043602245247, 0.5047203165232138, 0.6228354498892068, 0.3998270001966877, 0.36888216844060784, 0.38108637090134123, 0.3399273229323464, 0.36495551173553853, 0.4606031633092093, 0.5346429897504701, 0.6712014708854909, 0.4447259934114584, 0.38109802695824047, 0.34220683477993746, 0.31556649942905396, 0.5890788706759199, 0.7794214014539564, 0.7068823621419672, 0.6056431942340137, 0.7184107747217751, 0.6177476840118054, 0.6788310181592273, 0.7019562475861172, 0.630185684067182, 0.5873969185840222, 0.6030549084789544, 0.6685449790452914, 0.50289136006771, 0.6343899803776067, 0.5246864786446871, 0.40224816657075546, 0.6254237164350149, 0.5100398086008967, 0.4792785849756396, 0.3487869288595361, 0.44605768438289073, 0.4449223872794398, 0.36120639627140055, 0.5044951394902506, 0.4921077107062933, 0.5739914081347135, 0.47372147323363606, 0.5336542798504542, 0.5794124072362314, 0.7135722051941187, 0.6955489659614732, 0.6689573632815566, 0.7646067240802998, 0.7570261505077183, 0.767557592502631, 0.6505799319107192, 0.6806549818149659, 0.6509423441053656, 0.5270959194317419, 0.7239639402061586, 0.566851514675624, 0.5226861571821321, 0.33154630717912703, 0.534785724953818, 0.5036915111708116, 0.5263869307424903, 0.43420693291426143, 0.41782214413831364, 0.3638438390976155, 0.5084841468525879, 0.5114861067212818, 0.402911986029978, 0.5474568136166419, 0.5182155378806136, 0.4027656224232378, 0.4433505172201064, 0.5678743195259667, 0.5106804148272633, 0.4962575525206039, 0.5883255850210739, 0.6542820306780744, 0.6378859912075747, 0.5767124653425613, 0.7416982435183626, 0.7410857774412947, 0.7492263983016549, 0.7102164637360836, 0.7293057931119642, 0.6714362537279414, 0.6005029725235796, 0.6611105397105858, 0.6514749565461574, 0.5781972921484734, 0.7368112863914351, 0.7476910138842933, 0.6936774846265903, 0.6026709805462287, 0.7112313427261003, 0.6190317150671815, 0.6332190523769025, 0.5783512635873723, 0.592789748167057, 0.7391987856945681, 0.517117388331381, 0.5102820515611314]}