{"T": 260, "min_window": 31, "significance": 0.05, "n_simulations": 100, "seed": 42, "critical_values": [0.06843343870670006, 0.007105664389267161, -0.015135957244098216, -0.009768779783609214, 0.24337017753670667, 0.3137839601638345, 0.5790922520566758, 0.49728765538528075, 0.4000075731730833, 0.35248031676504843, 0.19611655046076598, 0.11695336603797808, 0.3121536802113176, 0.21000184794578527, 0.13615443238306563, 0.21130129277742782, 0.3199119702248602, 0.30838698061786324, 0.20626499561901607, 0.1522106352176663, 0.2302771017673952, 0.4592643740041573, 0.5170081538559926, 0.7811005778877711, 0.6798449582573641, 0.5690093738644159, 0.6991813314907299, 0.6593715651208358, 0.6948633190298913, 0.44687483145191187, 0.45943361695831636, 0.4655925774587555, 0.7546629142962487, 0.5649269042705516, 0.5247702515895307, 0.48281054844009474, 0.356146555702567, 0.2905084082844541, 0.45771166059673685, 0.4233312844675084, 0.5959098646143506, 0.6300615299681631, 0.407220381440409, 0.4005875021277259, 0.35932503918301256, 0.45295326924218404, 0.32236888462850183, 0.3291930301707134, 0.4306188090757293, 0.507097831858819, 0.40138047464607807, 0.6218589069565145, 0.6241367104276756, 0.5169100727685454, 0.6612044041524472, 0.5339398743468071, 0.4386184562959703, 0.3861290498163636, 0.5163130855479026, 0.6282031420742302, 0.5625763205695311, 0.5273446663534919, 0.5622548400639615, 0.6721277478188976, 0.47088657278363377, 0.5057933468858181, 0.6117726368404993, 0.38921912687708754, 0.48954736358740725, 0.4532957034200183, 0.4517812391251187, 0.36543944256355165, 0.3345473896559092, 0.4460649310313887, 0.3802282064745692, 0.41893976682927025, 0.18332819881812376, 0.24743275646678037, 0.2930119053339249, 0.418269443396846, 0.41996906927303107, 0.6257094520030833, 0.4519145318387092, 0.46749124330833464, 0.4920060989418084, 0.3489251346677255, 0.4027710126947606, 0.4008453506254099, 0.43031202861784057, 0.33827997388466197, 0.4044964306462368, 0.42778380337633914, 0.3527109259959404, 0.3659035740921536, 0.23383428670375395, 0.26725223805055365, 0.3260058747459454, 0.3310397233105442, 0.31896828482737655, 0.14395626885605686, 0.3137750540887278, 0.4159044721400029, 0.3936697194650142, 0.6136965304294953, 0.5539805676408147, 0.39404819402239893, 0.3861212834490698, 0.3772980328905944, 0.3513783265752525, 0.4650528869411278, 0.39581865987271886, 0.36652283638084376, 0.4796763246433066, 0.5592348983661147, 0.475418533172029, 0.5343660273418107, 0.5413292209601869, 0.5134416763808339, 0.5411734354886937, 0.5339285587318191, 0.5835954880830831, 0.7966991929929547, 0.5415732680911375, 0.7145863983581265, 0.647033540503915, 0.4515240061686106, 0.5620126733437554, 0.5119627087331048, 0.516808113001656, 0.4649535579148182, 0.4382940758298878, 0.5358280688668275, 0.5937694780292387, 0.5954498455799951, 0.6838941865240764, 0.6545991732292992, 0.5779265176599789, 0.7648628819250185, 0.7099632476119989, 0.46130983480022203, 0.6083572378012733, 0.6386387961153611, 0.7665830582797394, 0.6964924965266523, 0.6200734643049365, 0.6180890924620281, 0.670512805303251, 0.8535172473843525, 0.5797923863391602, 0.5982514423877756, 0.43376453805807136, 0.41961820959871254, 0.5018965231456948, 0.37260553365773413, 0.37183524411349317, 0.44703244377525386, 0.3476961597080507, 0.681452420554535, 0.45342133406551144, 0.42417104933275723, 0.461223394886193, 0.510232650873537, 0.30903945831066254, 0.28274593959689914, 0.44963825637517063, 0.2806437880819295, 0.3230756959356677, 0.5568872416640812, 0.48966929295047196, 0.6052113202152933, 0.5052133247674153, 0.4958886380662137, 0.4986934641240438, 0.4238467071767909, 0.6365995253531942, 0.5191610150291912, 0.628300250096815, 0.6070816704119113, 0.7436006912916483, 0.9428134516065984, 0.7287018520153236, 0.6745063281310345, 0.5557941177458585, 0.6108698552301469, 0.7946457697957728, 0.7693590011786603, 0.7245915395984786, 0.5996715506299627, 0.5814687946693564, 0.6401573923509422, 0.7084734699912123, 0.7172394789729503, 0.6709421973921189, 0.7165084134651313, 0.6626448017116641, 0.7170643909766358, 0.6901210177677345, 0.5141463155352077, 0.4899659356859019, 0.49632229394465743, 0.6935578484387067, 0.6401864625914928, 0.6750347999173668, 0.7386932608189449, 0.7563449072125178, 0.6395411163164363, 0.5610277784570205, 0.46318603860468616, 0.4497936383276061, 0.3449622569291582, 0.40620261996622176, 0.540373802528974, 0.5720042736759509, 0.7488351406439967, 0.6566405872845112, 0.6730922159022904, 0.6097871872852385, 0.5015765833345611, 0.5430594396705054, 0.6099474564383701, 0.587358656181631, 0.5294569679075606, 0.5480384009457517, 0.43182658292683385, 0.5022538015482528, 0.5304754559302229, 0.5186809173400482, 0.502095649194736, 0.4323881916386338, 0.48582064375305284]}