{"T": 261, "min_window": 31, "significance": 0.05, "n_simulations": 100, "seed": 42, "critical_values": [0.38309318620309707, 0.5220434393794159, 0.3631122909795706, 0.5078527889182975, 0.4724114118415154, 0.21787943708146423, 0.439049611124368, 0.33685659462037065, 0.38545886167722515, 0.3483680315742655, 0.41389827920312716, 0.4026953623912515, 0.4417264515121057, 0.519416088848228, 0.42146728766764685, 0.2666211716139704, 0.4056108350884658, 0.47017635552611553, 0.2633995259207493, 0.14313429508076617, 0.2500596168006138, 0.3036066902084552, 0.3302152247808587, 0.45001140584148236, 0.25652068437841724, 0.20452339078143514, 0.43377459595087925, 0.24424730857193971, 0.34742177066485536, 0.13349924969939767, 0.22997771950127346, -0.03759359404304846, 0.15341180207040775, 0.12345163852409174, 0.11470346110259284, 0.33297898216698013, 0.10343978650313976, 0.28158352385438085, 0.23403168863262647, 0.12928465661796323, 0.1758349564445478, 0.2397150524593229, 0.22875049056880625, 0.14318692888609563, -0.020038380947653506, 0.12574627877906538, 0.13332770917151088, 0.137862204395146, 0.1987398453079055, 0.2691693288309385, 0.11990350912671902, 0.15926372762070248, 0.47608384554050603, 0.4367911829497231, 0.3994417444919568, 0.31690910131405736, 0.38548727136183614, 0.18049616222277295, 0.17051302564769497, 0.22508525422759676, 0.14585244356946897, 0.37601798378438306, 0.21482059720062963, 0.48425988140791676, 0.45297563503802646, 0.5377084476376875, 0.4686112268944727, 0.5774669546796589, 0.36566103992460497, 0.49362547412316365, 0.5007354909493504, 0.4643111129496567, 0.5796571377368998, 0.4992291220147444, 0.3450723427528626, 0.48987978065578613, 0.40280853027177743, 0.45529048105491476, 0.3579476283451583, 0.28442716646674315, 0.28445237163986375, 0.26297283885186673, 0.2785199885040635, 0.4166605264213762, 0.42775525617995724, 0.5866920895654675, 0.4735934837628324, 0.7001166693303191, 0.4374190498243956, 0.27237873819738784, 0.24172525599907607, 0.3912016387491418, 0.5989264117687273, 0.5339732743981022, 0.58022059235982, 0.3576458289174416, 0.3070683817298718, 0.5731776730602733, 0.6238206821454166, 0.6296484169572922, 0.5242488039795803, 0.7540684891431386, 0.6852363419630567, 0.7488271073480928, 0.623525032826901, 0.44918033696479437, 0.5368150451844734, 0.5167162399790843, 0.6038372255477643, 0.6138306536474283, 0.5583403841550821, 0.6603615089753001, 0.5346083967344964, 0.509177635059996, 0.5595107958524075, 0.6771461123838614, 0.5723915526175646, 0.7185404158860043, 0.7853464155216612, 0.6357247281539664, 0.5487296778683921, 0.5724381952219484, 0.6074401597952637, 0.7462115199265867, 0.7244964992052414, 0.5881053466350754, 0.5025046166662858, 0.4659052635272382, 0.3361573524406291, 0.3373937688603902, 0.3862981336055551, 0.38306655978444737, 0.4600700472316464, 0.42026384131601335, 0.7361219913616153, 0.5545928304641085, 0.36301597297301524, 0.3516039475001707, 0.3002235668664719, 0.522994865947667, 0.5582325526149329, 0.4667528766741103, 0.4552378240446553, 0.48887228772025587, 0.46009908766942736, 0.713628911044464, 0.6694994025342768, 0.5428233370481808, 0.582945720831915, 0.6180195413108707, 0.5873835164971526, 0.6789855525626092, 0.5659815191193726, 0.4755210853500233, 0.6779489606200403, 0.4828049356752609, 0.6048061787443499, 0.4352872117759067, 0.5554281351269723, 0.8676580834888356, 0.7204163981066934, 0.5349910253135288, 0.6160259212222056, 0.5760570411028981, 0.5253007628210292, 0.4787075614535926, 0.4725890463862527, 0.4789897613601766, 0.4836900963650482, 0.4233007250228376, 0.5452077193051453, 0.637897756383675, 0.6345006175437344, 0.5099208150195452, 0.5540189752874295, 0.5892668059340748, 0.4211063219644674, 0.5563176638748472, 0.6904392312864727, 0.7093847973363111, 0.7406647935523785, 0.8250778418777727, 0.7073402064646883, 0.7464916367720722, 0.6751081698008875, 0.7233767909367628, 0.7142816864755834, 0.6683513133522625, 0.6346763259056893, 0.7070848869534777, 0.5931247739956599, 0.6755022914295546, 0.6832074383953622, 0.7536753584047374, 0.6717511733996465, 0.6447175378419105, 0.796358535673692, 0.7178610767344464, 0.7310479471648019, 0.8207881370587323, 0.6573649216114126, 0.6121862842643967, 0.6388178251796512, 0.4847751519893298, 0.5835359907457822, 0.6351855316773533, 0.6355247112254429, 0.6219065571060794, 0.6047199159120155, 0.7655794287190044, 0.8542277777876244, 0.8477590177617507, 0.8655048413933598, 0.9165921089783599, 0.7343937655010384, 0.6671217828282043, 0.6013286901460955, 0.7087393420135855, 0.5738242849765772, 0.4496638850605981, 0.6950721041988941, 0.3583606712252798, 0.24514164956674103, 0.22366774231641914, 0.1515129322815677, 0.22424072964913888, 0.3522784722414306, 0.5049493542388709, 0.49449307206427573, 0.40792619490718907, 0.5597961110470427]}