{"T": 262, "min_window": 31, "significance": 0.05, "n_simulations": 100, "seed": 42, "critical_values": [-0.13922189589208575, -0.059706237587049536, -0.044524105268765615, 0.1062712592112355, -0.1269886367177172, -0.03182970398250526, 0.13594084642275453, 0.06392838542828139, 0.3760032521600393, 0.24909713552514645, 0.24924253966505516, 0.386189632239146, 0.319917030356883, 0.13419676110351594, 0.14196763917918698, 0.177939238514685, 0.21146128697283195, 0.18153059171753047, 0.46963657979460305, 0.2243097518325211, 0.2725982273361243, 0.10266795292117599, 0.41668494986170546, 0.6181299443048343, 0.4413532071882922, 0.2973462655736747, 0.2567730322616941, 0.29120740842725984, 0.28810919879584873, 0.26367511287028905, 0.10397601521808174, 0.3854436666209168, 0.20463862047422765, 0.18502052818733083, -0.010927756585874084, 0.17019158141958887, 0.2525076415226189, 0.3328373817910216, 0.34783091455810644, 0.3574282507066211, 0.2910496078658782, 0.2524389545533205, 0.33441215241578953, 0.39430517203479165, 0.32806093602076947, 0.2416480608655924, 0.34312352147923536, 0.2995632892999597, 0.3450161240428058, 0.33154406958173926, 0.32441374631681774, 0.23663554383758537, 0.3236487003419248, 0.3666205864316918, 0.32751787582178643, 0.3040513075535224, 0.3446271713794978, 0.40645897133768183, 0.45401396657693066, 0.367285876008441, 0.4132590898788201, 0.5728608097647568, 0.33797255939348875, 0.2795585638547329, 0.6301436438422664, 0.4187081128229396, 0.1472047326162086, 0.31000553955734167, 0.18261612726020224, 0.36050077832398975, 0.4552361411572599, 0.29444729173609235, 0.38788909973877395, 0.4752100495678441, 0.40753118010983747, 0.2869353087989783, 0.5461463752101424, 0.4689992917962599, 0.559037810372836, 0.4983307448349927, 0.45408722388664935, 0.6625644763316356, 0.8601714980479318, 0.6134331333510508, 0.7513421660035506, 0.7052072818849243, 0.7086275525242164, 0.715933931466316, 0.9725738793231844, 0.8562644764441527, 0.5755706594132607, 0.5847789645191569, 0.664477042205474, 0.8613856998298208, 0.615083173320025, 0.9480723949278278, 0.7891066074093258, 0.6503965115071705, 0.5209291820891284, 0.6570486592025553, 0.7250546265841595, 0.5566058377656417, 0.5012223660708397, 0.6966994783800823, 0.8258929547413074, 0.47386017420647664, 0.5727475514618517, 0.6027524471579954, 0.3803478797312273, 0.5432073038461853, 0.6707231277685659, 0.687800218342804, 0.6305927540435992, 0.45167190547630615, 0.587459177653738, 0.7485835067135129, 0.6392046473671493, 0.7541476922524339, 0.8198796276354732, 0.5986659218825143, 0.7153469176139218, 0.6115809379034923, 0.4407153902502616, 0.489471262107841, 0.7192427276140901, 0.7724498453697125, 0.6651328278767057, 0.5522729881202669, 0.28023727316572705, 0.2543438454031567, 0.49088559996215186, 0.5953900158933848, 0.5195032392532672, 0.3082882439434744, 0.4961395840747628, 0.4542057662364346, 0.7042864869064885, 0.7421007485307848, 0.7685858024622457, 0.7619572825064428, 0.6952845176471955, 0.6788224042411026, 0.6361228718476489, 0.6218767937876455, 0.8247950831355436, 0.689486404037949, 0.7097778993863784, 0.575375380934377, 0.6321418883240905, 0.6265804453807617, 0.6655684388396952, 0.7464605661420614, 0.4789997880448566, 0.5061842076134861, 0.5072159047582884, 0.5863124851849286, 0.5772138578916595, 0.696667002948178, 0.7896340968304864, 0.6692687371332784, 0.6963841125384751, 0.8015536326881842, 0.7819903965167094, 0.7860399108638404, 0.6724869577756073, 0.7441122812459665, 0.8005434459791032, 0.7525215575784518, 0.7844555703492528, 0.7362705677073128, 0.761443851654398, 0.7082121873677832, 0.6307994229560973, 0.5384077614901113, 0.5668571397369455, 0.37836601866898684, 0.516736074073758, 0.4741008669831637, 0.4935650146731664, 0.5131439534116835, 0.6378726632169893, 0.6181115148627854, 0.5800358980680526, 0.5015430968303021, 0.5150784758334529, 0.5876372455236571, 0.6723813564414213, 0.7269795791943426, 0.7529557483507119, 0.6474333507142014, 0.8413991296065869, 0.6504467576804979, 0.523713109403524, 0.5419602696277931, 0.46921329790303756, 0.6057727371302702, 0.5216133066645434, 0.48320672042207374, 0.5684212422368304, 0.5992638155540962, 0.36625996928015825, 0.46415242627891584, 0.299616450564736, 0.3740173744893055, 0.3605903178031066, 0.2808752908378376, 0.3098284577779656, 0.37199097572510237, 0.29411922934272205, 0.501302547641471, 0.4387674614154509, 0.19173098541880257, 0.3591488448087967, 0.4338652222519587, 0.33834705724127573, 0.5077634929767463, 0.45040851302825435, 0.3725513944300343, 0.4745949828776715, 0.4894026179209807, 0.7831473015646302, 0.5382221963802272, 0.502987883819365, 0.2917721111169884, 0.502026244532952, 0.43052839271120774, 0.6755745578946012, 0.5318283134401751, 0.7416690853580189, 0.750151246291386, 0.7574066185966818, 0.6386189801617502]}