{"T": 263, "min_window": 31, "significance": 0.05, "n_simulations": 100, "seed": 42, "critical_values": [-0.12991630080256616, -0.2328109657796114, -0.12882908531425363, 0.07562666967902769, -0.02615497466236171, 0.019704023353023615, 0.22296262165423936, 0.09304589539260838, 0.29602804946877714, 0.05255437485599435, -0.04936244656828428, 0.2506522019673434, 0.3018936784894019, 0.3452114324247425, 0.2672199140332, 0.2730116029704192, 0.3243493039539176, -0.060254520594788925, 0.22153323690262935, 0.1473968466409214, -0.010720400912349872, 0.1689661513199387, 0.37650141636033113, 0.0657542580225335, 0.22118904652019625, 0.573582974448147, 0.4506910978034872, 0.44044977712708383, 0.38213098622604474, 0.1834144755848284, 0.35780686086206326, 0.24241964198378624, 0.3096526255103498, 0.34574474103606584, 0.41407340672337284, 0.2831051944207716, 0.36185121521522146, 0.2120845662772231, 0.3192848111092734, 0.391839875393516, 0.6106978947001497, 0.33531674027578134, 0.25526729962276895, 0.280221721461296, 0.33776071441274186, 0.2650258270802737, 0.3028048835537571, 0.39657759165736284, 0.41109371852210735, 0.32185472079027416, 0.4225325656309547, 0.5134119515667736, 0.509491532323455, 0.35426853201698577, 0.31874824988228345, 0.29861765636345267, 0.240539548401849, 0.30258601030881976, 0.45157816853065563, 0.3393035674128004, 0.44434937493606763, 0.20619773842246314, 0.33693473378252026, 0.3866066801637953, 0.2907902897763613, 0.36348993455544054, 0.35990515987291394, 0.49108691123853376, 0.5758547194566105, 0.4143611662340403, 0.5584654772003268, 0.44350686352398627, 0.5552217616551481, 0.6199992882982391, 0.5339101015154964, 0.7500598862486211, 0.654050457094347, 0.46166716873543756, 0.5012918098182897, 0.8379214932621476, 0.7164651542039217, 0.6102753503794018, 0.6544896752927356, 0.5385231564609715, 0.5293826206480122, 0.6051953603175664, 0.576595766196284, 0.45282681278974946, 0.4211428711405674, 0.5236375816705608, 0.6140067772403897, 0.8328802319434869, 0.7064213431976902, 0.7888622079346445, 0.6690815464475554, 0.7221918109265641, 0.6514162762838389, 0.5376759726811535, 0.3734300695457232, 0.6057925076698268, 0.5570293522088718, 0.5242197445924809, 0.5034622931826453, 0.4663200965694054, 0.454121358041109, 0.3520290105751674, 0.5426368717832075, 0.3752959141319824, 0.453590419010399, 0.4597622281300853, 0.5021388189349983, 0.4792941999207014, 0.7067493735376522, 1.0435300704947748, 0.9128460520653024, 0.6907911999572934, 0.6389451816711019, 0.5778364882614186, 0.46921609552205684, 0.5539426329221528, 0.42046645716506903, 0.3260125894057072, 0.4104851864167116, 0.4668955653220395, 0.674961345550426, 0.6945705391110663, 0.7576869854302982, 0.756584227859502, 0.7911148232785468, 0.7540245116385388, 0.7104126103008308, 0.679162187025212, 0.5913354161189431, 0.5956135850125222, 0.42352931398879984, 0.5381615494361798, 0.3700587933419089, 0.5014633573710955, 0.6372046872812605, 0.6603989336767405, 0.6916519326171855, 0.7538443867471385, 0.7165783452625681, 0.6344610112573535, 0.6555928369817245, 0.7269638055583773, 0.7772399945878312, 0.5493210087502544, 0.5453093155999732, 0.49305436980024064, 0.6068811293674012, 0.5323021257459647, 0.6690541447185355, 0.7068264255698142, 0.7191167496394077, 0.5803323661530267, 0.5140671378576851, 0.42169908745960677, 0.5239079178713332, 0.6367536119292884, 0.5995911949691861, 0.6900156133331564, 0.744643474423958, 0.5877417140674344, 0.4632894816479412, 0.7164016322602111, 0.5633969712621574, 0.5982991246162772, 0.6678297942641124, 0.4467349693364744, 0.3767119170894106, 0.6856772265057103, 0.6726290903538613, 0.5608247370811656, 0.4989622434064582, 0.5551693628521984, 0.4370173855220513, 0.6433893182184659, 0.673634236422579, 0.5292457879270311, 0.8067565968756548, 0.7673639072495931, 0.8882564234617267, 0.7419900656661836, 0.6846168217744282, 0.6710907381095869, 0.42061336900708096, 0.4390894110000131, 0.6021466788263166, 0.5803957986097931, 0.6182326628189675, 0.6332405122888917, 0.6303979283134773, 0.8138240518802399, 0.589216889637176, 0.49416805117129076, 0.6794051636028506, 0.42910309372847755, 0.5217591914013858, 0.49253945440929753, 0.530418439076072, 0.35368852425184255, 0.30055061561720403, 0.24545782721680068, 0.34577936197084863, 0.3843345997146261, 0.3312650304139777, 0.23325627389033424, 0.34472250149826744, 0.2938696488477229, 0.29222540749902687, 0.4068233222171659, 0.42127406595080835, 0.5123651139225185, 0.6068620397370262, 0.322002343132494, 0.5803655611978342, 0.5477117353273594, 0.46137788572988164, 0.5296737184534861, 0.6864057549693139, 0.7387334524070628, 0.6320213155294789, 0.7022291684327809, 0.5976355033681379, 0.6596739591373136, 0.42406237811842945, 0.4675871930394104, 0.6525794485479139, 0.5997223136870792, 0.4903361407372401, 0.622612969256285, 0.9378944103935833]}