{"T": 264, "min_window": 31, "significance": 0.05, "n_simulations": 100, "seed": 42, "critical_values": [0.015216558431626566, -0.2697844136968358, -0.42669196913460034, -0.2981450174692305, -0.2486496529189783, -0.0356215800272656, -0.11799880105381674, -0.1340249850055521, -0.33965028576437933, -0.16725238342474807, -0.21549320438056097, -0.08375106709807612, -0.17501595131004125, -0.006460939602096219, -0.17367067333196734, -0.10296230930257846, -0.10539284298432933, -0.062367194187992386, 0.045396877776586596, 0.14022899055467483, 0.5028282432218106, 0.608182332897486, 0.31833511002306536, 0.24234161735899795, 0.28341390316572185, 0.05591189749198311, 0.06234488725358623, -0.014777478446326098, 0.09679446412585362, 0.06849759603434634, -0.0028832878453354553, 0.1640938352824432, 0.2570978177032643, 0.24366930410116985, 0.4360761983132663, 0.6116147965479427, 0.3633838187055663, 0.2984705098381489, 0.4557138948392302, 0.3520065575040343, 0.49328154478071734, 0.48502644091933106, 0.3302485484537867, 0.30191312458462477, 0.42069548250816446, 0.2574771298102932, 0.3941191920127386, 0.34634200314682345, 0.3499325991351691, 0.5558825356617728, 0.559853078843212, 0.478674974994619, 0.4829562940941554, 0.40152695676300604, 0.3710136982658713, 0.6445992352780726, 0.5528492840527253, 0.588577833493551, 0.5323786445175664, 0.4682231703017547, 0.4992739892273728, 0.5076177095366299, 0.5294949000842705, 0.5055298168519125, 0.5216709985116971, 0.5885053806738132, 0.4515404794337771, 0.6117048133382066, 0.49656502740939973, 0.6242130056295695, 0.9646589896466987, 0.8157541540845151, 0.7732691841680877, 0.4901327930702195, 0.5101610979646543, 0.5883712544237684, 0.5504310759582616, 0.5088393342339602, 0.34213819131816536, 0.6696524499539273, 0.5186022962289063, 0.48508434813234713, 0.44568191602689966, 0.4077909824319663, 0.6035217287804343, 0.34766443675361297, 0.5616818397939931, 0.6054475157322218, 0.545523403590991, 0.7011242610195694, 0.7557144297120116, 0.9452783333404463, 0.682441033561631, 0.7242397562771412, 0.6748630787852781, 0.8716826017883196, 0.639703058151579, 0.6982117959971448, 0.948041545898088, 0.8163409322428435, 0.7622036518136697, 0.5301613679508368, 0.8294042395732887, 0.7385067484186273, 0.46450920862409867, 0.4294355891711178, 0.5648542297741896, 0.5337025905001185, 0.6205901874205849, 0.7469161745169085, 0.7764105502368613, 0.8830696882735934, 0.6726352699103527, 0.7483135704620674, 0.6653701246005297, 0.5746351324261637, 0.7587233564572217, 0.903877820443852, 0.9642696255348238, 0.6025627777839813, 0.5746384117188689, 0.7280996646503928, 0.6406583808468274, 0.611996907106154, 0.6048112972666727, 0.7108324274091852, 0.7684589441796353, 0.5388945788195626, 0.6234527501512254, 0.6443523418439308, 0.867644900170462, 0.6351159293473834, 0.5845670956771202, 0.49070211946553666, 0.5858015955431823, 0.5203712690592636, 0.6891685655466616, 0.47135061764588704, 0.5813145537966795, 0.6345616457937501, 0.587159112457247, 0.5425193268107649, 0.5472448411939661, 0.6460529701169357, 0.48456787334482143, 0.35077605542529317, 0.5809974782758611, 0.55860165369891, 0.4995620223553729, 0.833845339887219, 0.738435706175918, 0.7151450279045586, 0.6377338583872454, 0.6723574944877908, 0.3453976296924613, 0.3963591288795795, 0.3869208419036353, 0.5163695267830481, 0.5640452145411964, 0.77943393937887, 0.6493627355454497, 0.5605585155725379, 0.51272250585717, 0.6744155321700509, 0.49223353828549904, 0.5012743195617617, 0.7901838491869708, 0.5306605084429823, 0.48427032506836526, 0.4520384944503777, 0.5120376621721604, 0.4509661064429609, 0.4571204217363071, 0.44116492262819773, 0.37636909872247676, 0.34146793774457346, 0.45078580971649906, 0.47209354246779633, 0.5132814789970145, 0.37475578924272596, 0.4648775737147733, 0.42138018816384093, 0.3745699403182008, 0.5063516217800255, 0.3868760259358258, 0.4591409706552859, 0.34270032078018164, 0.4801061755910638, 0.3714412112207344, 0.7950459873769935, 0.6477874365933491, 0.5403446033353838, 0.5377673712171182, 0.7726512919056501, 0.6185465427824127, 0.5320307943697549, 0.4477805130990125, 0.48461392188641556, 0.25304094787356446, 0.30437002982176825, 0.3238859331008881, 0.4929113563412918, 0.5270201219619338, 0.467986539819839, 0.28516732691211094, 0.5728724416802715, 0.44718648556773616, 0.3104523725129887, 0.30549498432350786, 0.40589318700013616, 0.3121489965080145, 0.4033383301693341, 0.284237569950298, 0.4498683795189791, 0.32696140248617384, 0.20808010823906628, 0.35101574646477895, 0.38979436268668366, 0.8116689893980701, 0.7406212497108049, 0.7727364155940271, 0.996016135380679, 0.8157559883859855, 0.7184725646329102, 0.5576215504283901, 0.5036442431131049, 0.3901320067742226, 0.4577204130757809, 0.6222523539200937, 0.6349825093102867, 0.7230129758609284, 0.8869954422236477, 0.8162681670415183, 0.5706347624467017]}