{"T": 265, "min_window": 31, "significance": 0.05, "n_simulations": 100, "seed": 42, "critical_values": [0.3001840995780613, 0.40708388233350795, 0.13551240578933915, 0.048601705301238696, -0.15395450677805797, -0.02594585690909214, 0.11191474699165586, 0.13103876254393995, 0.24009641551689392, 0.12081528656694933, 0.1366907460282189, 0.379387508940179, 0.258185203737378, 0.1545968886623224, 0.18903108516618242, 0.28982201415056597, 0.37169875916860273, 0.4431288908020792, 0.4282741377697548, 0.5022901934605661, 0.3974053231455595, 0.5942629269245974, 0.3890001584522381, 0.4732444621100379, 0.6529714147995707, 0.40485026742269986, 0.5628056278933801, 0.46895452961593426, 0.6205262837581482, 0.2364587060163405, 0.34578485578967105, 0.3626637820964849, 0.3376714408272579, 0.3681972519544002, 0.5093649095769502, 0.5114719240029659, 0.44263135717905133, 0.4236681461865548, 0.449531610738631, 0.5121448365293809, 0.5936912054596232, 0.34544154142226513, 0.5563777844156097, 0.5595368042275373, 0.42552344833244177, 0.5176874955124776, 0.4684771345650363, 0.386578157634513, 0.49326766382142523, 0.3038809053370379, 0.5169290368715168, 0.67335468609062, 0.6303604277253491, 0.5746174131819006, 0.5200866540486837, 0.5809333433125086, 0.6498070758384754, 0.6764747096374755, 0.7703282658602177, 0.8612525068595245, 0.6102706983685776, 0.7754114658244841, 0.7526435844578067, 0.7066188225589398, 0.7651597908972901, 0.5879504335838794, 0.6462141808931284, 0.5618879656457727, 0.49089939292677565, 0.42118416374335427, 0.4443096936820689, 0.5188169569933768, 0.4936016763188503, 0.42803165138985677, 0.5127736681862921, 0.6508907006234563, 0.7727545411834624, 0.7487466471599735, 0.8293551878079318, 0.8158523190471465, 0.9166269426610211, 0.7581399693502413, 0.7858137728987957, 0.9380807003648703, 0.9695183334565498, 0.7614325182485937, 0.7913163390056502, 0.7456063234225602, 0.7420461875594768, 1.0474018855153702, 0.7426109853764137, 0.78542912054352, 0.675899951384146, 0.950171067974972, 0.5889641463083116, 0.6105510332737027, 0.557339937239352, 0.602623700560045, 0.6402012055051173, 0.7031193949496044, 0.6484156912801006, 0.5629389024673375, 0.5093365878458218, 0.4940771656174149, 0.6517265415696197, 0.7745187736069649, 0.7135441888630651, 0.563388560114727, 0.6221260237112106, 0.5007551930212695, 0.4145380808900592, 0.35662657687427085, 0.32656153947478506, 0.483057416058159, 0.24345604686569247, 0.2748735741468069, 0.354276409263977, 0.5029567154133125, 0.7419386269312651, 0.5830373573497163, 0.44896726146727817, 0.26494462710056665, 0.24794842674351258, 0.4389139365046283, 0.5593198937530688, 0.529385372113437, 0.36723089676839804, 0.5872349016821721, 0.5124038722149902, 0.7405581366693562, 0.5833686219222636, 0.56000456509732, 0.5579787672103175, 0.5915602717636517, 0.4919573286165492, 0.4100566396095544, 0.28481665976593346, 0.18152720701064926, 0.29391434258661325, 0.32610814476517225, 0.29047694511663313, 0.18367880425240846, 0.45223821973964484, 0.4453430306885521, 0.26202517764523886, 0.5041988096456101, 0.3475201443756755, 0.3596587095646758, 0.39062188714083323, 0.6106676345218528, 0.4569724099143526, 0.561052715163912, 0.4036930195169208, 0.463220443055891, 0.46525151160689515, 0.41886346543799535, 0.3785330684592237, 0.22606898586659463, 0.2467178807033356, 0.32695418389554975, 0.3244190458835243, 0.7507250422350359, 0.4888069532558036, 0.7279193397142442, 0.5795262155578246, 0.3232299237177468, 0.3560173896162876, 0.2882812768988976, 0.44015500174900574, 0.3938779506434838, 0.3880878263356165, 0.47027099813621004, 0.4445419596054583, 0.7107630945123015, 0.6108993399281312, 0.6177553569660338, 0.37252907514062417, 0.2765491678493673, 0.33541157291459395, 0.3558052738789022, 0.3097424567072146, 0.24172168037518688, 0.5912282354426998, 0.5095909047060906, 0.7814432718988383, 0.6881759153276942, 0.5077113448974047, 0.48205654540398457, 0.4087906411107125, 0.3194175506944818, 0.31830297469576113, 0.34743943442593256, 0.4409948214903998, 0.25914913733663275, 0.27139566629631917, 0.28265543680005256, 0.4636486377145591, 0.5553084587887032, 0.42283279170547994, 0.37436042719186996, 0.6910683402834882, 0.47436232863452865, 0.6166054108232377, 0.5270487823677434, 0.3855493617325278, 0.42216711653594935, 0.24525308820227126, 0.3576859954654465, 0.2967465726540652, 0.2608534531357647, 0.4891350142318324, 0.5187297605962974, 0.3735332719837879, 0.43788655909819946, 0.32920099072463904, 0.37105902715628275, 0.5089002850060389, 0.5090310560691202, 0.5674632035729001, 0.44565478645224627, 0.599427779147475, 0.641662623319244, 0.36655185844219107, 0.36712146804139295, 0.3024373619880462, 0.5721317445287939, 0.7003941895654696, 0.5951232266730381, 0.49615057270693447, 0.590343469124429, 0.33737996769925305, 0.37524443840550464, 0.41169721462605907, 0.3768719292674655, 0.3934253930961434]}