{"T": 266, "min_window": 32, "significance": 0.05, "n_simulations": 100, "seed": 42, "critical_values": [-0.06123695203498893, 0.0028959599321581046, 0.12886662266969778, 0.1903235463635789, -0.12559431597548912, 0.007444238846719576, 0.06963647080880453, 0.1382884312105242, 0.11974686577240873, 0.20008664418791544, 0.18420258734046585, -0.02512631503528675, 0.14539387378006452, 0.3927249335068719, 0.37088293521208565, 0.5122149633580046, 0.2891530853635617, 0.4585048795853297, 0.5644332652484801, 0.5209091117088293, 0.4633572796069461, 0.4839963726062872, 0.2763314660670973, 0.32386013663638163, 0.5619478538057059, 0.3493736172811705, 0.502395808799337, 0.44745957719975554, 0.46816079756576373, 0.15876236591007684, 0.15433904436120918, 0.3573621294377954, 0.6359304417495133, 0.4840524227678374, 0.34378639785835735, 0.2451398490711361, 0.25399565058638496, 0.45723304143304416, 0.47925758002530655, 0.49051889381534397, 0.5676324988898822, 0.7128443557806448, 0.6073286849244446, 0.5912751576749854, 0.7404644130623922, 0.5404937873994539, 0.6092730398014987, 0.7856013747425756, 0.6729428888831424, 0.7662824732678634, 0.5794737382718895, 0.5886610933278134, 0.4343995242400905, 0.4546928429064631, 0.4151223123616636, 0.3704365455925308, 0.128793496109194, 0.3425442678115169, 0.4409538028987289, 0.3836088546292624, 0.5367724642229094, 0.5499768530052527, 0.429235635105912, 0.5653190863187065, 0.4210777202085876, 0.3456303208933042, 0.4452648439652663, 0.7159862073183559, 0.7703147772774109, 0.5565924326149702, 0.3598557948116591, 0.6540142147953522, 0.5777520558988006, 0.5604975978991604, 0.30191675476834096, 0.24811059560565274, 0.27349438692561484, 0.41794910574801175, 0.3351336869067723, 0.4518678609525859, 0.4010434167999562, 0.7379390461674308, 0.5069210090528572, 0.213605597623228, 0.2913845979258528, 0.3634999659116254, 0.38468309082306784, 0.3373210444925933, 0.18546999744540243, 0.24386489859704177, 0.330803786181083, 0.25680426031190035, 0.23132627707907177, 0.5527672703587551, 0.4579296221915492, 0.29706624264221265, 0.5413691170448861, 0.7177573019064212, 0.6226547899228201, 0.5332859176861553, 0.586312352402697, 0.6011274742425727, 0.5130938340470147, 0.49196246806374283, 0.4307819963859706, 0.4782208028069056, 0.48825265259850714, 0.5546171691676237, 0.7031942699673325, 0.45014393684472914, 0.3612171913379834, 0.2035335964591406, 0.08436803197048212, 0.15175747635691342, 0.21672311093724148, 0.19719115658597, 0.20088537627519829, 0.10662779745681128, 0.16288960962657192, 0.10499418995095351, 0.13480648689135974, 0.18267459989336046, 0.1557571610462949, 0.22021643563391397, 0.37986910286908915, 0.30509578415325167, 0.6103491347942198, 0.388411866371866, 0.32480886999280567, 0.18193773085939355, 0.2222363808909187, 0.13877231871097961, 0.21433868481544988, 0.27715373911047586, 0.2681157217600446, 0.3524982034083258, 0.48890429035409644, 0.6272558127874297, 0.819656498365564, 0.4834341694147367, 0.3525102104292865, 0.28519881342471715, 0.27041754096806137, 0.29337609108682583, 0.39646989445500824, 0.3081221731884363, 0.38053675391214564, 0.404288056622974, 0.3536011603668007, 0.5260082851721887, 0.4499509781961772, 0.2751626169050472, 0.4543840909759479, 0.42204142591742844, 0.339173048316651, 0.33598359011272005, 0.3469134060684119, 0.23317078112424017, 0.2340314205478721, 0.23639815787379964, 0.38375386963880914, 0.15333049312582864, 0.30026395137408246, 0.2022881690478501, 0.4795522969230851, 0.5496933953481864, 0.6556237609742621, 0.5632880664720371, 0.3829665590691801, 0.38983741004696454, 0.4848946349362145, 0.5246635588157091, 0.5284399718505802, 0.5556991908670829, 0.5419177724691404, 0.5849132542620281, 0.6146355970346149, 0.5260624009531376, 0.35433689067441754, 0.3574027822684544, 0.3862380333201035, 0.5740286074160695, 0.5755020714552473, 0.43419889950834367, 0.5074920465394233, 0.7644417356881101, 0.7353389046696504, 0.5845172437114937, 0.5681630356787941, 0.738849116376263, 0.6315003854833116, 0.7789559113759126, 0.8283339673774877, 0.4760137792467083, 0.3483101817688488, 0.5243321996886808, 0.5897558060817224, 0.46858880558172333, 0.5825869826496322, 0.6717985305616446, 0.9438906238585137, 0.3733220058329418, 0.5095593831168662, 0.675137786873888, 0.635664133831542, 0.3631859161619621, 0.5055652761691978, 0.45000163852942, 0.5753146133874114, 0.7607631221198758, 0.7902068992092384, 0.7415691298682114, 0.7551553873185279, 0.6201735112406455, 0.5994401366567313, 0.5924918967629538, 0.7058852761674226, 0.666490587700082, 0.7289903065461094, 0.7962263164816401, 0.78118676258413, 0.792439758686607, 0.7315486105005963, 0.5802559381165062, 0.5528282174538987, 0.7166095808502222, 0.6000394215199885, 0.71348771886003, 0.36761793697466366, 0.48777897072844084, 0.4575191106098068, 0.5226788737581615, 0.5610207411253882, 0.4181027877241379, 0.5316028998656]}