{"T": 267, "min_window": 32, "significance": 0.05, "n_simulations": 100, "seed": 42, "critical_values": [-0.12017017868011436, -0.14370314425725622, -0.10472715723003045, 0.02831331176988027, 0.05270775453138935, 0.19020706211409735, 0.16760043241557124, 0.32653030762416263, 0.4168820108877905, 0.36782255307162603, 0.14542422400363608, 0.23803725003259704, -0.08043555508991972, 0.13248716630377882, 0.009077263901466402, 0.042469981531780616, 0.45821388687230463, 0.2624952713822347, 0.16447709703711866, 0.38673905241037493, 0.2553421620066546, 0.35274476635880175, 0.48792714678809845, 0.5156317433307869, 0.24519781038294222, 0.4494404787725946, 0.1411098738413959, 0.33571935819908905, 0.2891871900238718, 0.5022061381206367, 0.19629051200596442, 0.28693297038795645, 0.353753022758746, 0.28451685299368873, 0.32158446686132786, 0.43704504678525957, 0.44944859655518266, 0.5396631027433155, 0.6672627892170939, 0.7451557030494921, 0.48536566421753835, 0.5671850459948343, 0.5001926990837601, 0.5778769966421397, 0.6229544263220871, 0.6946802156609192, 0.5660372690667619, 0.5611940800612218, 0.4265376534301458, 0.39362250977735935, 0.3384564960935259, 0.29239463611180283, 0.44435282574414525, 0.32299185844948475, 0.38099107288589584, 0.24657288548951303, 0.3322089030298545, 0.23924856864657854, 0.20485081177376208, 0.1326374573431455, 0.09072972263951636, 0.18018717564014108, 0.23015296208959282, 0.4381389906922118, 0.4117292597973683, 0.26278472875245223, 0.20216207161687036, 0.36842762861591405, 0.18940902503475263, 0.3821429354493464, 0.4117097873360545, 0.3785244572331693, 0.5387425348177467, 0.4934239815828497, 0.6326758082456014, 0.4813614476897639, 0.5519786673561854, 0.4928474507922282, 0.6307898695380776, 0.8192075110825727, 0.5568565093176229, 0.5297237992759349, 0.5676176575580525, 0.6721545717481056, 0.8234518612632958, 0.6096019192221962, 0.467924467777757, 0.8397276856158998, 0.7742664492539426, 0.45273443858208556, 0.6305182362116964, 0.7304776152361795, 0.8210706769903932, 0.5489934536952787, 0.6334881039767979, 0.7654820867356769, 0.6677487335029466, 0.3918567246357533, 0.2142843096453177, 0.24455996872444838, 0.3312894304987524, 0.16192120211720315, 0.27871856900905395, 0.3267993329400196, 0.3731118484350677, 0.6160353494267125, 0.5861821177059329, 0.3695223917377478, 0.37577409728963207, 0.23387635989884858, 0.3629951317883847, 0.5146599219703935, 0.6871888106614542, 0.20732700130865359, 0.11267738200296054, 0.26436423512602986, 0.3908375325762727, 0.23750646008616905, 0.3045907685985269, 0.2796653162447212, 0.40758360832533724, 0.4683340108066778, 0.5480744651559655, 0.4351531187125576, 0.3549172017663587, 0.48466463239395485, 0.36503743699082736, 0.6694017446380505, 0.35362262342122186, 0.48029626821716637, 0.5247906567330684, 0.6411948067963958, 0.5226686333344694, 0.5937311067336261, 0.5810261454440115, 0.6511822986368041, 0.48388078785765876, 0.30532850313903503, 0.39537205796252123, 0.45055653058384615, 0.35177132766294295, 0.4259693828583283, 0.4163102028318409, 0.3713456813479884, 0.4510162932939434, 0.6192261317724637, 0.45493870951316223, 0.6748071783577904, 0.605251623378031, 0.5657849368125396, 0.4091065019211268, 0.39573155704721835, 0.26166093588356937, 0.30009005743109074, 0.4864104301239203, 0.2406134869118941, 0.4933638834855421, 0.41138167797963493, 0.4268983675311161, 0.4854269897778431, 0.23814854925571513, 0.2817581679159106, 0.48467483310898235, 0.25054597097727577, 0.2965823932551108, 0.2758654330982466, 0.3688363608785376, 0.3517108758903699, 0.2690681833254097, 0.3795231790266568, 0.13932007330442525, 0.3885049691387927, 0.5679618958253755, 0.4231219503473359, 0.3181122646691965, 0.19477768160453413, 0.1563634329208352, 0.3559052048472412, 0.43488872749784385, 0.48617951351466054, 0.44366857800870313, 0.448124163439452, 0.5037914783054744, 0.5284888593877938, 0.32840894977948865, 0.22321357570321212, 0.30473160455154724, 0.5688719467960435, 0.31446995494341345, 0.5159814947256369, 0.3916529053559742, 0.4447577069352704, 0.7144823738631951, 0.5030028081949113, 0.5105863776509675, 0.5741781747066219, 0.6329302170428969, 0.5202318588861985, 0.5656568861489772, 0.7849128441375464, 0.5823066952492136, 0.7872717449866502, 0.5917642866951794, 0.6324464718380042, 0.5272014819225849, 0.6034216727246023, 0.7456295657872403, 0.8136929640795353, 0.7244050947557091, 0.8006049589295104, 0.943771973467194, 0.8262359614858291, 0.5334194103232206, 0.7834778485689612, 0.6208104236723526, 0.5970522109292238, 0.6283273167965907, 0.6508891237564631, 0.732251951402009, 0.8214432331464339, 0.743304791781239, 0.6547861580336866, 0.5993460793595063, 0.654192419867502, 0.6128309786813727, 0.7269695616898155, 0.5932819038939228, 0.790273725972195, 0.6496680915625965, 0.7765770471311911, 0.839073787428005, 0.8697834265834934, 0.9203304551681349, 0.8291434322978372, 0.7418609111576157, 0.847548020335344]}