{"T": 268, "min_window": 32, "significance": 0.05, "n_simulations": 100, "seed": 42, "critical_values": [0.3200570623677149, 0.4667369608299893, 0.034356011566295835, 0.29107415577434964, 0.339879362933055, 0.31194493701136033, 0.21491395996692686, 0.18526165561311328, 0.20629547052576058, 0.040935832112331455, 0.031491934713005966, 0.08733784604874686, 0.16823129087248911, 0.1345649508133279, -0.17651435470300142, 0.016208510379871637, 0.10404802037707989, 0.20384347731226996, 0.38819358849247704, 0.4790001530792038, 0.2907049589554147, 0.39198919615980576, 0.5641671034739133, 0.389652890594911, 0.7244000705627462, 0.7478157026942962, 0.3022258291855736, 0.31560714427785164, 0.37729651970696343, 0.46436785222501925, 0.4230543413000295, 0.37214881661071786, 0.5330296628957064, 0.5187048187621892, 0.21036931665420766, 0.12254123762944398, 0.17988986509545457, -0.12036553077159036, -0.0541870308132765, 0.06341885090993492, -0.04213305654451082, 0.020963978361987087, 0.18626726357532733, 0.044920062492250626, 0.17000068846644478, -0.0021132795884896928, 0.0713318310835005, 0.2700494652085598, 0.3141303982735748, -0.04799580587113438, 0.1822926377262546, 0.1808996797709172, 0.23309945525475426, 0.13597181772863498, 0.18503222704176236, 0.18969370829281043, 0.24178934460680226, 0.5234922318744133, 0.342011274050706, 0.07083143651397965, 0.29830470752018573, 0.17060468080029725, 0.3129242311481128, 0.33853048704568606, 0.22080949836629277, 0.19690236193710328, 0.11943403736392741, 0.28311388369480855, 0.24138392060580038, 0.40760717566616483, 0.5007531088341439, 0.33566606869302473, 0.3533278609243276, 0.16633658264626783, 0.19939788790283222, 0.3841001645359619, 0.633968422666162, 0.43723517541132817, 0.806702497277038, 0.5933334984523595, 0.5958713815711041, 0.4894182069992717, 0.6667857086754212, 0.5881578471579822, 0.4082481108053963, 0.5628387526856344, 0.6034981868903703, 0.6739047186284302, 0.5076882974445178, 0.6075768425102132, 0.2784262395823654, 0.4052188526215924, 0.15155981146090772, 0.2389944063736406, 0.26418392446969485, 0.2940700479887252, 0.3882111942057562, 0.2817774213657001, 0.11707965169089259, 0.12467945933045622, 0.1147324828221095, 0.12717143050496219, 0.298693661837662, 0.2342534388006216, 0.2735215132386096, 0.14803289647312343, 0.20419286702185607, 0.15725953693376543, 0.07251650661861035, 0.20384556074978538, 0.4369454697870573, 0.3617717313482725, 0.5719045948038513, 0.43341244303996596, 0.45793544092413246, 0.48421207498218627, 0.5735013894795137, 0.5419810800828306, 0.4190631376270274, 0.25322917034871784, 0.36220383738321277, 0.3140078155181782, 0.21611782005766642, 0.2405935901988749, 0.26827519268759104, 0.37315099486867903, 0.5007736607517281, 0.5353695844727007, 0.4533371114323724, 0.564584232903859, 0.2840720084223243, 0.5018754771955884, 0.6656791502010783, 0.7413654063405718, 0.8084814224176923, 0.5923529886159347, 0.7041484840292324, 0.6716714983622714, 0.8209685415317154, 0.6785717543800389, 0.6398364828718549, 0.7715341881715784, 0.5492866983406348, 0.5437119974360134, 0.4663205793079494, 0.5952245434469761, 0.6213287082407289, 0.7175759289625916, 0.7474323384888232, 0.6343990919469307, 0.660033031188493, 0.6061154410157356, 0.4891788479896742, 0.4620331699954295, 0.5512051719422375, 0.4745982193746777, 0.5635819237106324, 0.4123207910702276, 0.5556409157697701, 0.5057902515553884, 0.5373883784074552, 0.4997038823846198, 0.4690985171488524, 0.5644873145631001, 0.5345329844493055, 0.4545187920551746, 0.543438190408072, 0.48683503703843894, 0.520212601696644, 0.3499827220635375, 0.5561753243621884, 0.5641846061095035, 0.5835915821928728, 0.7975167669990083, 0.8279319885666966, 0.7947491153232588, 0.763060103555465, 0.7943970730983652, 0.6039477531947082, 0.4993069992986669, 0.5325537121001926, 0.5449524898573331, 0.5017871644923612, 0.3292812749553986, 0.4062881786514073, 0.44686805747160907, 0.496035017770661, 0.6032744620889473, 0.5529149956969415, 0.6165362664734612, 0.7464815163460621, 0.640946146451077, 0.7210463357541563, 0.6693508352408442, 0.6025545122384308, 0.5740882095936904, 0.5526159639586871, 0.7464674258543775, 0.5284266312150226, 0.6819959688203563, 0.6925186516094585, 0.539772903244972, 0.5666471916926409, 0.6320561137791609, 0.6099235249625548, 0.7811114785826256, 0.7221262447514692, 0.5566216652419613, 0.43227363217880516, 0.447565926565627, 0.3476011054218479, 0.6423128282433318, 0.4598670173895894, 0.4430843649826317, 0.5529755809060596, 0.4711490433379007, 0.6463729917752162, 0.5093428935240119, 0.7109579612867766, 0.6759593947950924, 0.706130845522252, 0.6988191690219032, 0.4649630468992649, 0.6013570634349817, 0.5889026179184861, 0.6950677932598127, 0.5987608409449322, 0.4939717397686538, 0.5105131165850778, 0.5658439695478775, 0.5963866176268598, 0.5500897210649146, 0.6419563580458738, 0.3422162840326382, 0.3779039248945582, 0.5951537522505479, 0.5768106254839678]}