{"T": 269, "min_window": 32, "significance": 0.05, "n_simulations": 100, "seed": 42, "critical_values": [-0.37577219552270275, -0.1360454084083226, -0.40868303282483953, -0.3269205319644714, 0.03347597922515258, 0.23237085637691837, 0.23251596840788416, 0.17901795723009878, -0.004454824731782202, 0.06286968613961631, 0.005993707016394094, -0.10898210443470703, -0.053614073760327695, 0.1358480649683776, 0.3850530964835443, 0.3283362332132792, 0.23439253814614908, 0.3593732185623788, 0.15962457671878227, 0.15802099258606295, 0.22801872781630977, 0.4333760211856634, 0.24761730944549096, 0.2695161570999045, 0.4468038110064883, 0.2295060277716848, 0.37513206670165433, 0.4348164876503326, 0.16982551801102758, 0.28850138851895923, 0.20812419931208245, 0.23065753911589154, 0.15756007695520444, 0.18884133154094151, 0.27596154010304513, 0.2854674057623473, 0.3435193797456367, 0.3345103010325854, 0.31443635917276214, 0.2445658943608328, 0.17743282694073298, 0.1833508358430872, 0.3871367014923715, 0.3133794290292322, 0.297093183078342, 0.1885760189813518, 0.1330502927620549, 0.17649673765548052, 0.2811430503263814, 0.12331237480461205, 0.3007504193253625, 0.4313556430431603, 0.28770719665556216, 0.398452836550913, 0.5082592848132776, 0.5191425152991559, 0.713380165580062, 0.5091761189145272, 0.34299187204165993, 0.26035794781187116, 0.3901092577953822, 0.4591450661941162, 0.298914431256936, 0.4213429814776542, 0.23688066501899607, 0.3158645421112613, 0.3195017104736369, 0.4097305746502193, 0.42892381342693925, 0.5064592758291705, 0.6107123310988881, 0.5021934390500097, 0.5371014026127489, 0.5004136370453387, 0.4802852736167449, 0.3553781487150755, 0.43839364503118283, 0.5141125697284827, 0.4464610379828152, 0.451301167585178, 0.17822608452260402, 0.22144653541975465, 0.2707633703786943, 0.41154062507953937, 0.31298734399073785, 0.39802773408939246, 0.3299670873772872, 0.19598105650980832, 0.16687067081565352, 0.23023466938647963, 0.3175725929596525, 0.3500856044194444, 0.3480565715673289, 0.37357747010769166, 0.4660497927177519, 0.3613513739542369, 0.37894594237599166, 0.37559705469678795, 0.5102293359447791, 0.5168171353003487, 0.3140950344098713, 0.33487819019154724, 0.26730431288112694, 0.2692091893384333, 0.30696322160065304, 0.28200977805971555, 0.23714054384621527, 0.20959445696270737, 0.43002461428477423, 0.6001799900061755, 0.5814088819449795, 0.5178392443953048, 0.38406924539122006, 0.6786181884760207, 0.44165170848616364, 0.7021705948622223, 0.6352551606294101, 0.5859617253484164, 0.6274148971137367, 0.5140348151789067, 0.5229003959784507, 0.649366810687093, 0.7049421926533118, 0.6544590185819121, 0.5377625012451315, 0.5631444245460787, 0.47333719140067676, 0.4751474440453328, 0.5933043612834499, 0.4974733591793904, 0.5372654290578917, 0.39210016789326496, 0.3742364508817267, 0.36710735277383316, 0.3905475349016415, 0.4462995491962456, 0.28186301114471785, 0.22261823985128404, 0.2992961494025399, 0.4566639099809515, 0.3625448030018558, 0.5482305227966079, 0.5103797252618958, 0.44928619063922076, 0.6117367033700877, 0.5663617459873087, 0.5542782892701904, 0.7153198536756112, 0.6503326980925883, 0.4615602450735484, 0.5187160716315462, 0.5577601163178331, 0.467041697900632, 0.5990239029265494, 0.5783150803704132, 0.5760680715429114, 0.46419272190813626, 0.5535451301309708, 0.46338343363214535, 0.5489937715717419, 0.3784811127845322, 0.31073374678630084, 0.47583726235079443, 0.5264682759464037, 0.6666613184976006, 0.9292068600706598, 0.6723382722039626, 0.8116153862669842, 0.6440343437030364, 0.7751601359892144, 0.9467158882504274, 0.7301562293016811, 0.8038765234553283, 0.9869245312117176, 0.852114829453488, 0.770876918508226, 0.8096278976724439, 0.7920528799330698, 0.6914263764361986, 0.7294812717380996, 0.9018596905656633, 0.7524342399138824, 0.5951069077137212, 0.7050910112727279, 0.7451200737296739, 0.9761177161444101, 0.71830802126492, 0.7459347994732561, 0.7686637382582826, 0.7127647384092369, 0.6137261659445102, 0.7971109664813296, 0.6584959060760884, 0.7774491328483041, 0.6422035197891994, 0.6006600444844153, 0.7725038321227115, 0.7224689831252125, 0.7635257795789113, 0.6121255452065083, 0.6867442020141774, 0.7208724050098616, 0.6076195769684023, 0.7032082729525719, 0.5092851570169625, 0.6216372947679912, 0.8324138425533326, 0.6480960641418797, 0.8217438463283342, 0.6883462094859834, 0.6716994872881116, 0.7363981375376523, 0.7571651509888409, 0.8031355785157895, 0.7883981235522777, 0.7363742377062084, 0.7556940133918584, 0.6275619416573439, 0.6227063899602748, 0.6650945074648821, 0.6215641664636349, 0.5858350867869706, 0.6094121854115279, 0.4345388370435534, 0.5533007455400692, 0.44244664629606434, 0.5797285313324992, 0.5522080365123199, 0.44880420730541415, 0.4543371776153691, 0.3846727753321715, 0.6201225827304863, 0.6064676006551992, 0.3485738923605869, 0.6413887647658012, 0.645392087684888, 0.6440374983989683, 0.8252505766039304]}