{"T": 270, "min_window": 32, "significance": 0.05, "n_simulations": 100, "seed": 42, "critical_values": [0.037128907099973164, -0.019474238295334536, -0.14609654208678793, -0.06482145180219259, -0.06431461327143467, -0.10870538751606272, 0.07503294644623153, 0.025722720023345615, -0.09931627027126459, 0.10549171554577637, 0.24379374632357986, 0.18338879597227847, 0.10761193484246795, 0.13649878533823273, 0.12341971748598941, -0.020934386249150918, -0.05778515454165004, -0.00963892119465358, 0.039163057895773956, 0.07981062916599899, 0.11891289751775543, 0.096333601702476, 0.08131826240095266, 0.14708729535775125, 0.11101914803271533, 0.33446093418212586, 0.13725210049852862, 0.2825177001666395, 0.15485556508553083, 0.2736469802629146, 0.28495870370983534, 0.25205250008261576, 0.36826591602373215, 0.10931581423761394, 0.2681844228431952, 0.5532944005929137, 0.29428988284620516, 0.10772677937313963, 0.11762323151853116, 0.32538316101871445, 0.36382189942909293, 0.3287548518922373, 0.3077407640859476, 0.39788072663641627, 0.3509246881577803, 0.28541372115931707, 0.253691176234028, 0.1821946036908223, 0.3202373290952367, 0.27233624540192036, 0.4078739972119218, 0.5602124214455044, 0.40796097638068585, 0.37183820527405176, 0.4476657314648846, 0.4615533983694015, 0.3172686677754288, 0.2821769371003343, 0.24159815255861064, 0.3397086713253553, 0.5586117014942052, 0.5852378698880567, 0.7233757617551693, 0.5228506568426099, 0.7991680810755225, 0.6712565014314358, 0.7075954875433542, 0.680101390466542, 0.5887273243196866, 0.7025704078274106, 0.698557509101484, 0.7075187929504612, 0.8367858541361457, 0.808690452201515, 0.6889457492842906, 0.6111328601916869, 0.5733519356182806, 0.9783778099719065, 0.78733594130167, 0.5963103495948845, 0.7557745423282228, 0.7712844431146476, 0.5826105309255607, 0.6325532415542389, 0.5256212072243459, 0.40292509119032677, 0.44183775123030616, 0.6390206183426854, 0.5965636404830614, 0.45062790938377956, 0.6382768668959888, 0.6107369431360271, 0.4905222645834667, 0.6799363398863618, 0.6293206595447727, 0.5751261471796673, 0.7333865110736211, 0.5649473036869217, 0.7713254670413778, 0.7155055854498455, 0.5395673151011411, 0.6175608351342119, 0.6743681628634329, 0.6775601907295485, 0.5236753852695699, 0.27284834781505346, 0.24578939892765148, 0.5853395670822321, 0.5072072373106437, 0.45093907094675273, 0.4649437594428319, 0.5121118464782711, 0.29010891207023054, 0.26693841194784285, 0.23255091093631602, 0.48161373677373137, 0.5981188829289703, 0.5158306822386542, 0.3474888423890816, 0.3438773596765051, 0.3885141989549888, 0.49525754369837427, 0.5041213384554762, 0.48383915033641306, 0.6088402623194163, 0.4107696390414483, 0.6825381628461982, 0.6359113918829007, 0.530057316087926, 0.5232685746767317, 0.6459728675065384, 0.45630658995492135, 0.7090806319781515, 0.610329169980231, 0.4205447702153061, 0.2978428457042196, 0.20684768909305815, 0.33926551676331046, 0.48359596599900534, 0.5945206307837333, 0.5866242725385449, 0.3538404827788022, 0.45996943533076007, 0.5821395949140566, 0.42646869594567766, 0.4526984586855387, 0.3090023242131377, 0.45193768813571134, 0.49632229394465843, 0.40288653561514776, 0.32728887527099426, 0.40576130941589417, 0.499479311744387, 0.4209968878958535, 0.935832507705765, 0.9004047545144993, 0.8291583138450669, 0.7106420083457983, 0.706522279597608, 0.6910625439729384, 0.7687408835964951, 0.4789095294395499, 0.5163133730198862, 0.4555037830585392, 0.5429574740774431, 0.6705128053032523, 0.7296357535392891, 0.6379156126628965, 0.7498146287288041, 0.7067578626226603, 0.5818340250135905, 0.5904021662318287, 0.4897361713031088, 0.7835826086499454, 0.6031838019817614, 0.43361276779797225, 0.6460434521166566, 0.8246641592902217, 0.44073144093276895, 0.6050080761460968, 0.5873596652351868, 0.5900704492254477, 0.5051758681881947, 0.5078348710642571, 0.5791449676286122, 0.6229676893922381, 0.4337853176359715, 0.6729894526246092, 0.4241463659967359, 0.44814594798663226, 0.4198438644681514, 0.5009863661903903, 0.8180258110955482, 0.6242799960897131, 0.6474093100692149, 0.5639957022827512, 0.45616559346726754, 0.6122696886602276, 0.6048372298338229, 0.5881339261055963, 0.5883548457872345, 0.5798923069132025, 0.5884535455068353, 0.5898221933111225, 0.680099248176091, 0.6292123806083311, 0.4715354081778694, 0.721253913490304, 0.5738550546738806, 0.5648779489703522, 0.6027559976017554, 0.5573687548440076, 0.6104935061340985, 0.518407227854507, 0.41656898060618613, 0.2808069490793575, 0.4831497158965999, 0.44290321858479875, 0.6127372105839133, 0.46553284868859557, 0.48807805854937425, 0.4307484864661222, 0.3861491182256312, 0.5566848962632109, 0.5454488205250719, 0.4321529227623786, 0.5869079358175612, 0.5471946367982548, 0.7425235514304389, 0.7272321378219143, 0.7113570786976784, 0.7830904477466222, 0.7142336891112279, 0.6548495798325527, 0.7527015666998184, 0.6505887164344965, 0.3630634232780487, 0.48353736031195865, 0.5708814316826161]}