{"T": 271, "min_window": 32, "significance": 0.05, "n_simulations": 100, "seed": 42, "critical_values": [-0.004825717931601026, 0.22144963677247317, 0.13904132546357081, 0.30312687967459645, 0.1489105914171723, 0.17772919915461768, 0.11468916429393379, 0.38162668312975206, 0.2168605376003678, 0.29821229655109227, 0.22776964076687176, 0.03288028682326049, 0.22974077820220587, 0.26717981294394666, 0.06377640781082189, -0.02877231933316654, 0.07123965064330032, 0.17093861028365404, 0.12089698649077815, 0.1805607490176058, 0.09795135485602793, 0.29903263756162524, 0.08564117618721176, 0.20349443239204545, 0.15379562488083873, 0.1379785749289317, 0.27405853883554, 0.3860311158630684, 0.12235080288587423, 0.06737462066979505, -0.040396477070151655, 0.0592706117831946, 0.14649894435171684, 0.21549514551595453, 0.24243410121319167, 0.40308668127439257, 0.22093526448404338, 0.23591832440274485, 0.4303462642333784, 0.34073932114445216, 0.3125502205761647, 0.11520984794586069, 0.03330663326548963, 0.20998530659098386, 0.23857579623937583, 0.31947429881597933, 0.34744792306049294, 0.2247156818138917, 0.362535860348859, 0.09683570335667176, 0.27255517357695785, 0.14493606252130237, -0.02232105221922826, 0.004623878632861514, 0.048352486254415496, 0.19426134563314507, 0.11973712341763953, 0.363986910857784, 0.24115430354626308, 0.1250283553792482, 0.07220400251796708, 0.18498810273739386, 0.12734809231799535, 0.333129866671142, 0.4191371715268849, 0.4796675717274831, 0.38268076930339395, 0.5827795361752669, 0.6272491312668768, 0.2683907192809217, 0.6415518806149746, 0.5333712156953534, 0.8200410050810523, 0.5845434822387796, 0.6279734653810536, 0.6523391336725659, 0.9354052957583184, 0.6176474072527931, 0.3063124577592833, 0.4515900847494221, 0.3905433982427082, 0.6483523318945457, 0.5876906318407626, 0.4403244242979778, 0.646655940250081, 0.6757854480733002, 0.4517902809307293, 0.5101686759369999, 0.48458430756909804, 0.37708739752162396, 0.45424585443087995, 0.47450221294257194, 0.5011379485690961, 0.25743791908265085, 0.5035962917940983, 0.5900210114924981, 0.6215923236200616, 0.5809329185259662, 0.45805945434063966, 0.18380011395979376, 0.29274627667156344, 0.10951729075352196, 0.263604692856347, 0.18646815828695712, 0.06085707924218087, 0.23885189989138203, 0.3624514769831529, 0.4557324388770187, 0.5111784991926953, 0.5471096910727529, 0.45140453396525404, 0.4666974122659832, 0.7200352287306548, 0.6112205161974841, 0.617013933843975, 0.5912762038132467, 0.3864047910024904, 0.45292243887033506, 0.442721764055584, 0.42527475568559414, 0.27748230442633176, 0.4869279808551981, 0.1965074798656798, 0.3766504879594618, 0.5198604033306258, 0.33051037262716965, 0.5782170653373638, 0.519672576073117, 0.3505685156759931, 0.34370269718012925, 0.5599737786574834, 0.5315196579553954, 0.5600314102879677, 0.588745533477101, 0.8091734834118443, 0.8310072273596742, 0.7357930982670462, 0.8145056889425958, 0.817028559144193, 0.7414346878015954, 0.7593057708618876, 0.6333788141018488, 0.8122362686689863, 0.8501434471007497, 0.8966611533861445, 0.9051171205329717, 0.7915790420491623, 0.7248324617995406, 0.7999459827270397, 0.558655220473819, 0.5947921826818081, 0.3656366551775202, 0.45230119382360845, 0.61722238393208, 0.7950007605747832, 0.7499691105299922, 0.6377349823745031, 0.8247035360973521, 0.8176653449829926, 0.676650501725862, 0.6399019006783435, 0.5934900314175169, 0.6195357512250466, 0.6663990451892066, 0.4849517433326854, 0.543589586162182, 0.515042949298549, 0.8238430924987589, 0.6964535684926619, 0.4843754404906708, 0.6715123518646038, 0.6232042605672637, 0.5526357597653743, 0.4124996053128927, 0.4677274210060381, 0.3561571554437796, 0.3443375583505192, 0.2849607873626186, 0.5456205475437139, 0.5757103051014082, 0.48557558470909173, 0.4262578971496703, 0.507145964335939, 0.4021783579471545, 0.5818461939696452, 0.5896140077084352, 0.5100425337136396, 0.39360178974145144, 0.4938777255587364, 0.44076341715226336, 0.5582416663383188, 0.5073973695215219, 0.4969074625230097, 0.5009751967251277, 0.46349251325363183, 0.442959058194053, 0.5544275903473633, 0.7456361067083163, 0.6583678866096044, 0.2818934114605446, 0.5469787580390659, 0.5252641201879449, 0.6340196397628852, 0.8487964371725233, 0.8982063484647641, 0.753719099037545, 0.7610571832579013, 0.6296516081249153, 0.3913113923389817, 0.41219215976085904, 0.5261513769789322, 0.41216592267676483, 0.33364563872804365, 0.42157382044742536, 0.44995498036115256, 0.4334842655714986, 0.33553272173958254, 0.3191878376207498, 0.46678202191058105, 0.3701542125404474, 0.5455092774169469, 0.5178995340445196, 0.4316838310505489, 0.36574305277197616, 0.5790725608899415, 0.5472743241198085, 0.6780002772581886, 0.7415027878554387, 0.6216380239020888, 0.5406828589424614, 0.6016223546516669, 0.7885837940027227, 0.7691004368028834, 0.7512381222852754, 0.6353432633508863, 0.7414293320827274, 0.6450747929074558, 0.5125231212687147, 0.579520485749985, 0.580123630816254]}