{"T": 272, "min_window": 32, "significance": 0.05, "n_simulations": 100, "seed": 42, "critical_values": [-0.3720828960436135, -0.32986439700950965, -0.0671252830621839, 0.07683884193790112, -0.043850846350598334, -0.06097599036429785, -0.13789069376777777, 0.11469397010323851, 0.30047624485571933, 0.04681495300165607, 0.0923831389200938, 0.013189681187370067, 0.01218456647498754, 0.1373809300765031, 0.11252268710498786, 0.3221746427815922, 0.3643615053781724, 0.39013045264460955, 0.3536457080222596, 0.14791122045723326, 0.20969694462302896, 0.1059788910513398, 0.15139477152018307, 0.0810743978763759, 0.14371291856948476, -0.048153513697410846, 0.12151693968696399, 0.3006955436582286, 0.20077783376254563, 0.2671561978751606, 0.41672558202495946, 0.393213243223763, 0.4584737267057746, 0.40727196593582055, 0.44699808384558015, 0.5945239971620977, 0.5867968165818391, 0.3511731141913197, 0.32014320652164086, 0.4102192946114729, 0.39320676930646387, 0.4821554675469073, 0.7383007115940609, 0.6198486243624002, 0.7498888300282681, 0.6685246834795361, 0.6334246616372291, 0.6249509288214681, 0.7554061885878735, 0.6369964083425518, 0.5214228582027743, 0.4347299145651092, 0.4187898447081649, 0.40127874991944146, 0.5234484211886631, 0.6141711334261634, 0.5606901998362951, 0.49137085255610174, 0.57956444795659, 0.7317874210928431, 0.49296557485216913, 0.6798340117189896, 0.7647382246346576, 0.7510746305132039, 0.7010944465034409, 0.734454685782828, 0.8340360211399708, 0.5881763454455895, 0.5413793049985017, 0.5295379705199077, 0.2828601235207065, 0.3301606985044648, 0.41117817681488966, 0.3051989935355416, 0.4257197816565531, 0.4156206211456629, 0.2807324125368292, 0.19973528657223535, 0.12167764578577164, 0.20958654962707904, 0.35960744007200557, 0.448639666117785, 0.3812991368285961, 0.17784752303108878, 0.4231270783853758, 0.3984930323843635, 0.32386686444236934, 0.5628775779923119, 0.2813350145018421, 0.3970193679444897, 0.3692036870637451, 0.44945679374289577, 0.5688172562084518, 0.45104072876897694, 0.6096178675075302, 0.42094565824747704, 0.5317371787514773, 0.5714236433102549, 0.5132302941344233, 0.5863405166087479, 0.5832043215413704, 0.5842469430290694, 0.42933289570594024, 0.48922053970456053, 0.5087851226095284, 0.4236920585524068, 0.582122849165323, 0.603262210274998, 0.7229493912784608, 0.8628534704902742, 0.7064242034597006, 0.607905570980346, 0.3606031396104307, 0.383330112208921, 0.4297729977193145, 0.3620367678078519, 0.6147957749429138, 0.3877740985813995, 0.36682561823329657, 0.2528683489413529, 0.3918316432383494, 0.34114633804901706, 0.4793786089141912, 0.4334864007388352, 0.5551684972449389, 0.45465879558126177, 0.662227250185803, 0.5411597848170292, 0.7307100864549482, 0.7211251075568131, 0.7824997281704498, 0.4557978588901657, 0.8709902374860109, 0.8600354889526106, 0.8102094682850536, 0.8310784438856855, 0.7014891505563776, 0.7413046294615564, 0.6762052608742143, 0.4867619105715147, 0.7144988726198077, 0.625820794054638, 0.6416885892532035, 0.8431967190608693, 0.7511190601800406, 0.747467750452986, 0.7694660405287466, 0.6730226228058325, 0.7299770361445842, 0.9025148331860792, 0.8249290895773698, 0.9121842007639628, 0.7347409392281582, 0.8411988352677552, 0.8542177530206855, 0.5039579686017127, 0.5694281644201084, 0.5245916354760511, 0.520589453935286, 0.47534824763131767, 0.4636688586161703, 0.6565691175544819, 0.6324722011649522, 0.6035346720089381, 0.6671429947035522, 0.8431074017282126, 1.007934341282754, 0.8235181731486821, 0.6258848788657074, 0.5663033817359998, 0.44943889308392987, 0.35446886752563417, 0.6832524959662899, 0.4290888591870451, 0.6934217930364971, 0.5230318663806998, 0.5394933511998002, 0.7113492475497202, 0.7401139181926271, 0.7023767794536331, 0.5219510398045831, 0.6403250053422976, 0.5024743072111727, 0.4015907763102882, 0.7643900784119513, 0.5801720956140223, 0.3598766137766042, 0.6060106293393556, 0.5736777419520861, 0.8030867975660981, 0.6339343049523074, 0.5054927708352102, 0.7475365663463418, 0.6909993442303086, 0.5597747439922514, 0.603200172867221, 0.6989491544490494, 0.459570277836648, 0.505222267963919, 0.4809236634865877, 0.44573742259999183, 0.5323926995726284, 0.4763613411812317, 0.5846039407550679, 0.47461686064144554, 0.4292662374470059, 0.3954738481965029, 0.4637370297593947, 0.39447450657317173, 0.40414269493605703, 0.3833523726466273, 0.32838462355686143, 0.30577821266557215, 0.3231471722091972, 0.30533138399478643, 0.347941168973105, 0.4322950940612372, 0.5152289931224566, 0.6263500366151379, 0.5782104856792541, 0.5847141302893943, 0.6203555489288252, 0.527668234589498, 0.6705510563144411, 0.6571205882331154, 0.4924665589446077, 0.5221192970725321, 0.5334596045405866, 0.43054402240117207, 0.4029616345968676, 0.5790791763976164, 0.47492002823857515, 0.34074772493391065, 0.41935624881748856, 0.3753892630469822, 0.48601230703402853, 0.6304440511688271, 0.735671834553721, 0.6978685103603255, 0.45230924521034716, 0.44321040108331705]}