{"T": 273, "min_window": 32, "significance": 0.05, "n_simulations": 100, "seed": 42, "critical_values": [-0.021368775082555393, 0.06285344035916494, -0.1259135726373402, 0.10031547537461219, 0.36380234351642227, 0.028081804683562857, 0.0736478858396997, 0.16310568096006411, 0.24396822260897272, -0.04097943816152768, 0.37866738407035105, 0.3574697838797548, 0.30012190716577575, 0.21108778769609354, 0.3743223514464057, 0.3017794694367346, 0.22105508236085333, 0.310719341184163, 0.13937376223416376, 0.2502955054028847, 0.1532470542107842, 0.13466468943308726, 0.18259649649265114, 0.36841868441693143, 0.4202367529686773, 0.43078703085941594, 0.3672868619130278, 0.08906009695117494, 0.4500608034680309, 0.30889660912488087, 0.4847361188665697, 0.49202834666331574, 0.5135634347772503, 0.4842781211305755, 0.5456008196181608, 0.37086749112484907, 0.40522873820046945, 0.38513440233508683, 0.4286005248625997, 0.42250807788051936, 0.19865539629761883, 0.3936342269095202, 0.16579191810650393, 0.1938711114809223, 0.2419800980690392, 0.4801970086579802, 0.38479940964582193, 0.42357118002766986, 0.20494398930968308, 0.17847715390879978, 0.32290959033754396, 0.595941397849118, 0.7697779970924971, 0.3026816207943778, 0.5916168965768159, 0.654803682242136, 0.7506450442329586, 0.8749455857607219, 0.8541871718405599, 0.9090282431359411, 0.7564777131240973, 0.949133472493807, 0.7334908062883707, 0.7620267793258423, 0.7904316974906007, 0.7405061790151598, 0.7518616894021741, 0.5924216937697238, 0.5563567179256834, 0.660437230222278, 0.7946783447663247, 0.6833498484526632, 0.5293462647805215, 0.3750196152847641, 0.7134827599363404, 0.5106042035879694, 0.5677651490263405, 0.5303329799440673, 0.6307463088670422, 0.5868164771947076, 0.4240395178584519, 0.8027959609420636, 0.6132855133094629, 0.5296964868805913, 0.49563689576028275, 0.3899192095661332, 0.2877442759544968, 0.4143143391732021, 0.47083009079074967, 0.410255548393272, 0.6403833218814007, 0.7464345327105602, 0.6464814407698678, 0.7926648907465222, 0.6405493228216484, 0.6748253665159926, 0.7203401981351311, 0.6012927688094092, 0.6038351420633178, 0.6494827007747394, 0.5247905733830676, 0.5309305545203344, 0.6237340865911339, 0.4973247922449587, 0.44281494336359734, 0.31018452553837256, 0.27731142129522435, 0.16996162966960107, 0.47533837485424874, 0.4595392935700455, 0.37074026387115877, 0.3672861911278805, 0.3392656938737272, 0.40066090834001733, 0.3908597576489633, 0.4816400686153608, 0.4238260360220514, 0.21867308994466306, 0.48014277124066596, 0.3453288428338613, 0.422645310223066, 0.6347722983694781, 0.6634702619050209, 0.6627788744231674, 0.5976414562751965, 0.5259497039015482, 0.6070878382478021, 0.6773557182617549, 0.6154312924163174, 0.7527364435452314, 0.6446361425648932, 0.788020649585997, 0.5874134901016741, 0.6957655618367774, 0.5300707459940349, 0.6896842175372104, 0.7130755179762203, 0.5608177871125373, 0.6834634910315118, 0.5904803139508549, 0.5906181522637938, 0.6133394697860624, 0.49577167823850316, 0.42508784030626895, 0.34361452274555243, 0.5290773790671821, 0.45088459149265964, 0.5559911655193337, 0.5367684549948384, 0.45422509351288964, 0.6193743362129431, 0.43267623010119316, 0.5604260996338396, 0.608681573853911, 0.4951742638267759, 0.6036497287971678, 0.5247772925182463, 0.40864320630800594, 0.3774363577593004, 0.39721211899553543, 0.4482949631222188, 0.47445919713968726, 0.6052847876757629, 0.4744969880985713, 0.6535402567863524, 0.5485172395430462, 0.5871910488588356, 0.6381058082952357, 0.6799721353398707, 0.5970834648835941, 0.5878811580312949, 0.7877996494069549, 0.5529967065315813, 0.48689533732453105, 0.9420712950773414, 0.707018303074255, 0.6452021277882717, 0.5837864701659417, 0.4722627138363039, 0.45107240049915737, 0.5310383465387527, 0.37815882845900983, 0.45386542396566865, 0.44456581600455397, 0.46497713473311936, 0.6059581062586697, 0.45440880940177936, 0.367431993039937, 0.46203130738538933, 0.38709757880970114, 0.34891889029340856, 0.3141316550217, 0.361989691727086, 0.31173057063197407, 0.23561703559674202, 0.2587718820172239, 0.27518245018990595, 0.22715315578275283, 0.2474138717631777, 0.4459086463243453, 0.4573579962462353, 0.31486134384734765, 0.526697078551863, 0.5540252184948113, 0.3616597068563124, 0.46767866805414937, 0.3424205933531838, 0.48062974846087747, 0.4451005619581998, 0.43740129990759463, 0.5879769938734243, 0.6736983960813048, 0.49907822824073883, 0.4686007707610281, 0.35870674574121064, 0.44023980457239204, 0.46639131139057205, 0.6367988630906415, 0.5255444844578998, 0.5194276693169888, 0.4859245642560839, 0.7737097884206283, 0.6743428839902498, 0.5875236183810956, 0.5606738143445829, 0.7439196926202871, 0.5652914883024187, 0.6232263240888828, 0.6135412837659459, 0.5647796347952452, 0.5404956149419516, 0.5548624462513795, 0.5876295932915431, 0.6448737685290545, 0.706047913161914, 0.6031826956514535, 0.5828808702951311, 0.28115081146945425, 0.3302560825571389, 0.3439478749229411, 0.4830460828676729, 0.46125683769382847]}