{"T": 274, "min_window": 32, "significance": 0.05, "n_simulations": 100, "seed": 42, "critical_values": [-0.3753665900645474, -0.4278023324849807, -0.2861746978164341, -0.4457553816317324, -0.2719140577411678, -0.327867809643424, -0.3054709288821304, -0.20323430731882058, -0.03957943932225491, 0.1886153525927145, -0.15841252310519754, -0.16086619395316318, 0.10644865285136172, 0.12126753844787841, 0.2639345415380681, 0.37679074409167346, 0.580259981162338, 0.2006110080474447, 0.34575859861062896, 0.4246361212562067, 0.5236833686653034, 0.33182141638221063, 0.22664491438409098, 0.2878711811490273, 0.28033356627045425, 0.06293133383115289, 0.14261856703239387, 0.11216491213439063, 0.19802272268375473, 0.2362522361913607, 0.17315420771903334, 0.30487866022698423, 0.44582008678555995, 0.1885774290854408, 0.24606912763706104, 0.3864095367753456, 0.3780885880860631, 0.5307463294501026, 0.4761943021030064, 0.33830328508507046, 0.2741880244483538, 0.4307831615293395, 0.6018686231680102, 0.4255166156677688, 0.5914478564168202, 0.657532931396465, 0.43275481415175565, 0.347483397732667, 0.09131545639177352, 0.3425510164042553, 0.14370363564194089, 0.11862380351214799, 0.28160577803252385, 0.41480517867139916, 0.35533089325769446, 0.1227679063223492, 0.2706884853161897, 0.49829498506113185, 0.7907801536975594, 0.47616291617754547, 0.4301694063467677, 0.3730043316497406, 0.40583613107012595, 0.24632520772014782, 0.39908644737787957, 0.24425301290193888, 0.16026408599311948, 0.32035004018703095, 0.35683931675159963, 0.3610562971263736, 0.5320794219298804, 0.7312782659540576, 0.5420388856703233, 0.6653077559871245, 0.4933411296572864, 0.5247923458820243, 0.47184910517657763, 0.4401344986015069, 0.48632641939520954, 0.6179527011238555, 0.5818598428193934, 0.5498732166934572, 0.4493848414071585, 0.43014019259252734, 0.5171731425575273, 0.22171837404602185, 0.29616678104535443, 0.26496449520030224, 0.22781902231831333, 0.4080973888504587, 0.4931330023410417, 0.5613782335889911, 0.3401106490019457, 0.339436947278911, 0.4044376076895356, 0.5537463825813872, 0.3946269549463825, 0.5618412296674272, 0.510527018775733, 0.6674777440703363, 0.505785905615831, 0.5496031659673167, 0.34606365952803697, 0.4705355966996216, 0.38875092033805636, 0.3383361160991817, 0.375924946510542, 0.3379627239260372, 0.18293908034915463, 0.5052534059102036, 0.36476351796452233, 0.5900329390459575, 0.6381894958480876, 0.6514371594143739, 0.6715382784208519, 0.6733976425403594, 0.7112830262186792, 0.6035015436835854, 0.4675828307181411, 0.4473817391426429, 0.6093523883508721, 0.5956339800442083, 0.551451796322836, 0.5628208050665197, 0.4910113340311886, 0.6477510609882029, 0.45657370112037615, 0.5380037313380645, 0.7075250222609117, 0.5412464261006669, 0.8037605625558112, 1.0553705914264613, 0.8500335317687899, 0.8049511602943079, 0.7137313926593019, 0.672185147289528, 0.5164664504335111, 0.5585164933734834, 0.5715495831457527, 0.6773616434549244, 0.5803864612934472, 0.41703864075032365, 0.4336431649208958, 0.5200031003069453, 0.5288171803849147, 0.4655140871709565, 0.2744643179916272, 0.28335945210478464, 0.2918738311055423, 0.3005988519219607, 0.21035886903395437, 0.20843416668063716, 0.3391066075784718, 0.3781558149539821, 0.3245990691680714, 0.249386975040398, 0.38258088862442435, 0.20895249993227516, 0.3602585667220768, 0.4997624548753112, 0.3451649111357859, 0.4629783299615694, 0.540238994542143, 0.5189947685566935, 0.6089349110324114, 0.4431182732145655, 0.48562369795046034, 0.5683833745727156, 0.6198693844528449, 0.5420830769947113, 0.5247188264605244, 0.5732274337003799, 0.7068021843608595, 0.7461545443126882, 0.7659899991406651, 0.664068646369383, 0.5747735137425444, 0.6425092334458097, 0.5675683363897571, 0.5677044336067044, 0.6301653622232963, 0.5807847912726306, 0.5113090618794977, 0.7096265515888224, 0.7854044755315461, 0.6698747036383808, 0.7495957791776813, 0.7672737218253897, 0.7282617843537811, 0.6154562597604007, 0.4333809114546901, 0.5504085297531853, 0.6405207458717884, 0.5180036269445988, 0.708843535153537, 0.6763682115529024, 0.5239358013933064, 0.4028925790872487, 0.504694090305019, 0.44076916188048654, 0.46536482596235484, 0.4545753961343293, 0.44435000634199545, 0.28456462135410243, 0.2183129497658147, 0.188711630949931, 0.5022984201135949, 0.4708829811480586, 0.48424500143442434, 0.46873901616022073, 0.5478624214879286, 0.6229110182418494, 0.810785557897218, 0.65737329124531, 0.6254241811849365, 0.7459728306915515, 0.5092776905776286, 0.45650114037164236, 0.604916647002749, 0.7374616881476054, 0.6363768000776473, 0.8961749381354434, 0.7299142338093076, 0.5176916728904435, 0.6501037006651335, 0.5217950079059268, 0.5091315266245343, 0.4796249415787941, 0.478738225242088, 0.4919613731854745, 0.7253721287991588, 0.5892453056249767, 0.5147470449194275, 0.4844235118035414, 0.6014335000572141, 0.460740882667218, 0.6149459776594295, 0.5732400324478718, 0.6367956833958522, 0.4631979168249627, 0.680252168637388, 0.48527467736176383, 0.7134994525658025]}