{"T": 37, "min_window": 24, "significance": 0.05, "n_simulations": 100, "seed": 42, "critical_values": [-0.08173174439004367, -0.16735773106299423, -0.02451918638268351, -0.15826611781858366, -0.057551336301654994, 0.15384196327725258, 0.19524130744649626, 0.1913767371731823, 0.1840481229403396, 0.7243430971295329, 0.2544745583065977, 0.23841547922132086, 0.21252581075020582, -0.01824814140258671]}