{"T": 38, "min_window": 24, "significance": 0.05, "n_simulations": 100, "seed": 42, "critical_values": [0.07323731815878465, 0.30720129281546965, 0.10003942323951776, 0.08222339120650995, 0.04768914550038577, 0.12128545279691706, 0.08014003238568254, 0.07965774156269305, -0.1102261008535682, 0.0523163126372028, 0.0472895099201816, 0.11685511901086379, 0.19906656861755637, 0.2583223419202379, 0.3926393058573595]}