{"T": 39, "min_window": 24, "significance": 0.05, "n_simulations": 100, "seed": 42, "critical_values": [-0.05542704472348136, 0.10819760548710163, 0.07028614939486487, 0.006688096605968669, 0.11706714639018546, 0.32354617627505683, 0.33903388444186955, 0.4214993477213838, 0.24150956145055896, 0.3603362523589487, 0.3216951918201464, 0.4744494795559046, 0.7354703192723057, 0.8051660376702765, 1.0045607398985108, 0.5376508238196782]}