{"T": 40, "min_window": 24, "significance": 0.05, "n_simulations": 100, "seed": 42, "critical_values": [0.10023281651013027, 0.29740986400045544, 0.2438327747055514, 0.3293343496516942, 0.44536569752419286, 0.3078824806375873, -0.016366047673161153, 0.006699193975109434, 0.06201093469033895, 0.173045040965945, -0.011351289335935964, 0.40370315957024483, 0.8772593069941809, 0.6203984610570944, 0.25653129737861424, 0.36694963043290635, 0.3112763290395018]}