{"T": 41, "min_window": 24, "significance": 0.05, "n_simulations": 100, "seed": 42, "critical_values": [-0.1859444843866093, 0.08847725795537052, 0.10423040461062322, 0.27626785880492183, 0.14757297746212544, 0.26275373299662297, -0.007185721301789827, -0.07038539237479155, 0.31678674113039873, 0.171342113661318, 0.1435775057123485, 0.21628046317292274, 0.05484407529233636, 0.1606289221497558, 0.24850537897594088, 0.2345661031642703, 0.24900939956760829, 0.28072806576939074]}