{"T": 42, "min_window": 24, "significance": 0.05, "n_simulations": 100, "seed": 42, "critical_values": [0.10497711156298048, 0.10084328398106218, 0.10687210874328794, 0.28147843272248274, 0.32431754829369036, 0.1812941246136694, 0.21559785984201268, 0.3231677978593968, 0.20444233097229045, 0.367390990238211, 0.28440278020436915, 0.1582196077254768, 0.2849931615877449, 0.2921570196194609, 0.3310013391389288, 0.3847389530698765, 0.24377982049675617, 0.2313373882598338, 0.4723790469194148]}