{"T": 43, "min_window": 24, "significance": 0.05, "n_simulations": 100, "seed": 42, "critical_values": [0.1332188842660441, -0.049112017631927324, -0.012950656185885007, 0.18746442830363474, 0.09409835081016012, 0.11452158540830666, 0.1151130806355084, 0.3240512243039108, 0.27554341647837927, 0.546265491093609, 0.5232456524918302, 0.637294809671727, 0.6955723660677499, 0.7438071404658455, 0.7797571486454674, 1.0895107071058465, 0.6833086360941243, 0.7214274751118198, 0.5735275060175621, 0.41966026730512934]}