{"T": 44, "min_window": 24, "significance": 0.05, "n_simulations": 100, "seed": 42, "critical_values": [0.16522548216367008, 0.2619973310452804, 0.2154607193705279, 0.28147843272248274, 0.3560705664302388, 0.1773172864782372, 0.09496616628975957, 0.2997901414206145, 0.5071714412110057, 0.1944308002266965, 0.1965899375020542, -0.07013953294570259, 0.13306979041810335, 0.15490306995873201, 0.10064284574156408, 0.38682029642247756, 0.44339967974849975, 0.41030550334368393, 0.6441897235980546, 0.37799591761525814, 0.4348157228366144]}