{"T": 44, "min_window": 30, "significance": 0.05, "n_simulations": 100, "seed": 42, "critical_values": [-0.011577631449070168, 0.18855296415651052, 0.2845012418876791, 0.1583362785378956, 0.01331403204239966, -0.32485415480372437, -0.05545774796867631, 0.10322398972019027, -0.013462247527021281, 0.3622376894640082, 0.3057941814881513, 0.25631856375969764, 0.285459748483918, 0.3666561344352808, 0.4348157228366144]}