{"T": 45, "min_window": 24, "significance": 0.05, "n_simulations": 100, "seed": 42, "critical_values": [0.32627583564600166, 0.23523422211681974, 0.004808605769503208, 0.2800078838991758, 0.0445194247002816, -0.01926243724213829, 0.11009509534115418, 0.18794747293277783, 0.3394555027991749, 0.36509788599888765, 0.21128742633771644, 0.42306979327455513, 0.3779959176152573, 0.17836033527754824, 0.2851794256441094, 0.36325072739831743, 0.5436377657616123, 0.4093132228531926, 0.591787448473987, 0.6126770674889086, 0.34314700723021696, 0.49305084960690304]}