{"T": 46, "min_window": 24, "significance": 0.05, "n_simulations": 100, "seed": 42, "critical_values": [-0.1894542654481148, -0.05716696374998709, 0.1844091510057535, 0.3452188881175347, 0.7669848544389146, 0.8680009392206682, 0.49775811172302115, 0.41044529854200656, 0.538859918600049, 0.46966527266627883, 0.4161203740432764, 0.36162702766985905, 0.26529881775938285, 0.3089519754318719, 0.4514258378303746, 0.37773359933228734, 0.5287035365786851, 0.4636970168594877, 0.4218031802781216, 0.41353796031296014, 0.32422506638480436, 0.3970767520219116, 0.3809582333250524]}