{"T": 47, "min_window": 24, "significance": 0.05, "n_simulations": 100, "seed": 42, "critical_values": [0.13728621965151996, 0.2707103615755122, 0.6394741230349437, 0.38323098754272483, 0.8446606996628958, 0.5558582825790561, 0.16859738103634742, 0.17432720385970518, -0.04465252848767763, 0.06459592150550111, 0.12719716750239102, 0.02338793723546563, 0.20819454022428655, 0.23987265771668426, 0.2046025251596304, 0.18398372226046864, 0.35961108761153976, 0.11017482206749346, 0.24283525580943774, 0.21878540482596412, 0.49000873932265193, 0.3141468379049713, 0.409827283519396, 0.41023009065609867]}