{"T": 48, "min_window": 24, "significance": 0.05, "n_simulations": 100, "seed": 42, "critical_values": [-0.10390207471303677, -0.11862549291869759, -0.07099149588028883, 0.28085191177725455, 0.4568722562229648, 0.35221671893636625, 0.19589736488008572, -0.004941718585598976, 0.05080358425952848, 0.2711538016452517, 0.07164620952765052, 0.23903647737214595, 0.4827012805975021, 0.39604874366747067, 0.20518764948024532, 0.37033784303277534, 0.37845476762299124, 0.3457474551908018, 0.251930238434583, 0.30517104723516975, 0.34022567945617366, 0.42111457847787115, 0.33551390059333897, 0.427337919614362, 0.3658085123754065]}