{"T": 49, "min_window": 24, "significance": 0.05, "n_simulations": 100, "seed": 42, "critical_values": [-0.42943831135325117, -0.12455383990603601, -0.5421598427717281, -0.24166880796303428, -0.10138441964032421, -0.11918231975141606, 0.2012448357394438, 0.2782437986935968, 0.2743761350423572, 0.36650925468334256, 0.4428609182776103, 0.3991959571456977, 0.47504392054182676, 0.5311247847730275, 0.23069100950664695, 0.3760208537515214, 0.32434968308146866, 0.21648682793228358, 0.4133699265894826, 0.7551227892646377, 0.87505404033831, 0.8021367085371887, 0.7121841266977514, 0.6411483425183945, 0.5628225126599862, 0.6683332917323455]}