{"T": 49, "min_window": 24, "significance": 0.05, "n_simulations": 2000, "seed": 42, "critical_values": [0.01808305802081522, 0.11775698445307196, 0.21071719936564964, 0.175888141244353, 0.18177459101181198, 0.22564854922509217, 0.2790263938743777, 0.27647346901359887, 0.2533329937920114, 0.2685152570717957, 0.26948541142726357, 0.2587108082391496, 0.29262087776138884, 0.2824716484253766, 0.30249464137648413, 0.36422466017305455, 0.3015878816489936, 0.2935917190122428, 0.33143643495983544, 0.3780647660335776, 0.37850293270004975, 0.3792319990697144, 0.38071712805429647, 0.41669946696541715, 0.38740151842849607, 0.43749959040270425]}