{"T": 50, "min_window": 24, "significance": 0.05, "n_simulations": 100, "seed": 42, "critical_values": [0.03314041631660071, 0.264227570342911, 0.24495247473854803, 0.2833300681174093, 0.29795610517550725, 0.12372760513672065, 0.20393943944032375, 0.19726805401486167, 0.20803685090557267, 0.09254577042975147, 0.2939894333505041, 0.5440811222413132, 0.620119307503664, 0.5378119574246153, 0.3638809305348332, 0.2154672179142919, 0.4208608444709837, 0.26631639573409477, 0.3347934267592831, 0.3125775632541055, 0.25602796636656816, 0.3051710472351698, 0.3329017659822934, 0.3227603741851574, 0.4269290228611566, 0.653154292303513, 0.46355748968849747]}