{"T": 50, "min_window": 24, "significance": 0.05, "n_simulations": 2000, "seed": 42, "critical_values": [0.024696655574037402, 0.05503232061290241, 0.10593002999408797, 0.11096979297908371, 0.12801694492727358, 0.20681077906746725, 0.2550010497007389, 0.2402569242715236, 0.3077379172845291, 0.2804106779521504, 0.35942263079826353, 0.4231506472791376, 0.34076207402085174, 0.3135583089370766, 0.3182945452779444, 0.3172971283365893, 0.32467201235387244, 0.3278475084317477, 0.3532334145129971, 0.38135572367303194, 0.321216052038702, 0.342925020649649, 0.34203083615011, 0.3967142809687287, 0.40070591917335496, 0.41006671460458755, 0.4397779230534838]}