{"T": 51, "min_window": 24, "significance": 0.05, "n_simulations": 2000, "seed": 42, "critical_values": [0.01790091220810239, -0.015085054182501889, 0.06249623412485263, 0.036682966540162155, 0.1522292081182351, 0.17761104443130923, 0.20387610745468013, 0.1795452497042499, 0.2573464637794263, 0.2586167074570846, 0.30141544121013863, 0.3270086496277233, 0.3472070675819084, 0.36015052443761475, 0.31890215936912886, 0.33399945186664814, 0.34914908775251047, 0.367270845810438, 0.37387957405104644, 0.37029451708300143, 0.3885428537360639, 0.41987818693910095, 0.4116681247118729, 0.43244474032744695, 0.4122206343208634, 0.4367916448410898, 0.4531988794166348, 0.4882146461278701]}