{"T": 51, "min_window": 24, "significance": 0.05, "n_simulations": 100, "seed": 42, "critical_values": [0.20030451544879405, 0.30716189496408214, 0.4199864522020089, 0.39150648608868543, 0.6852117002525892, 0.6552883775431223, 0.5554330624756744, 0.5436377657616119, 0.41202117032112606, 0.3219280301809845, 0.29735128940961286, 0.28563508592032355, 0.16185405877964204, 0.26199702248054374, 0.33863002031917405, 0.29963463823639197, 0.034730944463353286, 0.2313411819955157, 0.31076003353755244, 0.39854816422223754, 0.5572263550970566, 0.539054503335114, 0.7268172823037281, 0.3794384188537986, 0.3742876676710039, 0.10632391891424683, 0.2945772749518218, 0.48150830606837924]}