{"T": 52, "min_window": 24, "significance": 0.05, "n_simulations": 100, "seed": 42, "critical_values": [-0.05542704472348136, -0.038345527699828116, -0.012065448791928548, 0.11694682829271102, 0.29375090444818036, 0.14949072040496553, 0.09628844749140496, 0.25714424056163904, 0.019892790230033392, 0.028532620518505133, -0.11135896267481304, 0.4031369059966297, 0.49236928835394145, 0.7496528485411581, 0.7554728792753143, 0.5007634444126422, 0.4201564835053676, 0.41752029819310865, 0.6397212731146183, 0.5637444591430234, 0.5625516535473098, 0.41030550334368443, 0.26499118564421503, 0.060010850381074884, 0.09165441691220091, 0.32709564851778966, 0.1623860640883228, 0.2975476256554114, 0.15688638190636822]}