{"T": 52, "min_window": 24, "significance": 0.05, "n_simulations": 2000, "seed": 42, "critical_values": [0.06935985080067217, 0.1271557545614854, 0.1424735068728506, 0.10936251898756645, 0.16291040122475123, 0.14450491876141905, 0.22373873945928327, 0.26811724905804823, 0.23406492435197684, 0.3050963431898837, 0.2920563614801115, 0.3414510768719178, 0.4204752493432382, 0.40616520040993853, 0.3657472560968963, 0.34105673977523504, 0.32913838308037247, 0.3154645270170377, 0.335157927590664, 0.31048019238971936, 0.37231511071525913, 0.3272541875243989, 0.31910341115159285, 0.3427013951755839, 0.37920878681130715, 0.43387840871546063, 0.367785263250059, 0.4060159306698902, 0.3854975419521942]}