{"T": 53, "min_window": 24, "significance": 0.05, "n_simulations": 2000, "seed": 42, "critical_values": [0.06535889758140545, 0.07564608211775761, 0.13217415135398877, 0.11165239404049343, 0.16132797926227843, 0.1716011143471725, 0.20522436617871725, 0.29921100911219667, 0.21236153570102345, 0.2776710452595632, 0.32552191815848647, 0.29551206024863397, 0.30287985330061684, 0.32832289110035484, 0.38594831815345926, 0.37598383663623813, 0.31842739222226474, 0.32958094777768254, 0.34498702503634365, 0.32353263298445645, 0.42976456225861676, 0.40090509389577467, 0.4252596050136745, 0.3463976232416051, 0.3992833106235846, 0.42613357833655485, 0.48567447268574915, 0.43014253857421086, 0.4477197418003408, 0.4680245365036314]}