{"T": 53, "min_window": 24, "significance": 0.05, "n_simulations": 100, "seed": 42, "critical_values": [0.15376432158799663, -0.04690425735547184, -0.05926734305213263, 0.01747120661100623, 0.1740886972133413, 0.1741301429575444, 0.233459801127871, 0.3653646211393912, 0.18578741400101564, 0.17091966497357397, 0.3306621561313564, 0.33931611772610476, 0.4555537946619473, 0.2740027762881442, 0.33133572647723303, 0.7258034801372796, 0.3633899624498593, 0.37233388927855404, 0.46244357351556736, 0.4287166633022101, 0.6444683948369325, 0.6617344113531609, 0.264455266529008, 0.06659456453219387, 0.01304699021904607, 0.09922624180070651, 0.24870050901409643, 0.29100190650803426, 0.13923857267296103, 0.5271495354571212]}