{"T": 54, "min_window": 24, "significance": 0.05, "n_simulations": 100, "seed": 42, "critical_values": [0.4443995801002806, 0.25132603892637156, 0.2618721693420183, 0.2709076397662056, -0.01762900390751711, 0.08353951452470275, 0.2126356775112804, 0.23167229446540966, 0.1010937043979772, 0.16774753067780765, 0.10196144946654177, 0.34235285832203, 0.2219198538222371, 0.005324904335221215, 0.26512821471746245, 0.3847269020626522, 0.409367946482306, 0.7509605857583684, 0.4884691179066181, 0.4851462946257447, 0.5220932726759712, 0.491731276378328, 0.7326790307296119, 0.5044267334323559, 0.570382727417925, 0.3021981260908085, 0.7092237943058253, 0.7625265624457839, 0.42760239688829593, 0.48812678432192413, 0.5369878290511132]}