{"T": 54, "min_window": 24, "significance": 0.05, "n_simulations": 2000, "seed": 42, "critical_values": [0.09310122823294026, 0.17068937963612366, 0.21100162351430046, 0.13963977437585517, 0.14162488758576963, 0.1964004341939639, 0.2084355449130657, 0.1782750647117027, 0.17943115057876632, 0.15232063570896529, 0.19863866018746956, 0.2714028168166964, 0.26501362109742077, 0.2990588276955841, 0.29916824047354645, 0.2971920735913751, 0.3089466920175164, 0.3084924136850446, 0.32385544491291957, 0.30326200732545366, 0.39374155212512163, 0.4185667968800148, 0.425223432432424, 0.42704252674771304, 0.43172165970657694, 0.38371442844126863, 0.3754877669826712, 0.42130892849648804, 0.3885574299898284, 0.44866121651488594, 0.41882411734565944]}