{"T": 55, "min_window": 24, "significance": 0.05, "n_simulations": 100, "seed": 42, "critical_values": [-0.07609099694209685, 0.08473669668741707, -0.019095507206159282, 0.10518363525231697, 0.19043000509976798, 0.15786051262387876, 0.19514617208677593, 0.32004381242445357, 0.2808361144747394, 0.12046940392271471, 0.4348934436039368, 0.30171653100035695, 0.2609463190056155, 0.34526576212301585, 0.2851794256441094, 0.5801290043025664, 0.5675589909852303, 0.4534516975958537, 0.4091971909455898, 0.6661789037692958, 0.6839017016034659, 0.46902714805869344, 0.39376337421062035, 0.5557551643300828, 0.4967608338292274, 0.5324132040936167, 0.19285188980280504, 0.04766705637821662, 0.028795168979650784, 0.009982646384829642, 0.09447155466754133, 0.11917949511398125]}