{"T": 55, "min_window": 24, "significance": 0.05, "n_simulations": 2000, "seed": 42, "critical_values": [-0.006861010355881138, 0.015521066639924265, 0.08528345963587461, 0.09806227740429521, 0.12293903344617835, 0.16414527120889386, 0.21715411039605167, 0.19942900700827237, 0.25314014583018457, 0.20652619951054574, 0.3191515863581056, 0.3301285693251696, 0.3608147478514665, 0.3378623773885067, 0.3214835404166973, 0.3317576630477311, 0.32920045799993863, 0.2814679915373127, 0.35578019658629606, 0.361294280473397, 0.3405660027465311, 0.3484892839355996, 0.3154491914295042, 0.349763770503507, 0.3379979716669527, 0.34912755056557954, 0.37386845222127, 0.3948559371976237, 0.3538989124317718, 0.42961573191071156, 0.5000172174907428, 0.4616897755788022]}