{"T": 56, "min_window": 24, "significance": 0.05, "n_simulations": 2000, "seed": 42, "critical_values": [0.06070299010614471, 0.06451810975385336, 0.12760389245812823, 0.10138659698640146, 0.14119969418386089, 0.17337315087620378, 0.19511847001247964, 0.1764984278386582, 0.21668862924975696, 0.2652733184551285, 0.2690103997859154, 0.33111447861626336, 0.3425550578101084, 0.29961547824817336, 0.2745992303425643, 0.3547372985551053, 0.36274702255143493, 0.29318787648209704, 0.31952595188954186, 0.33091533030175735, 0.39658679600472246, 0.37728376243781797, 0.3717452795329926, 0.35211925691808305, 0.39314472930351185, 0.3830885521523913, 0.34105682899634254, 0.42212926767994374, 0.45527786117886093, 0.42644618976803894, 0.4428689074808607, 0.47928691481898567, 0.47339223900888]}