{"T": 56, "min_window": 24, "significance": 0.05, "n_simulations": 100, "seed": 42, "critical_values": [-0.0444343530877616, 0.06989418475638284, -0.20477741520588874, 0.0005765438270547256, 0.051036356744053525, 0.1812941246136694, 0.20234581064115445, 0.20234051702470907, 0.3056030233620583, 0.1389816563763358, 0.2050580868190885, 0.16111658482730953, 0.2115764347653562, 0.22562000810635233, -0.04318686315427572, 0.3536240678315598, 0.07241476455925315, 0.00863572643743023, 0.3243175482936903, 0.10417248610451497, 0.402905981646653, 0.14837175917781684, 0.3638865985693956, 0.3208655277053798, 0.2674893196319737, 0.28409740863425537, 0.4384859985082305, 0.7582583032053505, 0.5749396504140392, 0.4475353902260604, 0.5329601595389598, 0.47786628067716524, 0.49587731861909096]}