{"T": 57, "min_window": 24, "significance": 0.05, "n_simulations": 2000, "seed": 42, "critical_values": [0.1252253262898881, 0.111098874219748, 0.16721158790985205, 0.14396304896795303, 0.17950205137367886, 0.20806240238852355, 0.22255196201756614, 0.2222108764932234, 0.29931062987906554, 0.30257085226542474, 0.299974358493634, 0.36800178999900063, 0.3748985650040295, 0.38064654017041305, 0.4188419759301703, 0.3874483522098851, 0.43425697554773035, 0.34893842237626105, 0.3835920971019204, 0.37828840495630683, 0.3444786492520201, 0.3268668885047315, 0.39270394674788306, 0.35161144222286733, 0.3626389071819547, 0.3362018877966815, 0.3342398331818773, 0.38809125111157117, 0.3692528911713827, 0.428502760869831, 0.44349124190971023, 0.46858915024453585, 0.5131392435438926, 0.46912331125299717]}