{"T": 57, "min_window": 24, "significance": 0.05, "n_simulations": 100, "seed": 42, "critical_values": [0.20170670590924777, 0.35983178227629503, 0.055403815008762756, 0.22751927477873773, 0.17264541213057089, 0.41539556619819834, 0.41373105763387175, 0.32004381242445357, 0.33469830025803016, 0.4842001426434194, 0.42423548617545614, 0.4481490210657093, 0.3688763401329983, 0.5405802968350982, 0.24432883849990827, 0.3805869838738995, 0.3047311866202305, 0.04307464285002537, 0.34773601895032974, 0.4372148538748625, 0.38393899144282573, 0.43480351794773464, 0.6376880113624626, 0.42075532785550895, 0.37857265926712474, 0.4264522013430171, 0.4375347082607041, 0.360466372198123, 0.165046113294831, 0.28722008981299824, 0.6469989679992264, 0.5203841499257257, 0.41795283590949406, 0.6983288578164584]}