{"T": 58, "min_window": 24, "significance": 0.05, "n_simulations": 100, "seed": 42, "critical_values": [0.3575394573717487, 0.4513186740193682, 0.4471633823615229, 0.505403015268861, 0.39404286688236373, 0.36352004463834314, 0.2797155364033079, 0.37516030535988215, 0.2778151266568553, 0.30934576590530716, 0.20572377607787476, 0.3069943038351694, 0.4135122265907001, 0.39436660160085135, 0.33685659462037065, 0.7223750515645679, 0.6892344114647811, 0.5857607033790886, 0.49844175756148323, 0.39016490632604556, 0.2739287445360557, 0.598177230239353, 0.3763693426933143, 0.3176492869440148, 0.42764339400635176, 0.22856325050995896, 0.23074037422234212, 0.21344462444040493, 0.2508908206255045, 0.1467282865458875, 0.17179944991071985, -0.02404680030519931, 0.03829795267802746, 0.18375438035206343, 0.09465462253713085]}