{"T": 58, "min_window": 24, "significance": 0.05, "n_simulations": 2000, "seed": 42, "critical_values": [0.025783473441249243, 0.05895815353954297, 0.14261699158314903, 0.1198188400174096, 0.17352946859995363, 0.2093422877145808, 0.20805953581193193, 0.28930154787178985, 0.29735244645376135, 0.24365114294647203, 0.25292100018366653, 0.29859055917343674, 0.37445277371566504, 0.33612799569085605, 0.28918184623470866, 0.3733044789052711, 0.3754877669826725, 0.40897644706410047, 0.3423034856858551, 0.34174026319742057, 0.33632802879048296, 0.35681779961926435, 0.3407528692415406, 0.3654631500263769, 0.42723730711284463, 0.3851853586842783, 0.42279462038175997, 0.37212270410841847, 0.3743092300484541, 0.3832997388227309, 0.45706385441626635, 0.4820217710454845, 0.4322351352456887, 0.4643170036386676, 0.5002029368496707]}