{"T": 59, "min_window": 24, "significance": 0.05, "n_simulations": 100, "seed": 42, "critical_values": [-0.19732949517927648, 0.07592963145832408, 0.19668914358530357, 0.27861189402989694, 0.14417828235544033, 0.21335657428139324, 0.19505158466866387, 0.167691515910894, 0.08413489095810146, 0.0629298956444039, 0.08513359099530135, 0.1348350878500364, 0.06277326205958964, 0.0635033138230915, 0.3101900455255325, 0.4835896990362611, 0.5025066103734246, 0.3034291691423954, 0.16364079703995063, 0.3711541121827511, 0.43671276499289846, 0.42949673921384973, 0.21778506833739875, 0.25608700488062575, 0.1496812570183949, 0.2728663894716615, 0.2072809107006877, 0.04043822424622499, 0.03158984207486153, 0.27153599502530823, 0.007237938444934892, 0.050846493960490326, 0.4086661487265188, 0.30096824277921047, 0.3987662507779717, 0.4207949867557659]}