{"T": 59, "min_window": 24, "significance": 0.05, "n_simulations": 2000, "seed": 42, "critical_values": [-0.02920081087207077, -0.010584481789643541, 0.064557596530521, 0.09504387658552362, 0.13703577561497385, 0.1800881023440475, 0.19465638471996086, 0.2150211682388569, 0.20886658414582548, 0.23801958489628167, 0.2851759446015853, 0.2957188532514965, 0.277620326267132, 0.3122435855851617, 0.3307592290827089, 0.366892233246921, 0.3551271316690415, 0.37485778720152274, 0.36726835272295805, 0.3794332397292381, 0.3995451142920293, 0.4133235870254367, 0.4039835108099163, 0.37915893152562397, 0.448975896974706, 0.4633854588669415, 0.4371374085991184, 0.416865141086632, 0.40016786245968206, 0.4079501133977943, 0.38709203457331093, 0.4177859053348724, 0.35337975471020655, 0.40930692607795105, 0.37820117881688403, 0.3963384397132709]}