{"T": 59, "min_window": 30, "significance": 0.05, "n_simulations": 100, "seed": 42, "critical_values": [0.013041773506354756, 0.08250522365844029, -0.0889118132958992, -0.1368258295793138, -0.1203529797906208, -0.06299889259731982, -0.03260332420944054, -0.008962158016071845, 0.20673592412172742, 0.40760666753579033, 0.5025066103734246, 0.3034291691423954, 0.16364079703995063, 0.3711541121827511, 0.43671276499289846, 0.42949673921384973, 0.031310392394459235, 0.25608700488062575, -0.061011692738529334, 0.26273311827498325, 0.12679244567119394, 0.04043822424622499, 0.03158984207486153, 0.21558416825875823, -0.010552372813406494, 0.05019852408849502, 0.3382227597342877, 0.14113082133806895, 0.3456471514535712, 0.2774904264210588]}