{"T": 60, "min_window": 24, "significance": 0.05, "n_simulations": 2000, "seed": 42, "critical_values": [0.0006318117904726253, 0.07558627861478813, 0.10996080806785602, 0.11144020631825315, 0.17258495895306755, 0.24384029236018623, 0.2319930110578991, 0.22411981137624368, 0.22433116784817012, 0.26401951805147206, 0.263420457397865, 0.3219023423844565, 0.3116379338220495, 0.30342926785788976, 0.27636191868273857, 0.34496979399015343, 0.3817627854821831, 0.30622352153487903, 0.2959592193201387, 0.3254474524407333, 0.3779886833202224, 0.41317729335914366, 0.3596174157826802, 0.3701281956744463, 0.42066752956544906, 0.4311068095164154, 0.4378570929904689, 0.4307358020996155, 0.45740087711179184, 0.44594935569943356, 0.42989334940682594, 0.4382179830959424, 0.44042378876121857, 0.4717861201103541, 0.4311832370522954, 0.4706043554604395, 0.5053547173499128]}