{"T": 60, "min_window": 24, "significance": 0.05, "n_simulations": 100, "seed": 42, "critical_values": [-0.11859663802589052, -0.10804293507194278, -0.06587954846001663, -0.10513581091462024, 0.044156415203548315, 0.09346623055455759, -0.21010280203700002, -0.004279130363484781, 0.13469462955808925, 0.3632372485279229, 0.27004717347168933, 0.4007675066518047, 0.5400237345969748, 0.44142544134585304, 0.6407843730563331, 0.5312265955164528, 0.46127810173304473, 0.41141817416597515, 0.31176358903418144, 0.30299740126725444, 0.22488373351444804, 0.4154704878602887, 0.3090698782285767, 0.32625823041945307, 0.3567550614829243, 0.14732537724311492, 0.376597053408434, 0.37307500002328875, 0.3536053177318306, 0.4475229839004047, 0.3199377856066008, 0.48147549412983676, 0.7521402012681947, 0.4551556515086132, 0.4522757127985567, 0.5075032899008125, 0.4837961348254681]}