{"T": 61, "min_window": 24, "significance": 0.05, "n_simulations": 100, "seed": 42, "critical_values": [0.1296248998399854, 0.2563428653487126, 0.0019069070475508567, 0.2394587751627462, -0.02048217227372944, 0.1739057163322783, -0.02768352792696617, 0.03966165881502081, 0.040520772528116415, 0.32082372731855713, 0.072787410110351, 0.28215961518579014, 0.31487341426130727, 0.31749701199108293, 0.28549861166303575, 0.43212957126938606, 0.4996287720702854, 0.3761161997653772, 0.5725019185171872, 0.4805205619090552, 0.5398101935733526, 0.6088837080803484, 0.529192814117758, 0.14360340565453447, 0.1692692432404946, 0.45363729643625933, 0.3872125457202176, 0.4640290797382072, 0.25944623300348413, 0.21949801295916432, 0.28539497563905974, 0.2345678467903765, 0.49479641633284854, 0.4398317934472708, 0.46157679933393486, 0.39464795168666283, 0.6559022587456367, 0.5222949255505712]}