{"T": 61, "min_window": 24, "significance": 0.05, "n_simulations": 2000, "seed": 42, "critical_values": [0.020842475785822427, 0.10513080040812892, 0.05723809953650366, 0.15505312031025142, 0.15852120727533936, 0.25107729421959823, 0.2687112457185395, 0.274655588356353, 0.24264077482894053, 0.2831261753041884, 0.27163240267571565, 0.3472206228932258, 0.31851097060516564, 0.29918709172545765, 0.36457487074019324, 0.3362102703705961, 0.3272953842670224, 0.32657910858082634, 0.3288472121988226, 0.2804505954625453, 0.34273639707021714, 0.3233508901907926, 0.33749696859625195, 0.340182507524733, 0.3595209429534807, 0.37991350518534367, 0.4261414175002363, 0.4380993574115231, 0.4544955554565541, 0.4222920083530885, 0.4120988421387547, 0.4249025429491151, 0.4255773148076159, 0.3900313851842349, 0.43489811759244906, 0.4393611696844604, 0.44337420630205904, 0.40416356000936865]}