{"T": 62, "min_window": 24, "significance": 0.05, "n_simulations": 100, "seed": 42, "critical_values": [-0.04593682391820509, 0.08446437604530237, 0.21591922719127898, 0.41508036754372524, 0.2559980683953306, 0.3935755286269596, 0.5226346769087671, 0.4211429832448788, 0.37220552251075517, 0.4224731445676131, 0.6082804842295381, 0.34242327404709666, 0.41605248855292837, 0.42391110691531786, 0.5304669734098292, 0.5101386097880576, 0.5528520010840604, 0.570832863533778, 0.3525876096520973, 0.3180832279034881, 0.19570406711411428, 0.21179798118310675, 0.2643945225934437, -0.0903527683589686, -0.005935243183655278, 0.12114309146745729, 0.15984561581455473, 0.00623897618693232, 0.3239862102799927, 0.10236279859026205, 0.08609363376356935, 0.360984353700029, 0.3672585400772795, 0.5433232633301928, 0.18045347780762017, 0.3238350619406467, 0.17951820514227546, 0.45638303132407126, 0.4266280213438319]}