{"T": 62, "min_window": 24, "significance": 0.05, "n_simulations": 2000, "seed": 42, "critical_values": [0.04552488806393378, 0.027983884974683505, -0.017544209436841644, 0.09496990895060341, 0.18389698413636676, 0.2139099499277613, 0.22792454336292478, 0.2839178212680857, 0.32034810633508365, 0.3217403069387256, 0.3289655954028475, 0.4187800733746923, 0.3955014638060117, 0.3363225840076061, 0.39722934059246995, 0.40396153408510377, 0.41057905522151156, 0.3995408610603089, 0.32055750119528925, 0.31411140187288217, 0.326557652482797, 0.31013413187799055, 0.35570551268534784, 0.3561931941689615, 0.33638034674043055, 0.3470027120125558, 0.39727491782637875, 0.4074417002041976, 0.4393277968026211, 0.44609624524443875, 0.498879768821914, 0.48174029220090414, 0.4478113460515127, 0.4306802721216809, 0.451330490378937, 0.44999424764986806, 0.4277248561829303, 0.4062956000663347, 0.42984288588678116]}