{"T": 63, "min_window": 24, "significance": 0.05, "n_simulations": 2000, "seed": 42, "critical_values": [0.11672923523162228, 0.11038177828626519, 0.20552614435971256, 0.22577710078160684, 0.23535265413747578, 0.2319707738365328, 0.2055673583922404, 0.1808494189970334, 0.2442646301358044, 0.2802756274909446, 0.30391380764192216, 0.2886974223974894, 0.29795489184698354, 0.30618864325968653, 0.34348704903504723, 0.34106882205094247, 0.37271571166827694, 0.282466642316309, 0.32931035533260383, 0.2944289130209507, 0.33291714965581987, 0.32528148816697544, 0.3759559045440011, 0.3632038047829931, 0.3717333048914969, 0.37585142369929464, 0.3608977193743701, 0.338601637070932, 0.3842257031209196, 0.33843484258809076, 0.39649271502482036, 0.3942647071987217, 0.40455323052918346, 0.40469547924600247, 0.42132556181006015, 0.39540268838210796, 0.4541543321781939, 0.38891827749528496, 0.3989867498561885, 0.38075396069918566]}