{"T": 63, "min_window": 24, "significance": 0.05, "n_simulations": 100, "seed": 42, "critical_values": [0.3529426848369304, 0.11467983732835879, 0.26006901514407044, 0.032858594025703625, 0.045492186958380004, 0.02544958808816913, 0.08315119882114187, 0.11501089941022755, 0.06999756617751997, 0.3592956993184582, 0.2915487295037574, 0.2663836502413911, 0.1948075739731671, -0.2724708821068157, 0.2092720132957698, 0.2245061965545732, 0.11636882695854538, 0.09660834608311228, 0.2677883843564192, 0.21589471286794434, 0.1461317292650305, 0.12172756483104388, 0.2666211716139704, 0.322668258635287, 0.5192562863550878, 0.39953289147067267, 0.2190159670942424, 0.449019277550608, 0.3741150479020626, 0.42286401415216973, 0.2884686738702805, 0.34327161603480566, 0.37214313924115616, 0.817254039486664, 0.7285446720755858, 0.4191794114713791, 0.30629828248122176, 0.3088308332733935, 0.5799889458911458, 0.5263996573087508]}