{"T": 64, "min_window": 24, "significance": 0.05, "n_simulations": 100, "seed": 42, "critical_values": [0.01755461945968874, 0.06989418475638284, -0.009558512210612055, -0.20977894272371322, 0.04541486443668596, 0.14603064419221043, 0.23679210264717918, 0.20017426126121335, 0.12868743965075047, 0.2834443006295852, 0.09554144715205048, 0.248490944654574, -0.005965967285422372, 0.17289002285523208, 0.06967690468219195, 0.144536211483066, 0.221055182680731, 0.14732105298584558, 0.1933310223314798, 0.3097524141977999, 0.551626097683479, 0.6602110203573142, 0.7034080988792961, 0.5724482500079067, 0.75263746067662, 0.6643197340980826, 0.37781862407420547, 0.5080614930020814, 0.4494439456584179, 0.526358452200705, 0.3940494068139013, 0.5871312560012668, 0.2510342991871425, 0.17931117055532306, 0.2630507041287047, 0.45808945353293457, 0.4131040674681086, 0.22978546752986367, 0.2782392683909402, 0.12208726088919608, 0.05200977150130291]}