{"T": 64, "min_window": 24, "significance": 0.05, "n_simulations": 2000, "seed": 42, "critical_values": [0.015142003370852926, -0.009025935967074352, 0.09244834643425688, 0.13210021278496123, 0.14794635222712346, 0.2882377942123823, 0.26543378587617017, 0.19939641932143662, 0.25527748944727724, 0.21171358584196798, 0.22338261277396682, 0.22287063741704832, 0.24613066804293549, 0.23589364283715505, 0.2989646722228998, 0.28799441526277775, 0.31388261736794404, 0.3358212897289236, 0.3474361162504037, 0.37192509054043255, 0.4089893287831415, 0.46128040550182914, 0.4376691770463206, 0.49767341398921316, 0.46692190251857707, 0.454823189028402, 0.36753501794514104, 0.47920792154747327, 0.4846386766940875, 0.4020122975685389, 0.40051693653360815, 0.4706961953552513, 0.47224736197500555, 0.462674531737976, 0.39603793593295455, 0.45705682588375557, 0.510752015782103, 0.4578663893264513, 0.4637881502317449, 0.48572571610312565, 0.5116955332533805]}