{"T": 65, "min_window": 24, "significance": 0.05, "n_simulations": 100, "seed": 42, "critical_values": [-0.05137043780583021, 0.08225198980571354, 0.006867013958221501, 0.1463160142148593, 0.055194162989991774, 0.052521930874201525, -0.18798189315750038, -0.06837783107506244, 0.13585534457424484, -0.06189900810619047, -0.005090761581998808, 0.10039521510926018, 0.3270956485177885, 0.34565944886144756, 0.7694715290064013, 0.397531264534395, 0.4432108254667212, 0.42802321320020936, 0.37690163915255626, 0.22554276432250192, 0.26170979413130296, 0.3258867905726421, 0.33219794726774243, 0.5968702855573562, 0.5893036943293872, 0.5118713197399833, 1.0190701795182486, 0.46684224003624314, 0.6131286826019744, 0.5728363522023888, 0.6695733741219958, 0.5485251629274344, 0.6501596615432608, 0.8756010010524726, 0.7199213896705684, 0.7983627862964929, 0.3213381547738596, 0.5339611645935981, 0.47164529853356885, 0.3982913945293172, 0.5220751675981281, 0.1505026990348375]}