{"T": 65, "min_window": 24, "significance": 0.05, "n_simulations": 2000, "seed": 42, "critical_values": [0.03729537305508656, 0.0573114900708692, 0.06441742064969941, 0.07186169385295804, 0.09500420677720102, 0.185970261722119, 0.18438334772253417, 0.2332430440254115, 0.26486819786879684, 0.24733414738104184, 0.36746585007535953, 0.32407877736949253, 0.38866887698377456, 0.35238540753588815, 0.3929860932322491, 0.3730667313220389, 0.3159946936192098, 0.25875682185537696, 0.3225285279731491, 0.2869948296011162, 0.28729445542550264, 0.3482065978113518, 0.3837676150908124, 0.3684756652461161, 0.33486665985023173, 0.3561688855324493, 0.3980143684470217, 0.3228090156270607, 0.347161848388866, 0.3885966665457683, 0.4474837290235068, 0.4410201421453624, 0.45484859918086046, 0.4666886681701263, 0.5310843378227393, 0.53831866340788, 0.483193389366469, 0.4359321860880964, 0.50866409469522, 0.46445773994605005, 0.46821905960607335, 0.48260311442182807]}