{"T": 66, "min_window": 24, "significance": 0.05, "n_simulations": 100, "seed": 42, "critical_values": [-0.36195180625455176, 0.03171177541421344, 0.1860462695254301, 0.27989872387661663, -0.07419190620745042, -0.017384702133426085, -0.051359378724045536, 0.1703840428048895, 0.10127765190581438, 0.19620852826813662, 0.3367845972156506, 0.3257432112991212, 0.5814151878078826, 0.44074575620897527, 0.10770849164778769, 0.3770890565081017, 0.22109120749726566, 0.21867366124322732, 0.22311449929084332, 0.11873531964753631, 0.12366342623085848, 0.6466003498190395, 0.38028737604218693, 0.39335433090115013, 0.24920225116148348, 0.4023275341597531, 0.45372588123124796, 0.4793644063924433, 0.45076297569199586, 0.506963134356949, 0.8875799470058847, 0.6839017016034661, 0.4596989548885705, 0.21821442061569196, 0.5219083572572165, 0.23260366831256313, 0.18230966573353305, 0.2323650669251079, 0.3782157478394832, 0.7230129758609283, 0.5932676710047445, 0.5862205460784194, 0.4821545942694357]}