{"T": 66, "min_window": 24, "significance": 0.05, "n_simulations": 2000, "seed": 42, "critical_values": [-0.0031851151209741635, 0.03015543955353348, 0.13115217616647493, 0.14223014349236573, 0.15638735593107903, 0.20928914534157098, 0.2689847358332169, 0.2874584160963673, 0.3241567541158304, 0.33375354822449255, 0.36831217088330354, 0.3466330036544976, 0.39272249776928325, 0.3518521886334447, 0.35843630904006213, 0.3321270610011123, 0.3201579343650266, 0.33916619863210884, 0.3634206457806987, 0.3375186111257894, 0.29043723506183194, 0.3317559360224596, 0.36733264028269896, 0.3736258648863272, 0.365231317726704, 0.3691471672550318, 0.36122403429075023, 0.3562521249117791, 0.34872685611879894, 0.3803644899422397, 0.43469205047861514, 0.35755028487270485, 0.3361024520290615, 0.3235121861560977, 0.36479509709426977, 0.37012990081395997, 0.3795674097557572, 0.4192494279266752, 0.4562978104651419, 0.4536172454217068, 0.4438579296129091, 0.4400432602764012, 0.42786493292141087]}