{"T": 67, "min_window": 24, "significance": 0.05, "n_simulations": 2000, "seed": 42, "critical_values": [-0.012650640925221075, 0.012323578942022058, 0.06589774787591299, 0.13185613372046875, 0.11012956396368588, 0.19066031654124746, 0.24701168604964852, 0.3166903620052656, 0.31218899456728, 0.32449807713427276, 0.27585939662055053, 0.288676549773707, 0.2914300760406504, 0.3023006782924148, 0.3756770404117301, 0.3461757768232793, 0.3375689998013273, 0.3379545535582042, 0.37702498840312404, 0.391919395541001, 0.3461296224944683, 0.38519242424621436, 0.39384724050789655, 0.4391714016301496, 0.4490730585426399, 0.40885237180188577, 0.4687390422313191, 0.49259590616891996, 0.4515017131321735, 0.4723682561656114, 0.46407930372844114, 0.4714138496810268, 0.44144942766847506, 0.41681142878588134, 0.4181896999370489, 0.3721680898547711, 0.39163298993675694, 0.506181089220576, 0.4309614720755069, 0.4531300885297017, 0.4659827625826182, 0.4336818701606396, 0.4997906860584936, 0.519721268362808]}