{"T": 67, "min_window": 24, "significance": 0.05, "n_simulations": 100, "seed": 42, "critical_values": [0.1878897267159984, 0.1156335874571091, 0.1113230331401347, 0.29537222141302133, 0.36542476609334723, 0.33663159736452547, 0.6595014853935348, 0.31102582923333394, 0.24970887838788397, 0.6137502054023266, 0.4227654158772645, 0.1247266997642686, 0.008703072694904494, 0.1013409271390767, 0.16033746133205073, 0.06757450606522347, 0.13593785383157936, -0.0677104966115438, -0.03760118295027141, -0.01576769262449518, -0.019115269889536136, 0.16134445245468002, 0.21450219489365469, 0.24512763706510857, 0.23940850529073598, 0.4016773632306709, 0.5756618299952632, 0.38416629915070977, 0.43994406987505863, 0.506968566548084, 0.5933098015931821, 0.4202709309027614, 0.6248210503624352, 0.48712607944004765, 0.41375367701688653, 0.25947049036681585, 0.28071133692710004, 0.2857563523068113, 0.25303346017092554, 0.1211524486077652, 0.21578877346752964, 0.1558869879782085, 0.0802675470003322, 0.2681716174906183]}