{"T": 68, "min_window": 24, "significance": 0.05, "n_simulations": 100, "seed": 42, "critical_values": [0.27644974812192274, 0.08649531461036108, 0.16279670566870383, 0.2804942242464273, 0.18589531373167012, 0.31348327987019725, 0.20793683178727762, 0.11807326480391084, 0.12206517681364353, 0.08496441007244443, -0.12170699031111432, 0.20122238095298556, 0.07837223669171414, 0.14145676929144088, 0.06355094391390965, 0.387897444576191, 0.2923855416209448, 0.17440822680642776, 0.46309338952995327, 0.31327842419004226, 0.25585754945656664, 0.39447684378197273, 0.2744521902712405, 0.20796621549059544, 0.2614584377564817, 0.15227702150081662, 0.1166017770303322, 0.26272641429369226, 0.18118231609604907, 0.1339568089075779, 0.20029100826140828, 0.150528542919516, 0.2323640136297326, 0.28922248579794146, 0.43453409824200573, 0.3432075531759206, 0.2743510957206387, 0.5572263550970564, 0.5057167535074754, 0.5069912702710248, 0.5948117268788703, 0.3743666417071216, 0.47316848051768096, 0.3003097841304997, 0.5157510117436273]}