{"T": 68, "min_window": 24, "significance": 0.05, "n_simulations": 2000, "seed": 42, "critical_values": [-0.011285776028274212, 0.08504545403470685, 0.11320307927921391, 0.147752064618947, 0.23820368216440782, 0.2117727954115219, 0.18000987210254604, 0.2202835450931425, 0.25516364239241013, 0.2678061531536879, 0.29755271297260794, 0.32230473405657806, 0.29737376756248207, 0.30673330873655813, 0.29747244779059284, 0.4558780515563161, 0.42025380285062036, 0.3622793082690368, 0.33099304476208746, 0.316862877277231, 0.31544521093418176, 0.30249423907971773, 0.327016613011825, 0.29583206385523025, 0.37926418320932004, 0.39356653043253514, 0.42636275319975425, 0.4807425201316945, 0.4491899066743764, 0.37913099427251834, 0.3653229236686399, 0.3852811700438467, 0.38488044465229426, 0.405690439466999, 0.38707866635557897, 0.3416944717375819, 0.3736762065734713, 0.4362894568882508, 0.41892873840225703, 0.43847144415013267, 0.4258397266842629, 0.4123512741702536, 0.4050837745760241, 0.4499223892216131, 0.4807402218904338]}