{"T": 69, "min_window": 24, "significance": 0.05, "n_simulations": 2000, "seed": 42, "critical_values": [0.026841803284307957, 0.03234283910307264, 0.14516217928060998, 0.174538272764135, 0.16769311798314618, 0.21607945313328264, 0.2258187237669452, 0.20493793114636347, 0.15938474198621994, 0.2547097064802864, 0.27484261368458246, 0.2444970284112435, 0.3007578959597632, 0.2921586508959248, 0.33052801218578937, 0.3375279869250649, 0.34672082078237565, 0.3534981122968403, 0.305859800437468, 0.3434900865934513, 0.33260918164035275, 0.36589021926660736, 0.37537359788467967, 0.4175984344610338, 0.45083598473561687, 0.4633241172592918, 0.43240964010987076, 0.4844691650091643, 0.4339821482086374, 0.45837653980721993, 0.4638346325063501, 0.486597995069724, 0.41310752261628547, 0.4752758470682201, 0.4078451251711967, 0.40182976828711187, 0.4048963926375422, 0.4314377358765131, 0.484351496535938, 0.4628986997955662, 0.44420340644637524, 0.45051700528938987, 0.43027278024349364, 0.41656219637576014, 0.4216695426134055, 0.45113911915704663]}