{"T": 69, "min_window": 24, "significance": 0.05, "n_simulations": 100, "seed": 42, "critical_values": [-0.05459870293858372, -0.06649750629270285, -0.0016165980585784844, 0.1667220447321008, 0.04768180010930844, 0.17683240008872456, 0.20439456391145752, 0.18752775783252773, 0.41184582647247775, 0.2977941206793062, 0.18307702914161, 0.1902363513641063, 0.12523255892903293, 0.3001887561818641, 0.33016424986392745, 0.41635005989872514, 0.3674841967716603, 0.2269725343280634, 0.18879514888186644, 0.05762798187822114, 0.09928681351145051, 0.3357171089738579, 0.31007496167807397, 0.14572587156788883, 0.24892640362522622, 0.30557385577172935, 0.4019611656279105, 0.671455585476354, 0.8708719300722012, 0.6222823515016752, 0.43050953502709305, 0.8772747320093388, 0.7260261349412882, 0.5985976345378953, 0.494402810680651, 0.49859642663630677, 0.448077556675161, 0.5575237955987432, 0.5779007193056586, 0.7499623565689777, 0.6474790173748025, 0.4794955957059763, 0.3734178732944191, 0.32825199329040344, 0.5820377750433225, 0.45854681693310295]}