{"T": 70, "min_window": 24, "significance": 0.05, "n_simulations": 2000, "seed": 42, "critical_values": [-0.0017720911839428615, 0.1385220147043091, 0.15567268047000052, 0.11376849795098413, 0.16712005081398806, 0.2514710458815879, 0.30036273664134805, 0.255519622464192, 0.2323945155990144, 0.2914154234982708, 0.27769219817657076, 0.2960161121185972, 0.27468375981975274, 0.2887661444832154, 0.2981490300650487, 0.33167024626848635, 0.3665634722167295, 0.3401195167408699, 0.3675435281715172, 0.323882286152945, 0.39165928886847245, 0.4107901362596307, 0.41884221876774996, 0.43892926150723693, 0.43526868790394607, 0.43217568477597484, 0.4615494155833205, 0.3694721345656162, 0.3824466909807983, 0.37291446700928205, 0.41429322917473616, 0.4528053628294965, 0.47854658774178543, 0.42498236369303705, 0.4815683665374111, 0.4859479115946928, 0.47510587895243234, 0.4472448982395477, 0.416594800046588, 0.43536346267205017, 0.4694111563340095, 0.4722704452056227, 0.42938490962913684, 0.44165257143360387, 0.3884929964138241, 0.4088455365145115, 0.422742404743682]}