{"T": 70, "min_window": 24, "significance": 0.05, "n_simulations": 100, "seed": 42, "critical_values": [-0.05604971804878141, 0.286918284867538, 0.2414291457466574, 0.2860603205428436, 0.4312432364154755, 0.5341909636725998, 0.31369465002966324, 0.2095687817288339, -0.060458191101387934, -0.010637731072342513, 0.09660834608311063, 0.33031187401680884, 0.5322785737034456, 0.3788309728196608, 0.35675506148292313, 0.3536240678315598, 0.32522786719375296, 0.3709038879984999, 0.42078696524498804, 0.35403967404164355, 0.2842214691564825, 0.48029287122886555, 0.4735511843580577, 0.5766249671654279, 0.5751306375463444, 0.3790510838002795, 0.42710465421222854, 0.32442066371647943, 0.31349197769586273, 0.3288928655376187, 0.27968946998452604, 0.3252345438873654, 0.4160641549506833, 0.661147349909037, 0.5090231925435652, 0.39139561577178944, 0.5632073334851615, 0.45983497813752844, 0.21793559001591284, 0.15339317858607568, 0.26231115138962396, 0.5044267334323598, 0.4831801347264711, 0.28407928935499654, 0.4083662482411909, 0.4604812608277144, 0.4723790469194147]}