{"T": 71, "min_window": 24, "significance": 0.05, "n_simulations": 100, "seed": 42, "critical_values": [0.210763095656521, 0.2800532330683905, 0.21431949979949505, 0.0818026567834724, 0.11747678652455418, 0.1767161391906378, 0.3594100589468106, 0.29858068666521753, 0.23187423633495513, 0.4203674770191033, 0.3106617805831891, 0.41078008501879076, 0.23998824639127486, 0.3174989417204981, 0.5150371182295277, 0.49063952442135633, 0.6243581710067242, 0.4667954358212244, 0.7219507641037712, 0.6443606979776235, 0.3866324887594027, 0.5174059262296404, 0.6590313995020914, 0.39814769214134704, 0.23427002239200204, 0.4306669392133707, 0.2627404589284998, 0.3117807574438387, 0.614230009412907, 0.5477860525713301, 0.5259948924123925, 0.25121612707997915, 0.22225488458730502, 0.2487479973095894, 0.592200886418857, 0.40356739254206386, 0.25776017524317574, 0.10665475425976273, 0.04526249879483103, -0.022193632968140878, 0.06088287780948479, -0.003681042470032957, -0.08596200222353383, 0.20194015036009066, 0.20649107261725985, 0.24187413312394537, 0.22324554125103174, 0.4585931867153012]}