{"T": 71, "min_window": 24, "significance": 0.05, "n_simulations": 2000, "seed": 42, "critical_values": [-0.07445448559665614, 0.0138989850417407, 0.08977341941619744, 0.15710459401179733, 0.16742259414289332, 0.21073857946931066, 0.23458763708018548, 0.2940598094541541, 0.27654318835818886, 0.32768867351622116, 0.28470796710163304, 0.26829767717822905, 0.2885551017801481, 0.305215147735817, 0.35697102177135503, 0.3079340681970672, 0.37928958611216285, 0.3118040387962269, 0.35196964078082005, 0.355587375363752, 0.38307616084282275, 0.3971652249322819, 0.4301103128591062, 0.39310539147006346, 0.41821474243395734, 0.3865736992303978, 0.4136469287274784, 0.39033420250821116, 0.39478189484666987, 0.3999325666678424, 0.4191410437264189, 0.36408785766880597, 0.41603930841490727, 0.4011148036419103, 0.41797642357822923, 0.4069835297939083, 0.43133559675155675, 0.3675911343143406, 0.3403572201024249, 0.38512593212131174, 0.43198616714639054, 0.386961008560081, 0.41920396778354574, 0.4094083369568756, 0.40807288292884336, 0.4601425729594913, 0.46340177229990026, 0.515437244324611]}