{"T": 72, "min_window": 24, "significance": 0.05, "n_simulations": 100, "seed": 42, "critical_values": [-0.05564638714404859, 0.07747066939586117, -0.010456723897342177, 0.2804942242464273, 0.3777341810348491, 0.32763682700183133, 0.6395601050009, 0.4418663165139534, 0.4397451569536353, 0.40992527422689773, 0.0875677264655217, 0.3069208931876846, 0.3854295539489567, 0.18079104343543415, 0.13462243863679627, 0.4621525587780754, 0.41192350286687696, 0.3454469571308508, 0.29076783356036606, 0.4844305773009065, 0.045967266073103516, 0.41897807402426807, 0.16929988335393029, 0.3676134361575316, 0.2860043814078669, 0.5594779943574187, 0.37695859877259125, 0.49642513723118187, 0.6226892166584292, 0.35985759156713126, 0.15296637929128357, 0.20868239817177314, 0.12075295468299675, 0.4003673303766913, 0.2503149080700799, 0.2633540937727249, 0.4847941341539832, 0.4560777678357181, 0.4522245237637191, 0.3748868795670645, 0.3653978412691773, 0.45837243796681987, 0.2398003841285367, 0.40321921466383465, 0.3990180272589504, 0.36512270545884207, 0.36491922959349676, 0.3666446133803915, 0.20910049267334221]}