{"T": 72, "min_window": 24, "significance": 0.05, "n_simulations": 2000, "seed": 42, "critical_values": [-0.01949916962095377, 0.011284756366644501, 0.05485215994345589, 0.11473709762278801, 0.17620287010917055, 0.19616306249690557, 0.1746020786690524, 0.1542667405209861, 0.19222806262468267, 0.19207591316744477, 0.2451076256318954, 0.2745679968293499, 0.3218021348418919, 0.2965471226768704, 0.32584624042211285, 0.2984487056523119, 0.33446648132579576, 0.3408771861634661, 0.36810037441590776, 0.35442047545811595, 0.41992533771656587, 0.41061964534883166, 0.4283637267190863, 0.4449443757554662, 0.42729255959148493, 0.4129975418710701, 0.3472116157299088, 0.419470956348037, 0.38514228251725174, 0.4263983053113669, 0.3886275937383023, 0.4507476479369444, 0.42419439188506597, 0.42547812485427083, 0.3752552533565033, 0.4012554857960711, 0.412213495646155, 0.3715725754013665, 0.41185728100178753, 0.4231369892552048, 0.43470576893039786, 0.4624580603378613, 0.39084859558543944, 0.4235035697724501, 0.42951117793030097, 0.4308819428635088, 0.43282505134604626, 0.472386541080195, 0.5166451907532584]}