{"T": 73, "min_window": 24, "significance": 0.05, "n_simulations": 2000, "seed": 42, "critical_values": [0.024007080823701107, 0.0872074463614173, 0.10440127222774843, 0.16185100338912886, 0.19071817576454003, 0.26596846945807057, 0.20350135821025078, 0.25302098625052144, 0.2009290886987534, 0.2727033666935361, 0.2540638432271443, 0.2326246787960757, 0.22882101855375248, 0.24162427262319744, 0.27543885610087326, 0.34090281488131974, 0.32054599097253317, 0.30460663320147174, 0.29388235195587004, 0.28931763515136677, 0.28407302426156955, 0.3644749025759244, 0.35259436397564026, 0.3820577764980927, 0.3745896348797132, 0.32645379366739496, 0.37864531583636835, 0.4135299255449576, 0.4604479419906202, 0.44974416026715075, 0.4187462831714053, 0.4528604600574566, 0.45461658135525723, 0.48276103872087905, 0.4614929100038745, 0.4502478241479624, 0.4342456579158473, 0.4093672305217337, 0.3871546092761254, 0.46830234815095106, 0.4454954525466152, 0.44921901417512206, 0.42763541891128276, 0.4781380990544874, 0.46610226646803105, 0.42867667560386713, 0.4525152364767523, 0.47612969582839115, 0.5040870470661659, 0.46865028068115927]}