{"T": 73, "min_window": 24, "significance": 0.05, "n_simulations": 100, "seed": 42, "critical_values": [0.25156467182262704, 0.27841192727140207, -0.01196692235700389, 0.13163955864761748, -0.1213979546603926, -0.09423369698172107, 0.13012436221359983, 0.1242060654539913, 0.14832321415102198, -0.1919230226935562, -0.011058073794375208, 0.07274199803905029, -0.19121227753917627, 0.03869454106943799, 0.08048022109901311, 0.07109066187075001, 0.21915956938283312, 0.7071770048817381, 0.33207334126308735, 0.3811357037283083, 0.2159731849902495, 0.3312352915738354, 0.30895891831738664, 0.3640604141081045, 0.05815676908959418, 0.3085224145123828, 0.4111806084395173, 0.33708878513699836, 0.21928596919357296, 0.48144852150448114, 0.4192419672939542, 0.33077035502476176, 0.16431981391885592, 0.08863421227541803, 0.15023728857171975, 0.2345808920987494, 0.23564216037017627, 0.2922912672921647, 0.28224749016658973, 0.5506148482490207, 0.3734477746510149, 0.23544314179867248, 0.1337050864704442, 0.2849118013864508, 0.36198401267644637, 0.10424997659959523, 0.06952022697590662, 0.0726518326271725, 0.24237932218161348, 0.3403612018241604]}