{"T": 74, "min_window": 24, "significance": 0.05, "n_simulations": 2000, "seed": 42, "critical_values": [0.006700462532106661, 0.07559363838665709, 0.12087245783143594, 0.14101493867805387, 0.17110932438672735, 0.24736269673543151, 0.2884701033852808, 0.2707057785512984, 0.2939670907901001, 0.2595281750704895, 0.3105476392584062, 0.2852036454353004, 0.2554991116351386, 0.329200457999936, 0.32890091167681557, 0.3314888417876791, 0.3612694080046815, 0.34036607023436877, 0.27219179627597867, 0.2884744034657896, 0.33788443980632954, 0.41638311287658675, 0.499609526193565, 0.4519371478497413, 0.44289209263807816, 0.384578875037768, 0.4270767754840786, 0.3710747943700384, 0.3936844820162194, 0.4416578614857741, 0.3918604648608302, 0.3626696322671892, 0.4055589319120949, 0.41133711948054313, 0.4038130065711459, 0.39683218193343417, 0.3893834482116046, 0.46904421029932925, 0.4271709747175751, 0.44696864616074167, 0.45202455716121237, 0.4682175399143691, 0.4964177186607707, 0.46371395282315686, 0.4866139440995288, 0.4649552284002085, 0.4724028933558927, 0.45940059671793776, 0.4625016203414264, 0.49793557248604947, 0.5063900464872607]}