{"T": 74, "min_window": 24, "significance": 0.05, "n_simulations": 100, "seed": 42, "critical_values": [-0.28613908336421284, -0.40602883383407745, -0.1784121950530514, -0.19664627870713114, -0.1196301263283265, 0.17527368647753108, 0.1997561832951192, 0.12178563568586537, -0.006574642185218454, 0.32876891485687443, 0.2157746416040198, 0.16136325963029802, -0.06649050884125939, 0.13825529816031149, 0.030528777539893557, -0.10769326768869489, -0.08496077249139575, -0.014758327391761701, -0.07235797722093258, -0.0609102112176831, 0.028431890003024013, 0.13854014328984693, 0.2954060239587419, 0.405644019771952, 0.6151930092982935, 0.38805768783264827, 0.28018715177570946, 0.4229399687610469, 0.2624331794396013, 0.31725830934589844, 0.620375204217724, 0.4597179226571015, 0.33500777361596534, 0.4002977604855565, 0.5607203783336243, 0.6270561652519896, 0.6509158577346208, 0.6502917525801226, 0.3298705092464506, 0.5100011007945647, 0.3864831119828236, 0.668560088181778, 0.5575348957727776, 0.5209314820127584, 0.5784337506234132, 0.6717241135600861, 0.8889587017188335, 0.8190811895813203, 0.7914730564910663, 0.47042717349893204, 0.37694167156344505]}