{"T": 75, "min_window": 24, "significance": 0.05, "n_simulations": 100, "seed": 42, "critical_values": [0.030635873748414855, -0.01434281129776581, -0.23270462631639377, -0.23460623564712832, -0.04889160107427284, 0.17672366243760712, 0.1938893119707449, 0.19205202038841093, 0.0977491365762083, 0.12304855903150129, 0.19701723527797096, 0.5009449905567294, 0.28024505391687093, 0.20693261707995983, 0.17743493134321625, 0.25800484846414473, 0.301295714785086, -0.019291956452803714, 0.1425038105750532, 0.017102332633247154, 0.00040505875094124823, 0.0005844778499391953, -0.018660227229606727, -0.05385046436665602, 0.09717164447618179, 0.20284253940662042, 0.23404228858412365, 0.4024710197434145, 0.22242471506093509, 0.11915490440359597, -0.09816828307116347, -0.08520071738476255, -0.18026524715820974, -0.2343933464671315, 0.1452709234725138, 0.24061445612081542, 0.4126917928769518, 0.3390865867222313, 0.40255539548236746, 0.36450090458650536, 0.4999718206344938, 0.6765737960807909, 0.5436003012361444, 0.21919642278331417, 0.7080723950693748, 0.7640013925876902, 0.5128885147317768, 0.5552379594690394, 0.6879542838367426, 0.7260429007410683, 0.7099157683298662, 0.7170677573993057]}