{"T": 75, "min_window": 24, "significance": 0.05, "n_simulations": 2000, "seed": 42, "critical_values": [-0.02524739147382312, 0.06319998206883351, 0.05488985150001179, 0.1392722109564661, 0.2038033910458461, 0.34612361376594447, 0.25904670080902126, 0.2717203532312573, 0.22335156711663862, 0.30255510102796923, 0.33559051889975366, 0.30207321773212725, 0.3148138374633656, 0.34768000391716314, 0.33160655715840837, 0.3252523512818785, 0.28385754455805756, 0.3010389370177125, 0.3355266735818211, 0.30891384021919266, 0.3735942533549059, 0.39955690393522375, 0.36762010470121864, 0.3748212913029603, 0.4086612850006359, 0.4015753079469307, 0.3889144531071386, 0.4072003048757994, 0.3711771238695561, 0.3673183330240572, 0.4036003317759052, 0.41969431670413176, 0.45037844735435345, 0.45395799861380715, 0.42774718421646085, 0.43210357472996147, 0.45272871715401924, 0.4123907763642303, 0.4376190696143434, 0.511268080174337, 0.43910668003718084, 0.4621056297955296, 0.4314077305125362, 0.4252094833017804, 0.49858820188699343, 0.47547606602391806, 0.5098835650382483, 0.479789717749461, 0.4892374628234452, 0.43421508935174197, 0.46249245824547336, 0.5184527122470682]}