{"T": 76, "min_window": 24, "significance": 0.05, "n_simulations": 100, "seed": 42, "critical_values": [0.06614418671279411, -0.04467049629617385, -0.07899398631300408, -0.19489711698298173, 0.044156415203548315, 0.19205202038841118, 0.12403664138760562, 0.039222679159237384, 0.16947352975172406, -0.1069704764209983, -0.17234923500778673, -0.17468021207566103, -0.04533653982760136, 0.0483508112993245, 0.24432883849990827, 0.309956067406212, 0.38701074337517233, 0.1493231076806006, 0.25075967720749104, 0.14425541155068067, 0.444206844054463, 0.4270483627733598, 0.3682188141783446, 0.4046601142786746, 0.3718910919874289, 0.4216120948083178, 0.4391714067943168, 0.4919885254347719, 0.4842001426434193, 0.6355146442122459, 0.679000673596456, 0.6219774453674469, 0.7810713770958321, 0.8134185792607336, 0.6518788201958968, 0.6271888984732013, 0.8164351692166932, 0.7675585578648791, 0.7880537392833594, 0.5600657358382426, 0.517372467157695, 0.455410004667652, 0.31992572879208103, 0.5077805040062922, 0.4023808118709242, 0.36056226852588136, 0.28249274331948876, 0.45870142193797264, 0.38173883258263314, 0.5316915821823632, 0.39979186152300916, 0.3859341658778651, 0.5259426538797956]}