{"T": 76, "min_window": 24, "significance": 0.05, "n_simulations": 2000, "seed": 42, "critical_values": [0.0633866645452746, 0.07213995678981261, 0.1285242193630754, 0.08557296252027563, 0.14929423786971524, 0.13112883622722166, 0.15078570514800882, 0.19214056761028228, 0.1938723268045496, 0.23981354271919086, 0.29512647783620677, 0.342617705693739, 0.3435475498917501, 0.359987577266504, 0.3119958058409249, 0.3315732166412501, 0.36016582897971483, 0.3144234481885734, 0.3071433675363017, 0.3084155748638789, 0.36803392679222147, 0.378932393206919, 0.33122178054498047, 0.3857630487377865, 0.3584618802220908, 0.3720939968848024, 0.3722528692849401, 0.4488117627695569, 0.4320409817084603, 0.46269000041014846, 0.46154836523014114, 0.4162941832121202, 0.49098799140935245, 0.4824577406042666, 0.46259541736107335, 0.507139884417714, 0.45970444548147593, 0.4586755902491637, 0.5132285906064066, 0.4626667720924604, 0.48760426491192665, 0.4683246008706486, 0.4476922654789927, 0.46115612133631384, 0.4992651678620005, 0.5000774681157627, 0.4392579551515693, 0.5046719399075235, 0.4897849882924365, 0.5120099628409704, 0.5309237911959379, 0.4624326990883999, 0.5370789604135272]}