{"T": 77, "min_window": 24, "significance": 0.05, "n_simulations": 2000, "seed": 42, "critical_values": [-0.004337690801517692, 0.03024106836876971, 0.04132378565413184, 0.07061609377234064, 0.11591922662770492, 0.16210694460830766, 0.14110973203807906, 0.21789123562539425, 0.2232245758640402, 0.22025705471189727, 0.16185026560623775, 0.24406644125234364, 0.21985716072684855, 0.31388414906935114, 0.2657932822180768, 0.31409319441425176, 0.31953300423194536, 0.3106136534001955, 0.346117484231647, 0.3818086356112503, 0.3076055839582608, 0.3298644037178373, 0.3534853206089594, 0.3731771757311592, 0.3229871497369506, 0.28039723020548313, 0.33965925699296134, 0.31040191234348163, 0.3844103969515344, 0.3782593506758225, 0.41818161941043247, 0.40323738739461573, 0.443628858343106, 0.3669110257334459, 0.4508016523257643, 0.4281293251186586, 0.40563134935032874, 0.37428134258302986, 0.445146822227285, 0.4523777081227766, 0.4469357079688818, 0.4602261435573297, 0.5125318786305392, 0.5219112973691039, 0.4965632469493454, 0.5349040393315436, 0.5900820420016223, 0.5840622983662076, 0.5381078357154416, 0.5254945263465172, 0.5447084181540203, 0.5287381695116896, 0.5439078257116807, 0.5121815568877396]}