{"T": 77, "min_window": 24, "significance": 0.05, "n_simulations": 100, "seed": 42, "critical_values": [-0.17408042743497337, -0.16614730011657047, -0.0279615729631366, 0.10498916748904749, -0.061617749455662695, 0.03680403459767949, -0.09264119333967077, 0.15804021498273735, 0.16507457388298097, 0.22150234777063435, 0.4306763373151294, 0.30939471346683717, 0.3997042193391524, 0.21402925625750444, 0.06412478979581224, 0.36018985921897867, 0.3119134327530781, 0.2196653208856906, 0.35872773494938415, 0.6478063300486961, 0.7304059237681623, 0.38363313849417363, 0.26264762918629053, 0.37023768126971207, 0.21073785116435695, 0.10294352153222913, 0.14576993301363692, 0.11895046483511165, 0.22222603423434661, 0.41877495027230965, 0.208275385874418, 0.1287269393464122, 0.5055258709667848, 0.5222276002764332, 0.39729639381430853, 0.4270669508580795, 0.3598150477321082, 0.16449334950368616, 0.27278482005722227, 0.1893154985917727, 0.1973310125829925, 0.20843297483157874, 0.23033442312003424, 0.44011766554948606, 0.24867681049071222, 0.4636771139668823, 0.32951603942736357, 0.4647869411011889, 0.5303827317815527, 0.4898721901118414, 0.6264130626899261, 0.45423037252831777, 0.3976041385553163, 0.47239032876832177]}