{"T": 78, "min_window": 24, "significance": 0.05, "n_simulations": 100, "seed": 42, "critical_values": [-0.11383689065320783, -0.21297524058314948, -0.016004001771669805, -0.11097417500686421, -0.007249276419569798, 0.1840942218635131, 0.2860921118840788, 0.21915106756039368, 0.20275269977850294, 0.45985247858761163, 0.3071017291505058, 0.4030195593724917, 0.49396357645302036, 0.4268397722029978, 0.7554728792753143, 0.5158982874315777, 0.21809340527258103, 0.2809984688540117, -0.003990676545038478, -0.021768624867851694, 0.2641024692221791, 0.341665586986706, 0.3241346570605783, 0.3615825729602153, 0.39978445661873285, 0.2061087942457088, 0.27373973763952003, 0.45264055598188957, 0.22378703223764532, 0.28660582688475655, 0.4445060873406512, 0.4986517785237241, 0.6113231981572862, 0.6258930252399864, 0.7942282667895194, 0.5444036245908812, 0.7557684177570644, 0.4832298357876049, 0.6677729169931353, 0.7222192215637669, 0.7407844374297498, 0.5816857429710244, 0.5228880782490501, 0.7273395124485105, 0.6379903971428676, 0.46002685258641535, 0.577653810069615, 0.4787021077298614, 0.5856942968241409, 0.3152299543666781, 0.504150402333975, 0.5382344642618907, 0.5396331028182944, 0.5168855591767659, 0.46320817568864797]}