{"T": 78, "min_window": 24, "significance": 0.05, "n_simulations": 2000, "seed": 42, "critical_values": [0.012216693579201942, 0.07549892223601518, 0.07123894730203313, 0.08400406511838149, 0.06373405216850792, 0.1862473740047694, 0.2498277202347066, 0.2408788419367386, 0.2992163151138389, 0.30437503963613066, 0.25715663734869687, 0.3077765786846233, 0.3241002748685536, 0.3458910259802977, 0.36776822303514584, 0.3047509905451921, 0.313001315029249, 0.3429999431052413, 0.35786145877520764, 0.30056461599480633, 0.30504958546714933, 0.3394897504809497, 0.346916495065032, 0.4062710042986026, 0.4177817843476494, 0.4219986157302653, 0.45036204822713705, 0.4179496483027849, 0.42258759169703886, 0.3762182833540383, 0.46262793631792687, 0.4979267896793532, 0.4880034380220173, 0.47300505032811757, 0.5169765762297317, 0.46570464170866294, 0.5280262230842602, 0.4793516099025468, 0.5548258970164835, 0.5290758948399029, 0.5104190214183912, 0.4570105678724517, 0.39469098516600787, 0.39403629034570664, 0.3979138589396048, 0.4598666193226279, 0.4666772615875417, 0.43851983297545466, 0.5124437794953189, 0.46156763593458544, 0.46421413763262825, 0.46084917112477775, 0.5097523317887699, 0.5059621160932058, 0.49313959180135786]}