{"T": 79, "min_window": 24, "significance": 0.05, "n_simulations": 100, "seed": 42, "critical_values": [0.3934413797983413, 0.17687502715821396, 0.5001808136934544, 0.29154362842701387, 0.06214127286882852, 0.26311921856655035, 0.2437514472622449, 0.3003553671831777, 0.20649609765943366, 0.5538647759490042, 0.3736388097166265, 0.20695414979167054, -0.13727824114864126, -0.17245008018869826, 0.183265923547235, 0.377721548325063, 0.007169303202253839, 0.2189626109349986, 0.12663489185365154, 0.04181198286253119, 0.055176079195527, 0.3335295293648486, 0.19318459075173466, 0.219330975154023, 0.06865788558477576, 0.2237074803512136, 0.24721245465003105, 0.14614809684904484, 0.02796803805308961, 0.11204489195569221, 0.16245233845531515, 0.27321812442294185, 0.3005101544902161, 0.5762949047116025, 0.5513454087118945, 0.6318367163684739, 0.7854454732630842, 0.7527150535250258, 0.750121760252104, 0.6780249838558216, 0.532384538761522, 0.4911947784760026, 0.5850329323021224, 0.5763156621883171, 0.556985739268941, 0.3750642945441229, 0.38388331094070716, 0.501430189723463, 0.5038354841396647, 0.347275405993304, 0.26858952926343804, 0.507650343013307, 0.43108623924125955, 0.584987617981826, 0.3136984214128597, 0.4960514976547075]}