{"T": 79, "min_window": 24, "significance": 0.05, "n_simulations": 2000, "seed": 42, "critical_values": [0.007147933506249864, 0.11081931314766405, 0.200890510992186, 0.21193151484509168, 0.2007936139897047, 0.19435357376736456, 0.23062088048888452, 0.2957705752951506, 0.33204264718237936, 0.4082742838205126, 0.2987514745097096, 0.3068384695993762, 0.3432346864711847, 0.29162144596694417, 0.3028887919994119, 0.35708645697564817, 0.3334318502540721, 0.3749223909196342, 0.4013591644875898, 0.3688413729183201, 0.3645357488475537, 0.3333028224364481, 0.3044231023047188, 0.3300807105577608, 0.29343758412182547, 0.3556230071498237, 0.34866580154627047, 0.28164516277972407, 0.3405232696845899, 0.3642210746619248, 0.3801260519496675, 0.39410613957094653, 0.38083271532034013, 0.4498880883713349, 0.4259930925906996, 0.45449900210198513, 0.42773799556163683, 0.4422277530152031, 0.44139762252803083, 0.44609407220666514, 0.47214937656189915, 0.4364573457384866, 0.4395961727171065, 0.47576545849242463, 0.4717486160830827, 0.4627619855901923, 0.47044255318293315, 0.4723000028001634, 0.5410223301738314, 0.535617386154753, 0.5215594479569854, 0.5286445828578267, 0.5283792490130859, 0.5696518602155694, 0.5538734555185001, 0.5103359667065734]}