{"T": 80, "min_window": 24, "significance": 0.05, "n_simulations": 100, "seed": 42, "critical_values": [0.10023281651013027, 0.011424013005248031, -0.009558512210612055, 0.13973180313013636, 0.3573300545832059, 0.13374833842340686, -0.10955596908983774, 0.04484912577567598, -0.16958507665183534, -0.19359759583276376, -0.05880335495673162, -0.03589346588429771, -0.18387891903249878, 0.025133788280544793, -0.044772062178348684, -0.09134399897499833, -0.08837132468654388, -0.01853114215742391, -0.045999991871519805, -0.18398134967349897, 0.0679507810807683, -0.03361305135455227, 0.11644852814702947, 0.12843747995322552, 0.22775162840640695, 0.1450292970192288, 0.376597053408434, 0.5030660712710987, 0.29692985436496255, 0.4526350421229108, 0.4242976287985622, 0.8042652869445361, 0.7527015666998192, 0.6145722251732287, 0.4312432364154742, 0.7293966375106127, 0.5890758998732502, 0.5911243657437911, 0.4522800357458891, 0.49920963701759624, 0.4699883641504699, 0.6681928670421226, 0.5877929365231551, 0.638925552756307, 0.5058335031111681, 0.5339188747870616, 0.4980103904371361, 0.3737583360441647, 0.5398228293126266, 0.2465976914827017, 0.3692517752087273, 0.5088707741184735, 0.8791166806849665, 0.7231112737066618, 0.7054878033557754, 0.6407234199599391, 0.7105584857662794]}