{"T": 81, "min_window": 24, "significance": 0.05, "n_simulations": 100, "seed": 42, "critical_values": [0.12594329173041235, 0.07165023865307858, 0.056547982193821116, -0.11940104980651045, -0.2750993482970495, 0.020868200084002704, 0.19578475154187636, 0.0029034891664206615, -0.09985886330992783, 0.3044854717313279, -0.1378057474018434, 0.08471858471353816, 0.05263932252601762, -0.13844147870373044, 0.11734300178982124, 0.20041476987031795, 0.1467819588308805, 0.2777340442340114, 0.3974996405692926, 0.48939192701596035, 0.7239315422539196, 0.44987882437032134, 0.5359215724707392, 0.6601478600279478, 0.7665281500969303, 0.9068589940503975, 0.7527015666998192, 0.7217146298963201, 0.567926739669789, 0.5886006798296806, 0.5409101473396054, 0.6416563714915144, 0.5296353933735126, 0.6106783411034555, 0.6111040596886089, 0.42092508154006975, 0.36917934714011813, 0.3127745641602819, 0.2982450654854578, 0.5240146562269918, 0.3426573616316637, 0.5471498501263031, 0.5126319887795425, 0.42324010748881746, 0.5113970912839944, 0.5206340067493912, 0.5221787969883618, 0.3173182465292456, 0.5390924445879041, 0.34266156431495703, 0.4830112887037347, 0.6152423381640418, 0.5048782558128285, 0.6237327062614723, 0.5905092249986186, 0.5690812621275755, 0.685930536471782, 0.6431161713304187]}