{"T": 81, "min_window": 24, "significance": 0.05, "n_simulations": 2000, "seed": 42, "critical_values": [0.0011132840467784103, 0.06164599681152711, 0.13813695917006616, 0.18811413085804554, 0.20897214614243217, 0.18490524478326512, 0.2935039678277522, 0.22700182931215412, 0.2108401689294211, 0.22855284348293217, 0.23098949305119978, 0.2282288675052949, 0.2297462259278651, 0.20198283061342615, 0.2837884674640781, 0.29372176184008586, 0.30327531739280306, 0.29249690685003915, 0.3512500114814291, 0.2799166798108384, 0.3279379046209093, 0.42212268611564735, 0.48060476925576784, 0.446441849478171, 0.5002739289089814, 0.4311144325369915, 0.3966120107621246, 0.48387707067632374, 0.4770351446603703, 0.49137859864098243, 0.502308189993367, 0.4880278656834545, 0.46869073816133333, 0.5067125639274436, 0.4969956016509787, 0.45303644886336225, 0.459126106168481, 0.4192166911123925, 0.4722201475184357, 0.4870659424546519, 0.5605772568620191, 0.5181539002636146, 0.5216180421846622, 0.5286844800880669, 0.545174655786855, 0.5121368886622858, 0.529782111078466, 0.5230566405436858, 0.44879547407737963, 0.43816550526352915, 0.46529377158272467, 0.505791503931206, 0.502179929484096, 0.5001333791839688, 0.5052710423975207, 0.5014173775179367, 0.5276795219209275, 0.5002717900277289]}