{"T": 82, "min_window": 24, "significance": 0.05, "n_simulations": 2000, "seed": 42, "critical_values": [-0.029939265499977608, 0.05331696954129886, 0.12156494822954766, 0.1560060585554375, 0.24905083174401588, 0.21664061793830516, 0.3083410191599743, 0.2660093639722625, 0.3366601189165353, 0.28432608177930035, 0.260040694862312, 0.3385736319273586, 0.38920784365598987, 0.3554481521398016, 0.3680331162224401, 0.3959413661727017, 0.39086891626186526, 0.387025367913071, 0.3888327441607025, 0.4420136502259664, 0.40546739912199903, 0.4351922689716811, 0.3617757515677896, 0.38502625884421415, 0.38322855866164485, 0.4306237728496511, 0.40003042565079433, 0.3725706192329376, 0.39012036354496615, 0.40926000410848257, 0.4343219773637081, 0.4246231777096178, 0.39091169055449265, 0.3913483544493626, 0.42708068203217725, 0.4000472615199989, 0.49940220023030407, 0.3820107086796854, 0.40314827000329095, 0.4171043750764786, 0.42573839668932495, 0.4232872797417712, 0.4891492238597316, 0.4283805173542259, 0.4377716073584133, 0.4986598476315042, 0.4937962317328328, 0.4960359082346436, 0.5591558530457692, 0.5379434181786159, 0.5325774152805274, 0.49418417162349465, 0.5108866773187684, 0.5779431274905914, 0.5932745766107027, 0.5795856325179459, 0.569585286028977, 0.5585120687515964, 0.5745634125694622]}