{"T": 82, "min_window": 24, "significance": 0.05, "n_simulations": 100, "seed": 42, "critical_values": [-0.1859444843866093, -0.15481305134386492, -0.11509331268023643, 0.15465534016488774, -0.005874537058546023, 0.17691108365250205, -0.007872040594681001, -0.09859475987459501, -0.14143154544754508, 0.11562157577637602, 0.10195474844410432, -0.04546046388399107, 0.2957595445787706, 0.1606289221497558, 0.21799773918440282, 0.2272704335458758, 0.02515288917287782, 0.28096933319829165, 0.42906170278271116, 0.47435463815081225, 0.48381065951662006, 0.44708997575313364, 0.5321218265381815, 0.6511403991145396, 0.5022224460288092, 0.48644975905940213, 0.5418658864304781, 0.6481348376054649, 0.4233324850456363, 0.41277668939993273, 0.08439296260540707, 0.2197960663047125, 0.16506838345523717, 0.39539270894476, 0.12130685029077308, 0.40692359580190784, 0.1258002870255134, 0.21154520351893033, 0.1638111807337982, 0.12209595031409994, 0.15557144583236238, 0.225159958131706, 0.6013441053336714, 0.29789778935728956, 0.2690338307700901, 0.3602684942880929, 0.32861818972144663, 0.1944069463836444, 0.19670703589759023, 0.31036306351062987, 0.3355793290562287, 0.465305184178875, 0.4069598152580505, 0.21054261478848554, 0.32881888326673175, 0.5210751217000184, 0.43511219699108594, 0.6698930188440438, 0.4611115985745887]}