{"T": 83, "min_window": 30, "significance": 0.05, "n_simulations": 100, "seed": 42, "critical_values": [-0.025621600058993534, 0.034258747520999715, 0.06091345704351451, 0.21542989401064105, 0.20980101678995772, -0.0845774363443091, 0.03646136598173184, 0.14727520635416413, -0.08332162847223923, 0.05582535426082757, -0.17229460978963013, -0.0879983643246568, 0.05674223011168507, 0.569682887107916, 0.7259914043473631, 0.42162231046164084, 0.3684420919882847, 0.36333029683554346, 0.5859561100861324, 0.6705463130953678, 0.46630788225328906, 0.13103404880678207, 0.5081533282817107, 0.22275577825663942, 0.2687485886820982, 0.2067016462016646, 0.1695291605191987, 0.22233659473316278, 0.31575874737891274, 0.3951043904731031, 0.5607131360368401, 0.4661112460576178, 0.39366715593821344, 0.28456202028329414, 0.5009061594071152, 0.6847243288321813, 0.6813112044751684, 0.6670345175276783, 0.6509259337819101, 0.4930890248797593, 0.6854926558088578, 0.7212325802254783, 0.6408873189062706, 0.6752019256870282, 0.7523448549892623, 0.7277381396752636, 0.7059239175604448, 0.5734993322224989, 0.45029345816597977, 0.4486447909823739, 0.5396033245489934, 0.41132781787574063, 0.42604137652930574, 0.715777359840095]}