{"T": 83, "min_window": 24, "significance": 0.05, "n_simulations": 100, "seed": 42, "critical_values": [-0.08743021643457126, -0.0610826373104193, -0.16437261660034536, 0.06097981076997543, 0.044222772813693974, 0.19856239007042786, 0.18652228407567298, 0.22498530054866808, 0.19330453008237394, 0.31135438412902244, 0.22226146247077103, -0.03316257362719989, 0.12147744675532071, 0.14727520635416413, 0.06381239348882317, 0.06481347571563265, -0.11478446247918683, -0.06504859754452585, 0.271483013083712, 0.7358588063663842, 0.7642228241646177, 0.48918484870321277, 0.5047732008415361, 0.6519805005130553, 0.6146077816504453, 0.6705463130953678, 0.5474805837654487, 0.30775928284991483, 0.5081533282817107, 0.27533286312000904, 0.2687485886820982, 0.28597463441517573, 0.2226455869729998, 0.22233659473316278, 0.31575874737891274, 0.3951043904731031, 0.5607131360368401, 0.6285735953372792, 0.4083295745529799, 0.43746308538713335, 0.5299832731349873, 0.6847243288321813, 0.6813112044751684, 0.6670345175276783, 0.6509259337819101, 0.4930890248797593, 0.6854926558088578, 0.7212325802254783, 0.6748977526056138, 0.7346116259059463, 0.8463981995110694, 0.797417963872555, 0.7232274060945357, 0.5734993322224989, 0.45029345816597977, 0.4486447909823739, 0.5396033245489934, 0.4332336255125643, 0.42604137652930574, 0.715777359840095]}