{"T": 84, "min_window": 24, "significance": 0.05, "n_simulations": 100, "seed": 42, "critical_values": [0.3257516124747705, 0.10244667017337442, 0.4082968973794545, 0.3419712649207616, 0.4066526696693356, 0.17571416233553733, 0.08735467367599188, 0.23167229446540966, -0.004706541665130121, -0.015258622937703229, 0.031346572387406436, 0.1582196077254768, 0.3017043322440727, 0.2485535345466063, 0.26882580331893957, 0.37628296981596565, 0.24658201646960345, 0.21417677371828786, 0.43993936780422827, 0.208870571085533, 0.38028024801645444, 0.4886925945896755, 0.24639897864673607, 0.40419547478332585, 0.5066829609869811, 0.35185911294360017, 0.33091571888224935, 0.4646808062536363, 0.42719531395922483, 0.2804458376964826, 0.27913388174421105, 0.19506852676947745, 0.27134951197541585, 0.31212391652982835, 0.2022470441684933, 0.30082304934815224, 0.20146787573122055, 0.13898165637633644, 0.30829650024034677, 0.3223408897533113, 0.6188110938957506, 0.5700012228255265, 0.34959784162097907, 0.5583279091566047, 0.29505701434929904, 0.3873277486254192, 0.49326205517867683, 0.665267744357856, 0.5933856351130089, 0.2844049391244099, 0.3794182765050299, 0.659998881455003, 0.449684380211906, 0.5551630970569557, 0.44186980546528454, 0.35755731322109097, 0.4888340280361603, 0.714453934223488, 0.4340588988592085, 0.4945260524574646, 0.26164360304261725]}