{"T": 85, "min_window": 24, "significance": 0.05, "n_simulations": 100, "seed": 42, "critical_values": [-0.005726489340696519, 0.15977879061701103, 0.21578256553512243, 0.2051756248981826, 0.049959299085176545, 0.1028892743533956, 0.04055073078294291, 0.19621555497122914, -0.16600784524083828, -0.09205981169278431, 0.08084032605913428, 0.21816251900665798, 0.058324175488843034, -0.11423634312254954, 0.12290222422960008, 0.6157082670908297, 0.4835726123637536, 0.6734940278080157, 0.37404708375927287, 0.7215050964471547, 0.7911695211577068, 0.4029865273586501, 0.8137473061480397, 0.6614974206330562, 0.5715790741694201, 0.5324132040936167, 0.4312075218764601, 0.256030064544774, 0.07370379094191697, 0.05973348346054669, 0.09845108546328672, 0.22959411117836373, 0.2806585219105441, 0.22095622958672817, 0.17155918001570147, 0.3002193108850415, 0.1609263963221958, 0.32149320052158403, 0.4367488082417779, 0.4701625489660393, 0.36833713555737113, 0.36519509566750064, 0.3882278704887926, 0.21617375643032544, 0.11346678411112474, 0.12024345305829184, 0.1557440448741804, 0.0890007899389763, 0.12375078331558435, 0.23799908644927575, 0.3720824505766348, 0.42835796140291077, 0.5213565294553317, 0.6663189646857123, 0.8428069074371464, 0.8076974830696304, 0.8872492553290883, 0.47266747769315565, 0.3734782382299755, 0.19529093927911775, 0.47230426177891144, 0.4819091110240504]}