{"T": 85, "min_window": 24, "significance": 0.05, "n_simulations": 2000, "seed": 42, "critical_values": [-0.010077535538951308, 0.03472666687791164, 0.08323977891885953, 0.1421480603210832, 0.10049720401240317, 0.17493056109781494, 0.1865941412214745, 0.2029268688525338, 0.21070973420469769, 0.3051397036298931, 0.38112113752306614, 0.32071508658969433, 0.36301261191267686, 0.34617954439610227, 0.334246718560776, 0.41868893179940814, 0.4011286068408847, 0.4052185269978856, 0.3422490631517809, 0.3296358368476188, 0.4224471322128227, 0.3837331165455578, 0.40207541966114346, 0.3600923978118629, 0.3460606114478274, 0.40522757969463585, 0.4578496206928086, 0.4415887357648174, 0.4685146404110412, 0.4444005761817288, 0.43353814815795383, 0.4467975594273303, 0.4479693683149387, 0.4467846641631938, 0.419206106555085, 0.40571442640710714, 0.42378589941190187, 0.42672779178210607, 0.46210442221344605, 0.41877317073534714, 0.4473325231227571, 0.4217771879012261, 0.4724850056850416, 0.43222274258235205, 0.440067338575388, 0.5030972900345345, 0.4813104183863467, 0.4736106929565078, 0.4201202204366083, 0.45828795006569156, 0.5051891648582713, 0.5027758143634578, 0.4625302194681103, 0.4841861585077943, 0.5493188079305985, 0.5015587778533659, 0.5058319587841102, 0.46776312920626045, 0.47380595653238455, 0.4813679539464359, 0.5663589852109887, 0.5916939496210688]}