{"T": 86, "min_window": 24, "significance": 0.05, "n_simulations": 100, "seed": 42, "critical_values": [-0.0371464348971645, 0.04399873315731894, -0.014160223186869481, 0.18576019923723502, -0.061225654505233804, 0.0932833122904945, 0.06477297068278677, 0.46468080625363417, 0.3321102824530398, 0.44003441148064415, 0.3636098718143567, 0.32973855977882716, 0.4312944199980336, 0.41661807207373996, 0.5095585380700614, 0.46867550816699616, 0.5036422425796597, 0.38285360691098236, 0.3098582203387972, 0.5124796515861731, 0.914739015001026, 0.5589684251389232, 0.8490880018500115, 0.506482488287298, 0.5200659543176501, 0.6594466485470015, 0.24285469818754232, 0.05190376381124003, 0.10107293922648675, 0.12927938664447944, 0.08037292393743677, 0.17288500679888463, 0.22468119437718365, 0.057486984239879274, -0.004131016113530291, -0.028064361318213618, 0.10934894182472396, 0.2904075853817323, 0.20632914159850438, 0.17070155607635423, 0.08606301339998487, 0.11481137597131565, 0.16149782503105972, 0.15314730692906614, 0.09825106247312448, 0.11777346626494331, 0.2635849516289481, 0.2826826647089388, 0.1484516156611881, 0.2487100117879728, 0.4944204056984633, 0.37580109192267264, 0.659480889847756, 0.6843460249576387, 0.7019843086969074, 0.7179671615812043, 0.674391016205781, 0.7745026196463444, 0.8327728937711624, 0.6739709033452194, 0.5882542777244361, 0.6685690571001794, 0.47435003889455185]}