{"T": 87, "min_window": 24, "significance": 0.05, "n_simulations": 100, "seed": 42, "critical_values": [0.1966054240644752, 0.4121105656683017, 0.44621230798602163, 0.42366349936923964, 0.3501481492039507, 0.3399039013466653, 0.2664462144846259, 0.3249218535895794, 0.19961283181555264, -0.11331103476449055, -0.07414048607890215, 0.006938671322407486, 0.1542477705591552, 0.15787423031657322, 0.3004069946396231, 0.5702609249909257, 0.3220421290627346, 0.13950970337794893, 0.5445819309183463, 0.49252047692166967, 0.5343736470519848, 0.4885241447702327, 0.30873723387762697, 0.32172826842716856, 0.37151263255320527, 0.10689927096164539, 0.08375165542707505, 0.25742607685670743, 0.3042845315441643, 0.4267166813859769, 0.47209819361349964, 0.48410092551232664, 0.36102819512530665, 0.5234725001967897, 0.2060333900455964, 0.40496855727338477, 0.3717363984453566, 0.3361435031110285, 0.4293360505991386, 0.3009068713416851, 0.2466474525385508, 0.26619450582756315, 0.26576064517303866, 0.27965051480999026, 0.4830170052696977, 0.36430123128612757, 0.3079803164101516, -0.043774413837304134, -0.056649751695448385, 0.00016281306029377273, 0.07652292410985799, -0.1345086203872631, -0.022251941921788344, 0.09458574724737749, 0.05888872913516021, 0.043406958228485545, 0.19054908105834456, 0.23292436131902014, 0.18477109193840657, 0.16389316878520593, 0.20365724175109456, 0.2047635451483707, 0.12063985431617322, 0.1954689575957785]}