{"T": 88, "min_window": 24, "significance": 0.05, "n_simulations": 2000, "seed": 42, "critical_values": [-0.07114225529985047, 0.017383959853291046, 0.02509665984458438, 0.17592611785077356, 0.20134074594121562, 0.2377323309782914, 0.21195009897191072, 0.2685185155045341, 0.32439006051876607, 0.2300491164358003, 0.23034773171147704, 0.2512435940602898, 0.36470504389962316, 0.3419587957898834, 0.3610758113197755, 0.3831669807542365, 0.3742617434007943, 0.3345709618635569, 0.32591719231544686, 0.330589410454954, 0.31814463078734584, 0.32548718286881073, 0.2857501143048757, 0.3361943730237883, 0.3687596549907776, 0.3452358029596515, 0.33155002632973746, 0.3500903646062798, 0.3627033873210966, 0.3922999703741723, 0.4124679593762602, 0.47143070581249913, 0.45994343545671923, 0.4694181626258864, 0.5020562416403309, 0.5086479000569639, 0.5004543123064259, 0.4528664677150884, 0.5198978277897431, 0.49023690152693306, 0.5016599804578975, 0.5171827695424612, 0.45074544939111943, 0.4573698877395243, 0.4494418396129319, 0.4553322767811347, 0.4123165403184189, 0.42839982014279276, 0.45206637519472403, 0.4241217036827434, 0.40284319862934315, 0.45202063851199303, 0.4971535273058422, 0.5116441165441316, 0.4780653025538535, 0.45156693338428927, 0.5468734393689436, 0.507785588044461, 0.4951504182988834, 0.47263849598933344, 0.4640789929246724, 0.5191384314094964, 0.5454025168106924, 0.5474517987721244, 0.5177549357959608]}