{"T": 88, "min_window": 24, "significance": 0.05, "n_simulations": 100, "seed": 42, "critical_values": [-0.051299381775880996, 0.12397227729231236, -0.009806270818016405, 0.2841936607969128, 0.07696201835045634, -0.016519612825627732, -0.029694828205818098, 0.19124669400872144, 0.35275738193963685, 0.1897570584424671, 0.12171175129068432, 0.04820964733680553, 0.3659396142396746, 0.07886186778010605, 0.07771249491091692, 0.22892750293604847, 0.21654284696097173, -0.007041289257363028, -0.059754911774754574, -0.10213302304448421, -0.010435150046749157, 0.17864141829319943, 0.06736990787299614, 0.29639189844406316, 0.11338504738932166, 0.11926325196997882, 0.10539770995265779, 0.30630401951449326, 0.19055109432801748, 0.18208397453266273, 0.24828145480526526, 0.3583881906483405, 0.3368709654598646, 0.3174989417204982, 0.5643409197205583, 0.34149215563471474, 0.5773820617432348, 0.48763827155562384, 0.10547374582179625, 0.18265225616474867, 0.3849755264920131, 0.32465561357027795, 0.3894393333630035, 0.5242685666131734, 0.4308787626910929, 0.6209785375530604, 0.43135496586913624, 0.30756975936748854, 0.4775518078513374, 0.577286743158501, 0.2626191300663516, 0.3981888777026515, 0.5496257888703527, 0.46001218049162323, 0.4846090403936724, 0.2267477545871621, 0.3868539361641248, 0.415681341741882, 0.43980367883403143, 0.43142651299968304, 0.5875227895828857, 0.7647341801872221, 0.7796596765647609, 0.6269421622333405, 0.7922188870089604]}