{"T": 89, "min_window": 24, "significance": 0.05, "n_simulations": 100, "seed": 42, "critical_values": [0.03810730644307004, 0.2656484433092622, 0.098101383328045, 0.2826796082551778, 0.1910457944967223, 0.17444045353100404, 0.16165900882438608, 0.16455019306329646, 0.03395162392093169, 0.2493047682366669, 0.628966403563874, 0.47551975532301816, 0.584271780045774, 0.4417112746028712, 0.4980032198464878, 0.37033784303277534, 0.34573640409377426, 0.5365643688339969, 0.28504989414346654, 0.2977282426037171, 0.16746912643790884, 0.28058464656299986, 0.24722253313071788, 0.48554869310118787, 0.43144151428955535, 0.5562791881942144, 0.42268510668732795, 0.4506938216086887, 0.2851066599918281, 0.4715826329027701, 0.5561772833258578, 0.5672442696891242, 0.3229541212866529, 0.4494404787725946, 0.1533566622492182, 0.30151903849520506, 0.25320367000448124, 0.20291249190154467, 0.198203794473338, 0.23407848566894066, 0.30354993322075724, 0.08809746585374566, 0.19726648464452817, 0.5770703864376849, 0.4459628127057755, 0.4962054609600841, 0.8342608631578897, 0.7414233591060739, 0.48667936866077977, 0.6002085135970581, 0.4320519672500254, 0.3201331410756262, 0.27804806263422527, 0.19153919648809928, 0.2628048356169232, 0.3822452534067493, 0.21625898015120595, 0.3006761389142464, 0.533794719170147, 0.4344346447536278, 0.3675325455083784, 0.4568588390684532, 0.4937095861869061, 0.7237741405741495, 0.5535135037261234, 0.7297239405757012]}