{"T": 89, "min_window": 24, "significance": 0.05, "n_simulations": 2000, "seed": 42, "critical_values": [0.09357437065704771, 0.0926566606547847, 0.16641081034161362, 0.2068576910321483, 0.2247257494965813, 0.21717385451562574, 0.2076122736114692, 0.2194107825404112, 0.2506132777653571, 0.2511849325580185, 0.24177237239092128, 0.30087670301035924, 0.3308367006737275, 0.3164981744851241, 0.3187028888585199, 0.32788379332204076, 0.3419826249547583, 0.386093864890724, 0.35006533082785446, 0.34113183045040457, 0.3485327415010469, 0.3173694721030689, 0.30846601565035114, 0.38609424840514833, 0.4355218196573391, 0.44378688041816505, 0.41989123668850414, 0.45985909060627767, 0.4622256551952065, 0.40566409553430094, 0.4078834810865992, 0.49972161459054193, 0.4863355688918095, 0.4682955790230297, 0.46865702846509505, 0.42717921952671495, 0.46238244779951165, 0.4110820731501996, 0.4485938305598414, 0.42116270798645666, 0.42334339460423165, 0.5266585690636163, 0.48683206271868873, 0.5777565310351651, 0.5003347051341275, 0.4844082744788534, 0.4739853613884884, 0.4744777958240747, 0.47944635167151, 0.4915257272073679, 0.5008380137439682, 0.5340717772966677, 0.5183975601660789, 0.505558488338888, 0.5245892333611699, 0.5814733016165073, 0.5342330185936274, 0.5311087964507747, 0.5674821150447431, 0.5437356315194937, 0.5375428761540046, 0.5567014786045965, 0.5011136096497294, 0.52936479898996, 0.5064618543058957, 0.5892126338217251]}