{"T": 90, "min_window": 24, "significance": 0.05, "n_simulations": 100, "seed": 42, "critical_values": [-0.13094832951812335, -0.1203758847979152, -0.01678620269926636, -0.29446754946032394, 0.0445194247002816, 0.08119113136871273, 0.16255908062403962, 0.23167229446540966, 0.19760675750266296, 0.36879150813586736, 0.20650161860677815, 0.3579564351341009, 0.2805314487318998, 0.17325872848481735, 0.304096757266511, 0.4708032088196635, 0.2992088697579102, 0.2746371959844771, 0.21867625856428208, 0.17125432053934828, 0.3081920481536024, 0.48437284462700936, 0.31192809025729407, 0.23438142201495, 0.14772502445951177, 0.032770903997491774, 0.147339770454546, 0.0805885542272649, 0.07365068992953504, 0.13720069158314438, 0.07816191611547982, 0.027746578988149116, 0.1702247932298643, 0.15294844546923317, 0.14347896307054092, 0.25593120787065704, 0.16708930425028354, 0.23024627680086285, 0.20462457060732595, 0.19133667669241286, 0.5053277031991752, 0.5044267334323598, 0.5688524547141504, 0.2895611730572515, 0.5565598232187898, 0.4587123631899884, 0.3639438455383568, 0.11751451492233111, 0.1848094976829745, 0.006361707880155695, 0.08760807026727697, -0.051859777563027266, 0.2673334214129667, 0.3228601161570841, 0.3358449559829672, 0.3376380022319673, 0.5632251781201886, 0.5292430263418838, 0.5380063690486003, 0.4428027321329966, 0.3864469162501277, 0.6558603743599639, 0.6171410156197198, 0.6473179995330133, 0.7166938792894892, 0.5146071223877972, 0.5538044514085725]}