{"T": 91, "min_window": 24, "significance": 0.05, "n_simulations": 100, "seed": 42, "critical_values": [0.015460932026925429, -0.16175324192321403, -0.18435248443609764, -0.0733850446865873, 0.017968474252211146, 0.09500613396868413, 0.045144807240444854, 0.28529798728159006, 0.133214815814958, 0.3313232103950992, 0.33734361551902514, 0.38431247134234814, 0.21968196436116136, 0.2599688272174482, 0.1283136423131363, -0.018861197015685137, 0.020577397762121117, -0.06117844174686142, -0.008620671054050268, 0.03697464444314473, 0.03800876623987168, 0.11882532567640357, 0.029062038008802516, 0.15914458201402382, 0.06953833425479279, 0.21247983515206423, 0.13902262422515804, 0.012029613081710022, 0.15050269903483784, 0.1375867802920909, 0.3654934724544245, 0.4604052397263009, 0.554007075423869, 0.4375650414253672, 0.4969746273935202, 0.37240606520504005, 0.8008005728995753, 0.43588956354367103, 0.678866225589526, 0.6530445085192108, 0.6657967345409317, 0.506216897474017, 0.3741482676982518, 0.4495944059963134, 0.5094735931219846, 0.4629019634528456, 0.6073688869059642, 0.6908678642249428, 0.6273164260821694, 0.5010438501331727, 0.5658369734097813, 0.44420684405445937, 0.5117183605265737, 0.5374332636540167, 0.4725600305739012, 0.7824901005631696, 0.5895113346564088, 0.5949336128906418, 0.6144954924605036, 0.6826245754538164, 0.6771487445694719, 0.9251924403440602, 0.5977004239691501, 0.5050400757413908, 0.7514054467189692, 0.7611932853779977, 0.8008530893345581, 0.6228097393116837]}