{"T": 91, "min_window": 24, "significance": 0.05, "n_simulations": 2000, "seed": 42, "critical_values": [0.1306914210772655, 0.10818372906957001, 0.11392255952957403, 0.11566048235498624, 0.09361616043408383, 0.10136485400050037, 0.18837810038812128, 0.23394506602986387, 0.22589432138833943, 0.334468852559456, 0.306759755987621, 0.30630202208720514, 0.2793961548689064, 0.30493460690400803, 0.28500258813136276, 0.22870960754854294, 0.2977657202618891, 0.2751080492514273, 0.31430689130506523, 0.3187634119904709, 0.2793283938738518, 0.2599916541627011, 0.3218656795626564, 0.3256986971442949, 0.2843623375143768, 0.36176596689120966, 0.3156345014058898, 0.35934406414582226, 0.3532831171241991, 0.3363276124220744, 0.3610463543754336, 0.4496623526476755, 0.42412344034490446, 0.42788292658163934, 0.4402275362828033, 0.43712328062573425, 0.5257366035374068, 0.5106789265105561, 0.532673973537238, 0.5689404667018475, 0.5104190214183912, 0.5159733734403861, 0.48560809206469424, 0.4784041688917702, 0.5131351880182854, 0.5196735325621208, 0.5223236125851316, 0.5818026562176769, 0.5977000046664982, 0.5280187394340393, 0.5323403105477266, 0.5202182522161448, 0.505325058132603, 0.5428919698982535, 0.5053609466349734, 0.4889366964302195, 0.5523086264894591, 0.5928538323879355, 0.621399766085824, 0.5996500349743726, 0.5982122146585852, 0.5888987569826343, 0.5760064518335664, 0.5297726098384403, 0.5702473148740104, 0.550209044688979, 0.574525463684498, 0.5564941407107943]}