{"T": 92, "min_window": 24, "significance": 0.05, "n_simulations": 100, "seed": 42, "critical_values": [-0.05110253661898887, -0.08113037659904775, 0.21857254716368782, 0.34634727060407017, 0.31859947108576375, 0.7274871421673631, 0.776677734803976, 0.38402020331889847, 0.5499768045361741, 0.29525834224153075, 0.19062962383955867, 0.33415381743169964, 0.3477492762107411, 0.3067471799228459, 0.4514258378303746, 0.3839657835349025, 0.531137668541156, 0.40136484979414955, 0.23913159342327758, 0.4955767286340448, 0.42178529870231124, 0.38863310008973945, 0.2896553094625774, 0.32144624020829765, 0.5291747318002529, 0.3623582211573837, 0.09622532690732763, 0.14354579180811944, 0.19298917897571505, 0.11226493495111252, -0.04899548510818179, -0.11065796285620415, -0.0327340179826527, 0.010324126011093277, 0.11643844966634141, 0.30831067879146434, 0.24671735412081733, 0.2382806381355597, 0.2631718676403996, 0.32723693511340535, 0.4380028366780019, 0.39749875099293763, 0.17384858388564484, 0.30897827213151224, 0.3907286502814143, 0.4405169321782129, 0.40024395484924674, 0.14806247013600712, 0.44555901436788486, 0.790902545064637, 1.0526099350634759, 0.9107606772461513, 0.495748016753327, 0.34347162147356597, 0.3817937462727297, 0.6495923855336728, 0.5848267887617509, 0.4598361365693391, 0.5250333376654229, 0.4350245815509022, 0.4712227915106282, 0.3385251694288684, 0.3364883538166672, 0.39015327609784095, 0.5018932451843581, 0.3949675567325982, 0.2189137840835633, 0.2775969897311936, 0.26683627541140703]}