{"T": 93, "min_window": 24, "significance": 0.05, "n_simulations": 100, "seed": 42, "critical_values": [0.001996753968394731, 0.0788705887133038, 0.22007762919589458, 0.284257743202529, 0.24744557766342432, 0.2992307318308276, 0.19596903072107902, 0.3231628907886044, 0.05468504930360311, 0.15927146143019769, 0.17332660040963327, 0.2671708742781125, 0.25198436549706005, 0.047082342274308325, 0.32565304377565596, 0.38020719198262787, 0.01883860647518703, -0.006690940090538678, 0.11725853733165705, 0.15732952353208823, 0.254295437185962, 0.10338964421962704, 0.19201673452807738, 0.2473549563789458, 0.06810344986709574, 0.10397662285219586, 0.20194015036009044, 0.2695613778363306, 0.3380685126002724, 0.1223252875496554, 0.36818027493305766, 0.25714284390629927, 0.15836453797598357, 0.23935354683266213, 0.2646416046098747, 0.2104698063867051, 0.19599600035190967, 0.38715019418272395, 0.20785116551604366, 0.3380516518295966, 0.4922486315830098, 0.5077823565544329, 0.27492790063408246, 0.5273449588703578, 0.4192558949774968, 0.4455179715234597, 0.35906769923336157, 0.46554576494001426, 0.5383821242256054, 0.536903738694375, 0.5742544540023857, 0.526511238330304, 0.14917979822046648, 0.31092525109946484, 0.3347530620698011, 0.3653790113399909, 0.4209801982131527, 0.4633417454687946, 0.3217960890495879, 0.7443020903233949, 0.28483907985023893, 0.08263467352154813, 0.17277013684888504, 0.3630010477400137, 0.4016445860999029, 0.31442319235872473, 0.29597934127762243, 0.45340712902983077, 0.6242336511022534, 0.5442936404849352]}