{"T": 93, "min_window": 24, "significance": 0.05, "n_simulations": 2000, "seed": 42, "critical_values": [0.08565861505916289, 0.04852960438812558, 0.17258982892166005, 0.16334207120233818, 0.20143727269452513, 0.2956592931798656, 0.2532171232609614, 0.3000369196190831, 0.2561035299271811, 0.29951355941084457, 0.2887353277158908, 0.284333805347313, 0.29774252279793323, 0.2591078567363371, 0.26351996462622035, 0.3021507295563788, 0.2699640098583438, 0.31471069570939086, 0.2675253347080782, 0.32958889441590955, 0.3256666433683952, 0.36677501030993964, 0.33869828737855606, 0.4118695726534247, 0.3655041701269288, 0.3564348825727039, 0.4243127117358526, 0.4193755745713188, 0.4429400520852553, 0.44609624524443875, 0.441481765211587, 0.4320029572429888, 0.46927696385246676, 0.4333974420791459, 0.41730960581065074, 0.40682184924113096, 0.4241769349977507, 0.4484644410089218, 0.45535227649550664, 0.47097821051577565, 0.47696828376785994, 0.5317507102322019, 0.508680376668557, 0.5727339650018427, 0.5008846862528976, 0.5625455843910602, 0.49853538553231846, 0.5070295094883286, 0.517018950783057, 0.5248468505625918, 0.5550854767461578, 0.5781596422382634, 0.557237212909499, 0.5663657589534024, 0.560515512177916, 0.5702536870710379, 0.528602667110661, 0.5139262644483991, 0.5065236326042585, 0.5151813183181041, 0.48571758011818894, 0.5109325167868839, 0.49122654066378235, 0.48310628243360965, 0.44617990197692303, 0.42935761384279714, 0.4550787704313706, 0.5009067927549362, 0.5245272019673441, 0.5577238895720504]}