{"T": 94, "min_window": 24, "significance": 0.05, "n_simulations": 100, "seed": 42, "critical_values": [0.09798696123798287, 0.06055978970009875, 0.11736454499362853, 0.13543000378550493, 0.5228310605758817, 0.2685270853281766, 0.14373651652328112, 0.17432720385970518, 0.16259179377276242, 0.2034331505787783, 0.1942314488074826, 0.1931047286190446, 0.217132814932208, 0.05682693749711894, 0.05818416690641942, 0.20634450480123873, 0.22378302430035768, 0.007175103640271338, 0.18307921316045697, 0.21384603767916144, 0.44815628731464696, 0.47918744254312357, 0.4510318932937036, 0.5716256744083515, 0.6446385413491691, 0.7277405549540644, 0.6265544795251614, 0.5498354426995826, 0.5526537008273421, 0.7152766533497465, 0.47376490962260137, 0.35687641626376665, 0.28536406589005703, 0.5362016221948284, 0.5633530252989991, 0.5434478518147172, 0.6139323612075129, 0.6597049724834886, 0.5272760075926756, 0.5295400519063117, 0.7890096808481515, 0.7519019143244363, 0.7084415975641924, 0.6888794756768387, 0.7469322081630022, 0.6366416958052542, 0.6181326379629319, 0.7238323034529326, 0.7062652668470685, 0.8363603385317095, 0.6089660968065369, 0.9473569799431127, 0.7465761888954039, 0.398828846647121, 0.2655482392399453, 0.3566563322441716, 0.23455974043828443, 0.3708412310415655, 0.3328868204333206, 0.31400700379100555, 0.29862055183933484, 0.46553135843907656, 0.21596761509326962, 0.394476843781972, 0.38319866565965566, 0.5989073342922929, 0.3711128479873165, 0.17797025916794923, 0.2580357953298539, 0.21943163733964807, 0.13912758400953576]}