{"T": 95, "min_window": 24, "significance": 0.05, "n_simulations": 100, "seed": 42, "critical_values": [-0.05604971804878141, 0.09028571743151478, 0.1696858797946457, 0.07613872039208562, 0.13005241150808444, 0.5256213349040194, 0.44571858388080654, 0.3683933468544558, 0.4977672460039473, 0.3677162942799871, 0.46344364872066635, 0.4481490210657093, 0.37588253608546557, 0.5405802968350982, 0.4629465030318777, 0.38971899907443186, 0.3047311866202305, 0.08538596167384996, 0.30346383801856386, 0.39640568975759755, 0.5053277031991751, 0.33988251913472733, 0.4681188142042173, 0.32163682752066225, 0.05828759684268887, 0.39712682328683613, 0.01722590585553774, -0.00777725399574173, 0.0414219083136256, 0.05870529054651957, 0.09602169168289254, 0.18821604155368907, 0.2530242307468992, 0.2670799521604642, 0.21901956701025074, 0.08185144730424573, -0.11605097464698619, 0.11885591027323648, 0.27197391317573505, 0.4913599977165365, 0.39805307873971046, 0.5883746883923031, 0.2918972757459478, 0.041139222433079395, 0.11261195795625506, 0.10220584426104938, 0.2783010415478638, 0.29997146528380475, 0.2715429609255297, 0.44073615504323493, 0.6204590227222067, 0.7794251381694923, 0.8134185792607318, 0.6796361721757693, 0.6204430879088645, 0.7585003381041363, 0.7937717102827572, 0.566496360852305, 0.534854566414153, 0.5208127194956381, 0.5369249999302013, 0.42757244285631263, 0.6035471650144211, 0.34405318452250905, 0.4927846643274785, 0.36781548780446194, 0.5072686838072921, 0.5166375608622952, 0.6221430653560733, 0.5512483533840605, 0.48723018455053835, 0.5965494164021057]}