{"T": 96, "min_window": 24, "significance": 0.05, "n_simulations": 100, "seed": 42, "critical_values": [-0.2445954964555653, 0.06715063848826323, -0.0668408440947521, -0.22102526371643316, 0.06778381938003215, 0.1990628934465439, 0.20633374583350647, 0.11629502573460246, 0.4467603745267354, 0.26664207213500474, 0.07164620952765052, 0.05772611793644597, 0.30334199635058384, 0.03731157483485473, 0.2654514669312103, 0.3782728758591263, 0.3777202423132735, 0.2341922615943325, 0.2387149282804209, 0.33259242348749235, 0.23154875464927974, 0.5294949000842704, 0.2653297769483671, 0.32005512176996315, 0.33730038573303056, 0.320534255081286, 0.376597053408434, 0.31413660853738085, 0.29857035171418994, 0.3256550292325464, 0.30051828257329266, 0.4188166166808442, 0.2497274805230878, 0.15196870940732646, 0.26197729057970703, 0.1499511210686024, 0.40880140221187194, 0.2657628819149885, 0.40462645040493184, 0.25609840949553603, 0.10011346576158754, 0.319624439557725, 0.1630533298260436, 0.2103119562667413, 0.14852243374680793, 0.20258956801517206, 0.2501423059357737, 0.25680925636997587, 0.1835805752414191, 0.13384169643747099, 0.04054201954131085, 0.3595495384916197, 0.4636076113906226, 0.4204810650426287, 0.13774187584597186, 0.1392601795751671, 0.23795778369703358, 0.41923235361634176, 0.38614358937780097, 0.40348639875775144, 0.5065764118084267, 0.39604874366747017, 0.11419743259479333, 0.37201884017819814, 0.4053223826340229, 0.5176835316755662, 0.3658594640476605, 0.27645101942331696, 0.5071761250024871, 0.33873909647073847, 0.5303226117037647, 0.5315080544125198, 0.3728167458076724]}