{"T": 97, "min_window": 24, "significance": 0.05, "n_simulations": 100, "seed": 42, "critical_values": [-0.02724469644625409, 0.07611330579333397, 0.08541487582974018, -0.02302592274159441, 0.045841519293396776, -0.03835074603665759, 0.09817196717715698, 0.08243701016184245, -0.13391938097729622, 0.20840644084810023, -0.1499782084753724, 0.01485064547425456, 0.09689975621578217, 0.6197339944672483, 0.3027873235477644, 0.3770241497618041, 0.4863861019331756, 0.4323942906952664, 0.3615259222520488, 0.33658336631154157, 0.31133374289145466, 0.4252307383842235, 0.4109713430828456, 0.6984437173916518, 0.3145644345585046, 0.15805693959464254, 0.3043519765189916, 0.44152802724755896, 0.45431029767289244, 0.4361638318361227, 0.6284646925275531, 0.5862323589969881, 0.5210827548369752, 0.5025477235145366, 0.3126116350215693, 0.4300713265563942, 0.3456191450640864, 0.3773800195696614, 0.2721688345008063, 0.5187346977898196, 0.42344305095650725, 0.430008542297842, 0.6041265247841643, 0.508057311609959, 0.6145559311123444, 0.5329383022795965, 0.5572340846216312, 0.4580992392912306, 0.5477222085524264, 0.5157376958102347, 0.7648362852395502, 0.583222552262505, 0.4602896273102485, 0.3846256566575845, 0.2575936530882932, 0.28554771779168253, 0.2283175054141623, 0.4232875977485775, 0.2664507583133961, 0.19465090486116524, 0.1905494980072547, 0.23651850930488075, 0.4997721042134408, 0.12596207532698908, 0.024918144153942657, 0.015026313509953797, 0.14147495039680522, 0.2049254075242727, 0.10201927527250615, 0.18883694532687664, 0.22739754397957934, 0.2797772004607373, 0.36766819130229356, 0.229568073696427]}