{"T": 97, "min_window": 24, "significance": 0.05, "n_simulations": 2000, "seed": 42, "critical_values": [0.03740521635939004, 0.08850576126210934, 0.15789085847062903, 0.17757493005533545, 0.16695061336700537, 0.17347470502442153, 0.1676693672749373, 0.18110963545046468, 0.1969976929554263, 0.24397982397084148, 0.2348361075998839, 0.2316712839984469, 0.2773907048704493, 0.3610726844332509, 0.3071125216483586, 0.3000474382409105, 0.3052371575679274, 0.2868323247317436, 0.3204976455169143, 0.31646220891706217, 0.37368956500141537, 0.3917661803879281, 0.44251176300387546, 0.46967197269111605, 0.4309453827694846, 0.41311667124167456, 0.4188273950531109, 0.4306823938794618, 0.4612872340460929, 0.4672252119978982, 0.46140436450722844, 0.4433612979041053, 0.4584623406126106, 0.4840261258972672, 0.46385239151632457, 0.42258511377572067, 0.4122903878179635, 0.4036342850015788, 0.38032349149280525, 0.4430283059124845, 0.4410414854413537, 0.43546114769274485, 0.472609526721043, 0.4859194419109299, 0.533295028344136, 0.4459692079034351, 0.4601744960583011, 0.4370654932293208, 0.4460582977552477, 0.4519408026149709, 0.5002860072149343, 0.46142801224132984, 0.46595891854257326, 0.5082242496874179, 0.4668268699603284, 0.5133502236364679, 0.5267739811110775, 0.49967329301710267, 0.5722337843662251, 0.552355416137067, 0.5544283477452997, 0.6214349294312728, 0.6216408000253385, 0.6359849322124204, 0.6002449688954321, 0.5938391899082681, 0.5556123613408126, 0.5475309136889589, 0.5056962275884356, 0.5700047416673625, 0.5331267764070803, 0.5749176408798592, 0.6060091829884681, 0.5978874074805594]}