{"T": 98, "min_window": 24, "significance": 0.05, "n_simulations": 100, "seed": 42, "critical_values": [-0.2630605583994024, -0.0058674465102199706, -0.14493033944444106, 0.005701688815795958, 0.04781727703705714, -0.11911591702659323, -0.07112572039522386, 0.20006703613116983, 0.10904893218985144, 0.0060234975837036965, 0.20858285017144587, 0.17214911317356774, 0.21789818110110218, 0.4208904826404649, 0.10452213677889056, 0.07638623177634955, 0.22058915096910414, 0.12144206720595327, 0.4383315033404276, 0.3557791203323835, 0.621192074534257, 0.7133179350258085, 0.30023863428688097, 0.4847708186946327, 0.4491380024341975, 0.3099492546956319, 0.33952870909059485, 0.40038668191561627, 0.3710903514461462, 0.3861063346031014, 0.28286524060556767, 0.37828920801006316, 0.4723790469194152, 0.8043534025564496, 0.7217454956483389, 0.4211245931525338, 0.2547021985920687, 0.5111777413574237, 0.5780256665796326, 0.6180370322171679, 0.42298662207303867, 0.5197876288340959, 0.45506957075540566, 0.5971830023833792, 0.3814720718435142, 0.282980891044929, 0.19573472797771813, 0.15402278708668374, 0.25642711131714585, 0.366594419896227, 0.22903552589857845, 0.37230755207111066, 0.1264375153362779, 0.32585569741004083, 0.3085039553916436, 0.31872202893028767, 0.42897919917547683, 0.6067066408789276, 0.6685445280786866, 0.5058837105499878, 0.6052814313879672, 0.6225530706045028, 0.5373228257672744, 0.5953015064396918, 0.6212160074834432, 0.5477101503834325, 0.6087136575081507, 0.6197078926887889, 0.6819396889566646, 0.9265643156241724, 0.7167556209854629, 0.6495062690078982, 0.7230239061564527, 0.824980826119012, 0.7074014918248056]}