{"T": 99, "min_window": 24, "significance": 0.05, "n_simulations": 100, "seed": 42, "critical_values": [-0.2676035426566155, 0.19064903247286066, 0.20404701721624857, 0.20970610346114316, -0.014729540363222146, 0.12697175603092978, 0.19970118746458346, 0.41429067190353375, 0.2778685582035611, 0.5002653429529149, 0.3367845972156506, 0.3257432112991212, 0.4621686297633554, 0.4598316584440237, 0.3246631041658157, 0.4027389057203546, 0.3406979345584633, 0.2761363227579083, 0.1889267626675952, 0.012209672698804424, -0.01477980651397984, 0.12243190275058809, 0.03509268956868782, 0.13962112938285842, 0.23805945895738573, 0.2302051684151448, 0.1604171528626079, 0.06374240594306704, 0.19143155356351935, 0.3598321261791775, 0.44400583526399845, 0.36150917731451365, 0.48583950916576135, 0.2416752411497538, 0.3030522220699779, 0.21000892612639588, 0.28804173891249785, 0.21040014905596888, 0.1797893470779985, 0.22826963024479108, 0.24520758001732582, 0.20845014093004502, 0.23307692157301588, 0.2642564411366537, 0.20100134214232676, 0.3612482130620388, 0.15504449238075915, 0.18406344694289983, 0.2156898178963768, 0.3072576819049824, 0.16791719409976097, 0.07555369190752166, 0.11874620792600596, 0.12238017534686241, 0.17765951454983608, 0.22260344725828038, 0.213360404004137, 0.3288701378261647, 0.30506276980136954, 0.3727678688144448, 0.2686967646995234, 0.07085100691486089, -0.004087624508975016, 0.27639222452719053, 0.2870944157068338, 0.32446137025644123, 0.10443755253172038, 0.02584457866133435, 0.11387861218138508, -0.056595549283675446, -0.021563195858017428, 0.16187603773800735, 0.34616025819647467, 0.3593877876274426, 0.3694927442993823, 0.08613482794924682]}